mois_non_declares,solde,mois_payes_spontane_dern_seg,anciennete_mois,recence_decl_mois,recence_seg_mois,ecart_mois_decl_vs_seg,regime,centre_impot,segment,activite,RISQUE_BIN
-1.0,1828208.0,2.0,81.0,0.0,0.0,0.0,1,CENTRE PRINCIPAL DES IMPOTS DU LITTORAL 1,J,SERVICES FINANCIERS,0.0
0.0,10065.0,1.0,21.0,0.0,0.0,0.0,1,CENTRE DIVI DES IMPOTS DE DOUALA 5,J,ACTIVITES FOURNIES PRINCIPALEMENT AUX ENTREPRISES,0.0
-1.0,1098510.0,3.0,131.0,0.0,0.0,0.0,1,CENTRE DIV IMPOTS DE DOUALA 3,V,SERV. FOURN. AUX ENTREPRISES,1.0
2.0,8541.0,1.0,19.0,0.0,0.0,0.0,1,CENTRE DIV IMPOTS DE DOUALA 1,J,ACTIVITES FOURNIES PRINCIPALEMENT AUX ENTREPRISES,0.0
-1.0,3358131.0,0.0,84.0,0.0,0.0,0.0,1,DIRECTION DES GRANDES ENTREPRISES,R,EXPLOITATION FORESTIERE,1.0
0.0,1706025.0,0.0,123.0,0.0,0.0,0.0,1,CIME CENTRE DIVISIONAIRE DES IMPÔTS DOUALA 2,R,FABRICATION DE PRODUITS METALLURGIQUES DE BASE ET D'OUVRAGES EN METAUX,1.0
-1.0,162863.0,0.0,39.0,0.0,0.0,0.0,1,CENTRE DIV IMPOTS DE DOUALA 2,R,COMMERCE GENERAL,0.0
-1.0,769576.0,0.0,140.0,0.0,0.0,0.0,1,CENTRE DIV IMPOTS DE DOUALA 10,R,SERV. FOURN. AUX ENTREPRISES,1.0
-1.0,-440.0,3.0,4.0,0.0,0.0,0.0,1,CENTRE DIV IMPOTS DE DOUALA 1,V,ACTIVITES FOURNIES PRINCIPALEMENT AUX ENTREPRISES,0.0
-1.0,23667.0,2.0,5.0,0.0,0.0,0.0,1,CENTRE DIV IMPOTS DE DOUALA 3,J,ACTIVITES D'INFORMATION ET DE TELECOMMUNICATIONS,0.0
0.0,9209.0,2.0,5.0,0.0,0.0,0.0,1,CENTRE DIV IMPOTS DE DOUALA 1,J,ACTIVITES FOURNIES PRINCIPALEMENT AUX ENTREPRISES,0.0
0.0,123226.0,0.0,6.0,0.0,0.0,0.0,1,CENTRE DIV IMPOTS DE DOUALA 1,R,ACTIVITES FOURNIES PRINCIPALEMENT AUX ENTREPRISES,0.0
-1.0,76724.0,0.0,2.0,0.0,0.0,0.0,1,CENTRE DIV IMPOTS DE DOUALA 1,R,"AUTRES ACTIVITES FOURNIES A LA COLLECTIVITE, ACTIVITES SOCIALES ET PERSONNELLES",0.0
-1.0,19600.0,2.0,9.0,0.0,0.0,0.0,1,CENTRE DIV IMPOTS DE DOUALA 1,J,ACTIVITES FOURNIES PRINCIPALEMENT AUX ENTREPRISES,0.0
0.0,152699.0,2.0,62.0,0.0,0.0,0.0,1,CENTRE DIV IMPOTS DE DOUALA 1,J,BATIMENT ET TRAVAUX PUBLICS,1.0
0.0,-152.0,3.0,16.0,0.0,0.0,0.0,1,CENTRE DIV IMPOTS DE DOUALA 2,V,"PROFESSIONS LIBERALES, CABINETS COMPTABLES ET FISCAUX, CONSEILS JURIDIQUES, OFFICIERS MINISTERIELS",0.0
0.0,1040713.0,2.0,156.0,0.0,0.0,0.0,1,CENTRE DIV IMPOTS DE DOUALA 3,J,COMMERCE DE GROS ET DE DETAIL,0.0
0.0,21548.0,2.0,188.0,0.0,0.0,0.0,1,CENTRE DIV IMPOTS DE DOUALA 10,J,VENTE/PRODUCTEUR PHARMACEUTIQUE,0.0
-1.0,90081.0,3.0,24.0,0.0,0.0,0.0,1,CENTRE DIV IMPOTS DE DOUALA 3,V,CONSTRUCTION,1.0
0.0,37016.0,2.0,24.0,0.0,0.0,0.0,1,CENTRE DIV IMPOTS DE DOUALA 3,J,TRANSITAIRES ET AGREES EN DOUANE,0.0
13.0,14250.0,3.0,20.0,0.0,0.0,0.0,1,CENTRE DIV IMPOTS DE DOUALA 1,V,"BATIMENTS ET TRAVAUX PUBLICS : ENTREPRISES GENERALES DE BATIMENT, ENTREPRISES DE PEINTURE, D?INSTALLATIONS SANITAIRES, D?INSTALLATIONS ELECTRIQUES, DE ZINGUERIE, DE PLOMBERIE, DE VITRERIE ; CONSTRUCTION ET ENTRETIEN DES ROUTES, VOIES FERREES, CANALISATION D?EAU (OUVRAGES D?ART EXCLUS)",1.0
-1.0,33907.0,3.0,8.0,0.0,0.0,0.0,1,CENTRE DIV IMPOTS DE DOUALA 1,J,ACTIVITES FOURNIES PRINCIPALEMENT AUX ENTREPRISES,0.0
0.0,38536.0,3.0,18.0,0.0,0.0,0.0,1,CENTRE DIV IMPOTS DE DOUALA 3,V,CONSTRUCTION,1.0
-1.0,10290.0,3.0,7.0,0.0,0.0,0.0,1,CENTRE DIV IMPOTS DE DOUALA 3,J,ACTIVITES FOURNIES PRINCIPALEMENT AUX ENTREPRISES,0.0
0.0,12516.0,2.0,4.0,0.0,0.0,0.0,1,CENTRE DIV IMPOTS DE DOUALA 1,J,TRANSITAIRES ET AGREES EN DOUANE,1.0
-1.0,42910.0,3.0,15.0,0.0,0.0,0.0,1,CENTRE DIV IMPOTS DE DOUALA 3,V,REPARATION DE VEHICULES,1.0
3.0,10126.0,3.0,35.0,0.0,0.0,0.0,1,CENTRE DIV IMPOTS DE DOUALA 2,V,COMMERCE DE GROS ET DE DETAIL,0.0
2.0,424291.0,0.0,39.0,0.0,0.0,0.0,1,CENTRE DIV IMPOTS DE DOUALA 1,R,ACTIVITES FOURNIES PRINCIPALEMENT AUX ENTREPRISES,0.0
-1.0,269096.0,3.0,127.0,0.0,0.0,0.0,1,DIRECTION DES GRANDES ENTREPRISES,V,TRANSITAIRES ET AGREES EN DOUANE,1.0
-1.0,309658.0,3.0,281.0,0.0,0.0,0.0,1,CENTRE DES IMPOTS DES MOYENNES ENTREPRISES DOUALA BONANJO,V,SERV. FOURN. AUX ENTREPRISES,0.0
-1.0,5344947.0,3.0,187.0,0.0,0.0,0.0,1,CENTRE DIV IMPOTS DE DOUALA 1,J,ACTIVITES FOURNIES PRINCIPALEMENT AUX ENTREPRISES,1.0
0.0,-729.0,3.0,261.0,0.0,0.0,0.0,1,CENTRE DES IMPOTS DES MOYENNES ENTREPRISES DOUALA AKWA 1,V,COMMUNICATIONS,0.0
-1.0,27158135.0,3.0,180.0,0.0,0.0,0.0,1,DIRECTION DES GRANDES ENTREPRISES,V,TRANSPORTS MARITIME LONG COURS,1.0
-1.0,99135.0,3.0,79.0,0.0,0.0,0.0,3,CENTRE DIV IMPOTS DE DOUALA 10,J,SERV. FOURN. AUX ENTREPRISES,0.0
-1.0,5422599.0,3.0,15.0,0.0,0.0,0.0,1,CENTRE DIV IMPOTS DE DOUALA 1,V,ACTIVITES FINANCIERES ET D'ASSURANCE,0.0
36.0,176135.0,0.0,50.0,0.0,0.0,0.0,1,CENTRE DIV IMPOTS DE DOUALA 1,R,TRANSPORTS URBAINS,1.0
-1.0,405981.0,0.0,43.0,0.0,0.0,0.0,1,CENTRE DIV IMPOTS DE DOUALA 1,R,COMMERCE DE GROS ET DE DETAIL,0.0
-1.0,2979936.0,0.0,194.0,0.0,0.0,0.0,1,CSPLI CENTRE DIVISIONAIRE DES IMPÔTS DOUALA 1,R,SOINS MEDICAUX d a SERVICES,0.0
1.0,-5.0,1.0,2.0,0.0,0.0,0.0,1,CENTRE DIV IMPOTS DE DOUALA 2,J,ACTIVITES FOURNIES PRINCIPALEMENT AUX ENTREPRISES,0.0
-1.0,58874.0,1.0,13.0,0.0,0.0,0.0,1,CENTRE DIV IMPOTS DE DOUALA 2,J,TRANSPORTS ROUTIERS DE MARCHANDISES OU DE VOYAGEURS,1.0
-1.0,214618.0,0.0,43.0,0.0,0.0,0.0,1,CENTRE DES IMPOTS DES MOYENNES ENTREPRISES DOUALA AKWA 1,R,TRANSPORTS PAR CAMIONS,1.0
0.0,284759.0,1.0,14.0,0.0,0.0,0.0,1,CENTRE DIV IMPOTS DE DOUALA 1,J,CONSTRUCTION,1.0
-1.0,1517129.0,3.0,69.0,0.0,0.0,0.0,1,CIME CENTRE DIV DES IMPOTS DE YAOUNDE 1,J,BATIMENT ET TRAVAUX PUBLICS,1.0
-1.0,19256978.0,3.0,48.0,0.0,0.0,0.0,1,DIRECTION DES GRANDES ENTREPRISES,V,BANQUE ET ETABLISSEMENTS FINANCIERS,0.0
-1.0,3897394.0,0.0,93.0,0.0,0.0,0.0,1,CENTRE DIV IMPOTS DE DOUALA 2,R,REPARATION MOTEUR MECANIQUE GENER.,1.0
-1.0,4274658.0,3.0,219.0,0.0,0.0,0.0,1,CIME CENTRE DIVISIONAIRE DES IMPÔTS DOUALA 1,V,TRAVAIL DES GRAINS,1.0
0.0,75149.0,3.0,89.0,0.0,0.0,0.0,1,CENTRE PRINCIPAL DES IMPOTS DU LITTORAL 1,V,COMMUNICATIONS,0.0
-1.0,293875.0,0.0,68.0,0.0,0.0,0.0,1,CENTRE DIV IMPOTS DE DOUALA 13,R,"S.FOURN.COLLEC, S.SOCIAUX sPERSONNELS",0.0
-1.0,53503.0,3.0,27.0,0.0,0.0,0.0,1,CENTRE DIV IMPOTS DE DOUALA 2,V,"BATIMENTS ET TRAVAUX PUBLICS : ENTREPRISES GENERALES DE BATIMENT, ENTREPRISES DE PEINTURE, D?INSTALLATIONS SANITAIRES, D?INSTALLATIONS ELECTRIQUES, DE ZINGUERIE, DE PLOMBERIE, DE VITRERIE ; CONSTRUCTION ET ENTRETIEN DES ROUTES, VOIES FERREES, CANALISATION D?EAU (OUVRAGES D?ART EXCLUS)",1.0
-1.0,63345343.0,3.0,607.0,0.0,0.0,0.0,1,DIRECTION DES GRANDES ENTREPRISES,V,EXTRACTION DES PRODUITS DES HYDROCARBURES ET D'AUTRES PRODUITS ENERGETIQUES,1.0
1.0,5974333.0,3.0,262.0,0.0,0.0,0.0,1,DIRECTION DES GRANDES ENTREPRISES,V,FAB. DIVERS DERIVES DU PETROLE c,1.0
-1.0,34462777.0,3.0,114.0,0.0,0.0,0.0,1,DIRECTION DES GRANDES ENTREPRISES,V,COMMERCE DE GROS ET DE DETAIL,1.0
1.0,24924.0,2.0,16.0,0.0,0.0,0.0,1,CENTRE DIV IMPOTS DE DOUALA 1,J,ACTIVITES FOURNIES PRINCIPALEMENT AUX ENTREPRISES,0.0
2.0,-9.0,3.0,26.0,0.0,0.0,0.0,1,CENTRE DIV IMPOTS DE DOUALA 2,V,COMMERCE DE GROS ET DE DETAIL,1.0
-1.0,71737.0,3.0,8.0,0.0,0.0,0.0,1,CENTRE DIV IMPOTS DE DOUALA 1,J,ACTIVITES FOURNIES PRINCIPALEMENT AUX ENTREPRISES,0.0
1.0,333885.0,0.0,50.0,0.0,0.0,0.0,2,CENTRE DIV IMPOTS DE DOUALA 1,R,SERV. FOURN. AUX ENTREPRISES,0.0
-1.0,0.0,1.0,1.0,0.0,0.0,0.0,1,CENTRE DIV IMPOTS DE DOUALA 2,V,COMMERCE DE GROS ET DE DETAIL,1.0
-1.0,44915.0,2.0,51.0,0.0,0.0,0.0,1,CENTRE DIV IMPOTS DE DOUALA 13,J,SERV. FOURN. AUX ENTREPRISES,1.0
-1.0,3300351.0,2.0,111.0,0.0,0.0,0.0,1,CENTRE DIV IMPOTS DE DOUALA 2,J,SERVICES TRAITEMENT t DONNEES,0.0
0.0,-2077.0,3.0,22.0,0.0,0.0,0.0,1,CENTRE DIV IMPOTS DE DOUALA 2,V,"FABRICATION DE MACHINES, D'APPAREILS ELECTRIQUES ET MATERIELS N.C.A",1.0
-1.0,212662.0,3.0,49.0,0.0,0.0,0.0,1,CENTRE DIV IMPOTS DE DOUALA 1,V,COMMERCE GENERAL,0.0
7.0,1294982.0,1.0,32.0,0.0,0.0,0.0,1,CENTRE DIV IMPOTS DE DOUALA 1,J,ACTIVITES FOURNIES PRINCIPALEMENT AUX ENTREPRISES,0.0
-1.0,856910.0,2.0,36.0,0.0,0.0,0.0,1,CENTRE DIV IMPOTS DE DOUALA 1,J,ACTIVITES FINANCIERES ET D'ASSURANCE,0.0
0.0,-31.0,3.0,120.0,0.0,0.0,0.0,1,DIRECTION DES GRANDES ENTREPRISES,V,ACTIVITES FOURNIES PRINCIPALEMENT AUX ENTREPRISES,1.0
-1.0,68500.0,2.0,2.0,0.0,0.0,0.0,1,CENTRE DIV IMPOTS DE DOUALA 2,V,ACTIVITES FOURNIES PRINCIPALEMENT AUX ENTREPRISES,0.0
0.0,1721754.0,1.0,23.0,0.0,0.0,0.0,1,CENTRE DES IMPOTS DES MOYENNES ENTREPRISES DOUALA AKWA 1,J,TRANSITAIRES ET AGREES EN DOUANE,1.0
1.0,709365.0,2.0,46.0,0.0,0.0,0.0,1,CENTRE DIV IMPOTS DE DOUALA 1,J,SERVICES PERSONNELS N.C.A,0.0
-1.0,276824.0,2.0,55.0,0.0,0.0,0.0,1,CENTRE DIV IMPOTS DE DOUALA 1,J,SERVICES FINANCIERS,0.0
-1.0,-536712.0,3.0,58.0,0.0,0.0,0.0,1,CENTRE DIV IMPOTS DE DOUALA 1,J,SERVICES FINANCIERS,0.0
-1.0,95204.0,3.0,83.0,0.0,0.0,0.0,1,CENTRE DIV IMPOTS DE DOUALA 1,V,ACHETEUR PRODUITS CRUS INDETERMINES,0.0
-1.0,446840.0,3.0,25.0,0.0,0.0,0.0,1,CENTRE DIV IMPOTS DE DOUALA 1,J,COMMERCE DE GROS ET DE DETAIL,1.0
0.0,202189640.0,0.0,184.0,0.0,0.0,0.0,1,CSPLI CENTRE DIVISIONAIRE DES IMPÔTS DOUALA 1,R,SERV. FOURN. AUX ENTREPRISES,1.0
-1.0,651972.0,3.0,31.0,0.0,0.0,0.0,1,CENTRE DIV IMPOTS DE DOUALA 1,J,"BATIMENTS ET TRAVAUX PUBLICS : ENTREPRISES GENERALES DE BATIMENT, ENTREPRISES DE PEINTURE, D?INSTALLATIONS SANITAIRES, D?INSTALLATIONS ELECTRIQUES, DE ZINGUERIE, DE PLOMBERIE, DE VITRERIE ; CONSTRUCTION ET ENTRETIEN DES ROUTES, VOIES FERREES, CANALISATION D?EAU (OUVRAGES D?ART EXCLUS)",1.0
0.0,53875.0,0.0,9.0,0.0,0.0,0.0,2,CENTRE DIV IMPOTS DE DOUALA 3,R,"AGRICULTURE ET ENTREPRISES AGRO-PASTORALES, HORTICULTURE, SYLVICULTURE",0.0
0.0,-63.0,3.0,22.0,0.0,0.0,0.0,1,CENTRE DIV IMPOTS DE DOUALA 1,V,ACTIVITES FOURNIES PRINCIPALEMENT AUX ENTREPRISES,0.0
-1.0,256525.0,3.0,87.0,0.0,0.0,0.0,1,DIRECTION DES GRANDES ENTREPRISES,V,COMMERCE GENERAL,0.0
0.0,116963.0,0.0,3.0,0.0,0.0,0.0,1,CENTRE DIV IMPOTS DE DOUALA 6,R,ACTIVITES FOURNIES PRINCIPALEMENT AUX ENTREPRISES,0.0
-1.0,3704488.0,3.0,72.0,0.0,0.0,0.0,1,CIME CENTRE DIVISIONAIRE DES IMPÔTS DOUALA 2,J,"IMPORTATEUR COMMERCE GENERAL,PRODUITS INDETERMINES",0.0
-1.0,288183.0,2.0,47.0,0.0,0.0,0.0,1,DIRECTION DES GRANDES ENTREPRISES,J,SERV. FOURN. AUX PARTICULIERS m,1.0
-1.0,1451508.0,3.0,53.0,0.0,0.0,0.0,1,DIRECTION DES GRANDES ENTREPRISES,V,"INDUSTRIE DU LAIT, DES FRUITS ET LEGUMES ET AUTRES PRODUITS ALIMENTAIRES",0.0
0.0,85077.0,2.0,36.0,0.0,0.0,0.0,1,CENTRE DIV IMPOTS DE DOUALA 2,J,COMMERCE GENERAL,0.0
-1.0,241296825.0,3.0,785.0,0.0,0.0,0.0,1,DIRECTION DES GRANDES ENTREPRISES,V,TRANSITAIRES ET AGREES EN DOUANE,1.0
1.0,22554.0,0.0,3.0,0.0,0.0,0.0,1,CENTRE DES IMPOTS DES MOYENNES ENTREPRISES DOUALA AKWA 2,R,TRANSPORTS URBAINS,1.0
-1.0,615412.0,3.0,111.0,0.0,0.0,0.0,1,CIME CENTRE DIVISIONAIRE DES IMPÔTS DOUALA 1,V,"BATIMENTS ET TRAVAUX PUBLICS : ENTREPRISES GENERALES DE BATIMENT, ENTREPRISES DE PEINTURE, D?INSTALLATIONS SANITAIRES, D?INSTALLATIONS ELECTRIQUES, DE ZINGUERIE, DE PLOMBERIE, DE VITRERIE ; CONSTRUCTION ET ENTRETIEN DES ROUTES, VOIES FERREES, CANALISATION D?EAU (OUVRAGES D?ART EXCLUS)",1.0
-1.0,131913.0,0.0,36.0,0.0,0.0,0.0,1,CENTRE DIV IMPOTS DE DOUALA 1,R,SERV. FOURN. AUX ENTREPRISES,0.0
0.0,91682.0,0.0,61.0,0.0,0.0,0.0,1,CENTRE DIV IMPOTS DE DOUALA 1,R,COMMERCE GENERAL,0.0
5.0,2094813512.0,3.0,438.0,0.0,0.0,0.0,1,DIRECTION DES GRANDES ENTREPRISES,J,ENTREPRISES DE GARDIENNAGE ET DE SURVEILLANCE ;,1.0
-1.0,52347.0,2.0,113.0,0.0,0.0,0.0,1,CENTRE DIV IMPOTS DE DOUALA 1,J,SERV. FOURN. AUX ENTREPRISES,0.0
0.0,171665.0,3.0,94.0,0.0,0.0,0.0,1,CENTRE DIV IMPOTS DE DOUALA 1,V,TRANSITAIRE ET AUXILIAIRES DES TRANSPORTS,1.0
0.0,10138.0,2.0,171.0,0.0,0.0,0.0,1,CSPLI CENTRE DIVISIONAIRE DES IMPÔTS DOUALA 1,J,ACTIVITES RELEVANT LA PECHE NON CLASSEES,1.0
0.0,493825.0,0.0,204.0,0.0,0.0,0.0,1,CENTRE DIV IMPOTS DE DOUALA 10,R,BATIMENT ET TRAVAUX PUBLICS,1.0
0.0,210164.0,1.0,257.0,0.0,0.0,0.0,1,CIME CENTRE DIVISIONAIRE DES IMPÔTS DOUALA 1,J,SERV. FOURN. AUX ENTREPRISES,0.0
-1.0,76399.0,3.0,40.0,0.0,0.0,0.0,1,CENTRE DIV IMPOTS DE DOUALA 1,V,CONSEIL JURIDIQUE,0.0
0.0,-599.0,3.0,333.0,0.0,0.0,0.0,1,CIME CENTRE DIVISIONAIRE DES IMPÔTS DOUALA 1,V,SERV. FOURN. AUX ENTREPRISES,1.0
0.0,10414.0,3.0,18.0,0.0,0.0,0.0,1,CENTRE DIV IMPOTS DE DOUALA 3,V,TOUS TRAVAUX DE MANUTENTION,1.0
-1.0,265781.0,3.0,776.0,0.0,0.0,0.0,1,CENTRE DES IMPOTS DES PROFESSIONS LIBERALES DOUALA,V,ACTIVITES IMMOBILIERES,0.0
-1.0,3217492.0,3.0,20.0,0.0,0.0,0.0,1,CENTRE DIV IMPOTS DE DOUALA 1,V,ACTIVITES FOURNIES PRINCIPALEMENT AUX ENTREPRISES,0.0
0.0,-1000.0,3.0,10.0,0.0,0.0,0.0,1,CENTRE DIV IMPOTS DE DOUALA 1,V,REPARATION ET INSTALLATION DES MACHINES ET EQUIPEMENTS,1.0
0.0,282188.0,2.0,45.0,0.0,0.0,0.0,1,CENTRE DES IMPOTS DES MOYENNES ENTREPRISES DOUALA BONANJO,J,BATIMENT ET TRAVAUX PUBLICS,1.0
-1.0,2474849.0,3.0,72.0,0.0,0.0,0.0,1,CENTRE DES IMPOTS DES MOYENNES ENTREPRISES DOUALA BONANJO,V,"HOTELS, HOTELS MEUBLES e ANALOGUES",0.0
-1.0,5386891.0,2.0,485.0,0.0,0.0,0.0,1,CENTRE DIV IMPOTS DE DOUALA 3,J,ACTIVITES FINANCIERES ET D'ASSURANCE,0.0
0.0,34254.0,2.0,41.0,0.0,0.0,0.0,1,CENTRE DIV IMPOTS DE DOUALA 3,J,SERV. FOURN. AUX ENTREPRISES,1.0
-1.0,31475.0,3.0,11.0,0.0,0.0,0.0,1,CENTRE DIV IMPOTS DE DOUALA 1,V,"BATIMENTS ET TRAVAUX PUBLICS : ENTREPRISES GENERALES DE BATIMENT, ENTREPRISES DE PEINTURE, D?INSTALLATIONS SANITAIRES, D?INSTALLATIONS ELECTRIQUES, DE ZINGUERIE, DE PLOMBERIE, DE VITRERIE ; CONSTRUCTION ET ENTRETIEN DES ROUTES, VOIES FERREES, CANALISATION D?EAU (OUVRAGES D?ART EXCLUS)",1.0
-1.0,371754.0,2.0,39.0,0.0,0.0,0.0,1,CENTRE DIV IMPOTS DE DOUALA 1,J,DETAILLANT ARTICLE D'ARTISANAT LOCAL,0.0
-1.0,523137.0,3.0,45.0,0.0,0.0,0.0,1,DIRECTION DES GRANDES ENTREPRISES,V,COMMERCE GENERAL,0.0
1.0,167755.0,0.0,17.0,0.0,0.0,0.0,1,CENTRE DIV IMPOTS DE DOUALA 1,R,TRANSPORTS ROUTIERS DE MARCHANDISES OU DE VOYAGEURS,1.0
-1.0,26876.0,3.0,7.0,0.0,0.0,0.0,1,CIME CENTRE DIVISIONAIRE DES IMPÔTS DOUALA 1,V,REPARATION ET INSTALLATION DES MACHINES ET EQUIPEMENTS,1.0
-1.0,19540.0,3.0,32.0,0.0,0.0,0.0,1,CENTRE DIV IMPOTS DE DOUALA 1,V,COMMERCE GENERAL,0.0
-1.0,1571886.0,3.0,76.0,0.0,0.0,0.0,1,CENTRE PRINCIPAL DES IMPOTS DU LITTORAL 1,J,TRANSPORTS AERIENS,0.0
0.0,-5240.0,3.0,76.0,0.0,0.0,0.0,1,CENTRE DIV IMPOTS DE DOUALA 10,V,AUTRES S. SOC. c FOURN A LA COLLEC,0.0
-1.0,5277595.0,3.0,253.0,0.0,0.0,0.0,1,CIME CENTRE DIVISIONAIRE DES IMPÔTS DOUALA 1,V,TRANSITAIRE ET AUXILIAIRES DES TRANSPORTS,1.0
0.0,-656.0,2.0,23.0,0.0,0.0,0.0,1,CENTRE DIV IMPOTS DE DOUALA 6,J,"AUTRES ACTIVITES FOURNIES A LA COLLECTIVITE, ACTIVITES SOCIALES ET PERSONNELLES",0.0
-1.0,110900.0,3.0,9.0,0.0,0.0,0.0,1,CENTRE DIV IMPOTS DE DOUALA 1,V,COMMERCE DE GROS ET DE DETAIL,1.0
0.0,6970.0,3.0,19.0,0.0,0.0,0.0,1,CENTRE DIV IMPOTS DE DOUALA 3,V,ACTIVITES IMMOBILIERES,0.0
-1.0,-56860.0,2.0,190.0,0.0,0.0,0.0,1,CSPLI CENTRE DIVISIONAIRE DES IMPÔTS DOUALA 1,J,TRANSPORTS PAR LA VOIE TERRESTRE,1.0
-1.0,623188.0,3.0,348.0,0.0,0.0,0.0,1,CENTRE DES IMPOTS DES MOYENNES ENTREPRISES DOUALA AKWA 1,V,AUTRES S. SOC. c FOURN A LA COLLEC,1.0
6.0,0.0,3.0,101.0,0.0,0.0,0.0,1,CSPLI CENTRE DIVISIONAIRE DES IMPÔTS DOUALA 1,J,SERV. FOURN. AUX ENTREPRISES,0.0
11.0,-1375.0,3.0,326.0,0.0,0.0,0.0,1,CSPLI CENTRE DIVISIONAIRE DES IMPÔTS DOUALA 1,V,SERV. FOURN. AUX ENTREPRISES,0.0
-1.0,8557239.0,3.0,247.0,0.0,0.0,0.0,1,nan,V,TRANSPORTS MARITIME LONG COURS,1.0
-1.0,18017.0,3.0,231.0,0.0,0.0,0.0,1,CIME CENTRE DIVISIONAIRE DES IMPÔTS DOUALA 1,V,COMMERCE DE GROS,0.0
-1.0,-18636.0,0.0,34.0,0.0,0.0,0.0,1,CENTRE DES IMPOTS DES MOYENNES ENTREPRISES DOUALA AKWA 1,R,COMMUNICATIONS,0.0
0.0,34268.0,3.0,3.0,0.0,0.0,0.0,1,CENTRE DIV IMPOTS DE DOUALA 1,J,TRANSITAIRES ET AGREES EN DOUANE,1.0
0.0,180524.0,0.0,23.0,0.0,0.0,0.0,1,CENTRE DIV IMPOTS DE DOUALA 1,R,ACTIVITES FOURNIES PRINCIPALEMENT AUX ENTREPRISES,1.0
-1.0,20042399.0,0.0,159.0,0.0,0.0,0.0,1,CENTRE DES IMPOTS DES MOYENNES ENTREPRISES YAOUNDE EST,R,"INSTALLATION RESEAUX ELECTRIQUE, TELEPHONIQUE,",1.0
0.0,107617.0,2.0,39.0,0.0,0.0,0.0,1,CENTRE DIV IMPOTS DE DOUALA 2,J,BATIMENT ET TRAVAUX PUBLICS,1.0
-1.0,46655.0,2.0,41.0,0.0,0.0,0.0,9,CENTRE DIV IMPOTS DE DOUALA 2,J,nan,0.0
-1.0,820335.0,0.0,139.0,0.0,0.0,0.0,1,CENTRE DIV IMPOTS DE DOUALA 3,R,ACTIVITES FOURNIES PRINCIPALEMENT AUX ENTREPRISES,0.0
0.0,8279.0,2.0,57.0,0.0,0.0,0.0,1,CENTRE PRINCIPAL DES IMPOTS DU LITTORAL 1,J,ELEVAGE N.C.A,0.0
2.0,9367808.0,3.0,70.0,0.0,0.0,0.0,1,CENTRE DIV IMPOTS DE DOUALA 1,J,INDUSTRIES MANUFACTURIERES,1.0
0.0,0.0,3.0,7.0,0.0,0.0,0.0,1,CIME CENTRE DIVISIONAIRE DES IMPÔTS DOUALA 2,V,ACTIVITES FOURNIES PRINCIPALEMENT AUX ENTREPRISES,0.0
0.0,1074.0,3.0,6.0,0.0,0.0,0.0,1,CENTRE DIV IMPOTS DE DOUALA 2,J,COMMERCE DE GROS ET DE DETAIL,1.0
-1.0,42949.0,3.0,6.0,0.0,0.0,0.0,1,CENTRE DIV IMPOTS DE DOUALA 4,V,FABRICATION DE PRODUITS CHIMIQUES ET PHARMACEUTIQUES,1.0
-1.0,27197189.0,3.0,747.0,0.0,0.0,0.0,1,CIME CENTRE DIVISIONAIRE DES IMPÔTS DOUALA 1,V,"TRANSPORT AERIEN, SECURITE ET NAVIGATION AERIENNES",1.0
0.0,21034.0,1.0,26.0,0.0,0.0,0.0,1,CENTRE DIV IMPOTS DE DOUALA 7,J,CONSEILS JURIDIQUES,0.0
-1.0,487678.0,0.0,19.0,0.0,0.0,0.0,1,CENTRE DES IMPOTS DES MOYENNES ENTREPRISES DOUALA AKWA 1,R,"TRANSPORT AERIEN, SECURITE ET NAVIGATION AERIENNES",1.0
-1.0,-1361337.0,2.0,43.0,0.0,0.0,0.0,1,DIRECTION DES GRANDES ENTREPRISES,J,ACTIVITES FOURNIES PRINCIPALEMENT AUX ENTREPRISES,1.0
2.0,1944621.0,3.0,83.0,0.0,0.0,0.0,1,CSPLI CENTRE DIVISIONAIRE DES IMPÔTS DOUALA 1,V,SERV. FOURN. AUX ENTREPRISES,0.0
-1.0,1549287.0,0.0,134.0,0.0,0.0,0.0,1,CIME CENTRE DIVISIONAIRE DES IMPÔTS DOUALA 2,R,TRANSITAIRES ET AGREES EN DOUANE,1.0
-1.0,9224.0,3.0,43.0,0.0,0.0,0.0,1,CENTRE DIV IMPOTS DE DOUALA 2,J,COMMERCE GENERAL,0.0
-1.0,11894.0,3.0,62.0,0.0,0.0,0.0,1,CENTRE PRINCIPAL DES IMPOTS DU LITTORAL 1,V,COMMERCE GENERAL,0.0
-1.0,-1.0,2.0,0.0,0.0,0.0,0.0,1,CENTRE DIV IMPOTS DE DOUALA 3,R,ASSISTANCE TECHNOLOGIQUE AUX ENTREPRISES,0.0
0.0,-159.0,3.0,10.0,0.0,0.0,0.0,1,CENTRE DIV IMPOTS DE DOUALA 1,V,ACTIVITES FOURNIES PRINCIPALEMENT AUX ENTREPRISES,0.0
-1.0,2240084.0,0.0,73.0,0.0,0.0,0.0,1,CENTRE PRINCIPAL DES IMPOTS DU LITTORAL 1,R,ENTREPRISES DE GARDIENNAGE ET DE SURVEILLANCE ;,0.0
-1.0,357151.0,2.0,66.0,0.0,0.0,0.0,1,CENTRE DIV IMPOTS DE DOUALA 1,J,ACHETEUR DE CACAO,0.0
-1.0,-140.0,3.0,282.0,0.0,0.0,0.0,1,CENTRE DIV IMPOTS DE DOUALA 1,V,ASSURANCES,0.0
2.0,28367.0,3.0,18.0,0.0,0.0,0.0,1,CENTRE DIV IMPOTS DE DOUALA 1,V,ACTIVITES FOURNIES PRINCIPALEMENT AUX ENTREPRISES,0.0
0.0,6758566.0,2.0,303.0,0.0,0.0,0.0,1,DIRECTION DES GRANDES ENTREPRISES,J,ASSURANCES,0.0
0.0,47935.0,3.0,267.0,0.0,0.0,0.0,1,CENTRE DIV IMPOTS DE DOUALA 1,V,COMMERCE GENERAL,0.0
-1.0,756472.0,3.0,5.0,0.0,0.0,0.0,1,CENTRE DES IMPOTS DES MOYENNES ENTREPRISES DOUALA AKWA 1,V,ACTIVITES FINANCIERES ET D'ASSURANCE,0.0
-1.0,70198.0,3.0,92.0,0.0,0.0,0.0,1,CENTRE DIV IMPOTS DE DOUALA 1,J,COMMERCE GENERAL,0.0
1.0,11496.0,1.0,10.0,0.0,0.0,0.0,1,CENTRE DIV IMPOTS DE DOUALA 3,J,ACTIVITES D'INFORMATION ET DE TELECOMMUNICATIONS,0.0
-1.0,358907.0,3.0,101.0,0.0,0.0,0.0,1,CSPLI CENTRE DIVISIONAIRE DES IMPÔTS DOUALA 1,V,SERV. FOURN. AUX ENTREPRISES,0.0
0.0,51870.0,3.0,15.0,0.0,0.0,0.0,1,CIME CENTRE DIVISIONAIRE DES IMPÔTS DOUALA 1,V,"FABRICATION DE PAPIER, CARTON ET D'ARTICLES EN PAPIER OU EN CARTON, IMPRIMERIE ET REPRODUCTION",1.0
0.0,10934256.0,0.0,205.0,0.0,0.0,0.0,1,DIRECTION DES GRANDES ENTREPRISES,R,COMMERCE DE GROS ET DE DETAIL,1.0
-1.0,144527.0,2.0,51.0,0.0,0.0,0.0,1,CENTRE DIV IMPOTS DE DOUALA 11,J,SERV. FOURN. AUX ENTREPRISES,1.0
-1.0,20716.0,1.0,2.0,0.0,0.0,0.0,1,CENTRE DES IMPOTS DES MOYENNES ENTREPRISES DOUALA AKWA 2,J,ACTIVITES FINANCIERES ET D'ASSURANCE,0.0
-1.0,88767.0,0.0,6.0,0.0,0.0,0.0,1,CENTRE DIV IMPOTS DE DOUALA 3,R,"BATIMENTS ET TRAVAUX PUBLICS : ENTREPRISES GENERALES DE BATIMENT, ENTREPRISES DE PEINTURE, D?INSTALLATIONS SANITAIRES, D?INSTALLATIONS ELECTRIQUES, DE ZINGUERIE, DE PLOMBERIE, DE VITRERIE ; CONSTRUCTION ET ENTRETIEN DES ROUTES, VOIES FERREES, CANALISATION D?EAU (OUVRAGES D?ART EXCLUS)",1.0
-1.0,19540.0,3.0,32.0,0.0,0.0,0.0,1,CENTRE DIVI DES IMPOTS DE DOUALA 5,V,COMMERCE GENERAL,0.0
-1.0,1192.0,3.0,27.0,0.0,0.0,0.0,9,CENTRE DIV IMPOTS DE DOUALA 1,V,nan,0.0
-1.0,74582.0,2.0,3.0,0.0,0.0,0.0,1,CENTRE DIV IMPOTS DE DOUALA 1,J,AGENCES DE VOYAGE,0.0
-1.0,147029.0,3.0,69.0,0.0,0.0,0.0,1,CENTRE DIV IMPOTS DE DOUALA 1,V,COMMERCE GENERAL,0.0
0.0,2589750.0,2.0,559.0,0.0,0.0,0.0,3,CENTRE DIV IMPOTS DE DOUALA 2,J,ENSEIGNEMENT,0.0
0.0,92440.0,3.0,34.0,0.0,0.0,0.0,1,CENTRE DES IMPOTS DES MOYENNES ENTREPRISES DOUALA AKWA 1,V,SERV. FOURN. AUX ENTREPRISES,1.0
0.0,291783.0,3.0,31.0,0.0,0.0,0.0,1,CENTRE DIV IMPOTS DE DOUALA 1,J,ACTIVITES FINANCIERES ET D'ASSURANCE,0.0
-1.0,31299.0,3.0,57.0,0.0,0.0,0.0,1,CENTRE DIV IMPOTS DE DOUALA 10,J,"GROSSITE COMMERCE GENERAL,PRODUITS INDETERMINES",1.0
-1.0,244471.0,1.0,28.0,0.0,0.0,0.0,1,CENTRE DIV IMPOTS DE DOUALA 1,J,TRANSPORTS ROUTIERS DE MARCHANDISES OU DE VOYAGEURS,1.0
4.0,-98416.0,1.0,120.0,0.0,0.0,0.0,1,CENTRE DIV IMPOTS DE DOUALA 10,J,RESTAURANTS ET DEBITS DE BOISSONS,0.0
-1.0,193527.0,3.0,43.0,0.0,0.0,0.0,1,CENTRE DIV IMPOTS DE DOUALA 1,J,"EXPORT-IMPORT VEHICULES, ENGINS, PNEU",0.0
0.0,1364.0,2.0,1.0,0.0,0.0,0.0,1,CENTRE DIV IMPOTS DE DOUALA 2,R,COMMERCE DE GROS ET DE DETAIL,1.0
0.0,-301.0,3.0,39.0,0.0,0.0,0.0,1,CENTRE DIV IMPOTS DE DOUALA 1,J,SERV. FOURN. AUX ENTREPRISES,1.0
-1.0,2741900.0,2.0,609.0,0.0,0.0,0.0,3,CENTRE DIV IMPOTS DE DOUALA 3,J,ENSEIGNEMENT,0.0
0.0,-69.0,3.0,13.0,0.0,0.0,0.0,1,CENTRE DIV IMPOTS DE DOUALA 2,V,ACTIVITES FOURNIES PRINCIPALEMENT AUX ENTREPRISES,0.0
2.0,-677.0,2.0,17.0,0.0,0.0,0.0,1,CENTRE DIV IMPOTS DE DOUALA 1,J,TRANSITAIRES ET AGREES EN DOUANE,1.0
-1.0,837843.0,2.0,41.0,0.0,0.0,0.0,1,CENTRE DIV IMPOTS DE DOUALA 1,J,SERV. FOURNIS AUX ENT. SAUF LOCATION M-M,0.0
-1.0,-113484.0,3.0,316.0,0.0,0.0,0.0,1,CENTRE DES IMPOTS DES MOYENNES ENTREPRISES DOUALA BONANJO,V,SERV. FOURN. AUX PARTICULIERS m,0.0
-1.0,11124952.0,3.0,739.0,0.0,0.0,0.0,3,CENTRE DES IMPOTS DES MOYENNES ENTREPRISES DOUALA BONANJO,V,ENSEIGNEMENT,0.0
-1.0,86490.0,0.0,24.0,0.0,0.0,0.0,1,CENTRE DIV IMPOTS DE DOUALA 1,R,ACTIVITES FINANCIERES ET D'ASSURANCE,0.0
-1.0,7412.0,3.0,11.0,0.0,0.0,0.0,1,CENTRE DIV IMPOTS DE DOUALA 2,V,COMMERCE DE GROS ET DE DETAIL,1.0
2.0,-1361515.0,3.0,284.0,0.0,0.0,0.0,1,CIME CENTRE DIVISIONAIRE DES IMPÔTS DOUALA 1,J,"IMPORTATEUR COMMERCE GENERAL,PRODUITS INDETERMINES",0.0
1.0,436945.0,0.0,120.0,0.0,0.0,0.0,2,CENTRE DIV IMPOTS DE DOUALA 3,R,ACTIVITES FOURNIES PRINCIPALEMENT AUX ENTREPRISES,0.0
-1.0,3022530.0,3.0,15.0,0.0,0.0,0.0,1,DIRECTION DES GRANDES ENTREPRISES,V,ASSISTANCE TECHNOLOGIQUE AUX ENTREPRISES,1.0
-1.0,1498452.0,3.0,46.0,0.0,0.0,0.0,1,DIRECTION DES GRANDES ENTREPRISES,J,COMMERCE GENERAL,0.0
0.0,-7.0,3.0,15.0,0.0,0.0,0.0,1,CENTRE DIV IMPOTS DE DOUALA 1,V,ASSISTANCE TECHNOLOGIQUE AUX ENTREPRISES,1.0
16.0,1024215.0,1.0,216.0,0.0,0.0,0.0,9,CENTRE DIV IMPOTS DE DOUALA 2,J,SERVICES DOMESTIQUES,0.0
0.0,4333088.0,1.0,360.0,0.0,0.0,0.0,9,CENTRE DIV IMPOTS DE DOUALA 2,J,SERV. FOURN. AUX ENTREPRISES,0.0
0.0,2546626.0,1.0,397.0,0.0,0.0,0.0,9,CENTRE DIV IMPOTS DE DOUALA 3,J,"S.FOURN.COLLEC, S.SOCIAUX sPERSONNELS",0.0
-1.0,1618788.0,3.0,321.0,0.0,0.0,0.0,1,CENTRE DIV IMPOTS DE DOUALA 2,V,DETAILLANT COMMERCE GENERAL,0.0
-1.0,-3145377.0,3.0,145.0,0.0,0.0,0.0,1,DIRECTION DES GRANDES ENTREPRISES,J,COMMERCE DE GROS ET DE DETAIL,1.0
-1.0,4543810.0,2.0,231.0,0.0,0.0,0.0,1,CIME CENTRE DIVISIONAIRE DES IMPÔTS DOUALA 1,J,COMMUNICATIONS,0.0
1.0,292678879.0,2.0,681.0,0.0,0.0,0.0,1,CIME CENTRE DIVISIONAIRE DES IMPÔTS DOUALA 2,J,"TRANSPORT AERIEN, SECURITE ET NAVIGATION AERIENNES",1.0
0.0,1285.0,3.0,6.0,0.0,0.0,0.0,1,CENTRE DIV IMPOTS DE DOUALA 1,J,"ENTREPRISES ET AGENCES DE PRESSE, STUDIOS PHOTOGRAPHIQUES",0.0
-1.0,54162.0,3.0,123.0,0.0,0.0,0.0,1,CSPLI CENTRE DIVISIONAIRE DES IMPÔTS DOUALA 2,V,"MEDECINS, PHARMACIENS, DENTISTES",0.0
-1.0,-1408.0,1.0,0.0,0.0,0.0,0.0,1,CENTRE DIV IMPOTS DE DOUALA 1,V,ACTIVITES FOURNIES PRINCIPALEMENT AUX ENTREPRISES,0.0
-1.0,44090.0,3.0,39.0,0.0,0.0,0.0,1,CENTRE DIV IMPOTS DE DOUALA 2,V,"PROFESSIONS LIBERALES, CABINETS COMPTABLES ET FISCAUX, CONSEILS JURIDIQUES, OFFICIERS MINISTERIELS",0.0
0.0,-87228.0,2.0,405.0,0.0,0.0,0.0,1,CENTRE DIV IMPOTS DE DOUALA 1,J,"ENTREPRISES FORESTIERES, SCIERIES",0.0
-1.0,187993.0,3.0,609.0,0.0,0.0,0.0,1,CENTRE DIV IMPOTS DE DOUALA 10,V,FILMS CINEMAT. a SERV. RECREATIFS,0.0
-1.0,97500.0,2.0,60.0,0.0,0.0,0.0,1,CENTRE DIV IMPOTS DE DOUALA 1,J,SERV. FOURN. AUX PARTICULIERS m,0.0
0.0,24328.0,3.0,5.0,0.0,0.0,0.0,1,CENTRE DIV IMPOTS DE DOUALA 3,V,"AUTRES ACTIVITES FOURNIES A LA COLLECTIVITE, ACTIVITES SOCIALES ET PERSONNELLES",0.0
-1.0,1488.0,3.0,18.0,0.0,0.0,0.0,1,CENTRE DIV IMPOTS DE DOUALA 3,V,"ASSOCIATIONS PROFESSIONNELLES, SYNDICATS PROFESSIONNELS, CHAMBRES CONSULAIRES, PARTIS POLITIQUES",0.0
-1.0,1486489.0,2.0,645.0,0.0,0.0,0.0,1,CENTRE DIV IMPOTS DE DOUALA 3,J,"AUTRES ACTIVITES FOURNIES A LA COLLECTIVITE, ACTIVITES SOCIALES ET PERSONNELLES",0.0
1.0,2115334.0,2.0,136.0,0.0,0.0,0.0,1,CENTRE DIV IMPOTS DE DOUALA 1,J,OEUVRES SOCIALES,0.0
0.0,1370507.0,3.0,102.0,0.0,0.0,0.0,1,CENTRE DES IMPOTS DES MOYENNES ENTREPRISES DOUALA BONANJO,J,BANQ. ASSUR. AFF.IMMOB. sF. AUX ENT.,0.0
-1.0,-128.0,3.0,38.0,0.0,0.0,0.0,1,CENTRE DIV IMPOTS DE DOUALA 1,V,ASSURANCES,0.0
-1.0,127442.0,3.0,39.0,0.0,0.0,0.0,1,CENTRE DIV IMPOTS DE DOUALA 1,J,ASSURANCES,0.0
0.0,-751.0,3.0,29.0,0.0,0.0,0.0,1,CENTRE DIV IMPOTS DE DOUALA 4,V,ACTIVITE DES ORGANISATIONS ET ORGANISMES EXTRATERRITORIAUX,0.0
0.0,-12368.0,2.0,455.0,0.0,0.0,0.0,1,CIME CENTRE DIVISIONAIRE DES IMPÔTS DOUALA 1,J,ACTIVITES D'INFORMATION ET DE TELECOMMUNICATIONS,0.0
2.0,32884.0,3.0,28.0,0.0,0.0,0.0,1,CENTRE DIV IMPOTS DE DOUALA 1,V,COMMERCE DE GROS ET DE DETAIL,0.0
-1.0,26793.0,3.0,6.0,0.0,0.0,0.0,1,CIME CENTRE DIVISIONAIRE DES IMPÔTS DOUALA 2,V,"BATIMENTS ET TRAVAUX PUBLICS : ENTREPRISES GENERALES DE BATIMENT, ENTREPRISES DE PEINTURE, D?INSTALLATIONS SANITAIRES, D?INSTALLATIONS ELECTRIQUES, DE ZINGUERIE, DE PLOMBERIE, DE VITRERIE ; CONSTRUCTION ET ENTRETIEN DES ROUTES, VOIES FERREES, CANALISATION D?EAU (OUVRAGES D?ART EXCLUS)",1.0
0.0,0.0,3.0,99.0,0.0,0.0,0.0,1,CENTRE DIV IMPOTS DE DOUALA 1,V,"BOULANGERIES, PATISSERIES, BISCUITERIES, FABRICATION DE PRODUITS A BASE DE CEREALES",1.0
3.0,78142.0,2.0,21.0,0.0,0.0,0.0,1,CENTRE DIV IMPOTS DE DOUALA 2,J,COMMERCE DE GROS ET DE DETAIL,1.0
0.0,-65247.0,3.0,372.0,0.0,0.0,0.0,1,CENTRE DES IMPOTS DES MOYENNES ENTREPRISES DOUALA BONANJO,V,REPARATION ET INSTALLATION DES MACHINES ET EQUIPEMENTS,1.0
0.0,81936.0,3.0,31.0,0.0,0.0,0.0,3,CENTRE DIVI DES IMPOTS DE DOUALA 5,V,ENSEIGNEMENT,0.0
-1.0,66494.0,3.0,49.0,0.0,0.0,0.0,1,CENTRE DIV IMPOTS DE DOUALA 1,V,BATIMENT ET TRAVAUX PUBLICS,1.0
2.0,-1100.0,1.0,4.0,0.0,0.0,0.0,1,CENTRE DIV IMPOTS DE DOUALA 1,J,"BATIMENTS ET TRAVAUX PUBLICS : ENTREPRISES GENERALES DE BATIMENT, ENTREPRISES DE PEINTURE, D?INSTALLATIONS SANITAIRES, D?INSTALLATIONS ELECTRIQUES, DE ZINGUERIE, DE PLOMBERIE, DE VITRERIE ; CONSTRUCTION ET ENTRETIEN DES ROUTES, VOIES FERREES, CANALISATION D?EAU (OUVRAGES D?ART EXCLUS)",1.0
-1.0,0.0,3.0,4.0,0.0,0.0,0.0,1,CENTRE DIV IMPOTS DE DOUALA 1,J,ACTIVITES FOURNIES PRINCIPALEMENT AUX ENTREPRISES,0.0
9.0,172966.0,1.0,73.0,0.0,0.0,0.0,1,CIME CENTRE DIVISIONAIRE DES IMPÔTS DOUALA 1,J,COMMERCE DE GROS ET DE DETAIL,0.0
0.0,142.0,3.0,23.0,0.0,0.0,0.0,1,CENTRE DIVI DES IMPOTS DE DOUALA 5,V,ACTIVITES FINANCIERES ET D'ASSURANCE,0.0
-1.0,1037078.0,3.0,104.0,0.0,0.0,0.0,1,DIRECTION DES GRANDES ENTREPRISES,J,BANQUE ET ETABLISSEMENTS FINANCIERS,0.0
-1.0,79291.0,3.0,49.0,0.0,0.0,0.0,1,CENTRE DIV IMPOTS DE DOUALA 1,V,RADIODIFFUSION ET TELEVISION,0.0
-1.0,3142500.0,3.0,130.0,0.0,0.0,0.0,1,CENTRE DIV IMPOTS DE DOUALA 3,J,COMMERCE DE GROS ET DE DETAIL,0.0
-1.0,1169076.0,3.0,268.0,0.0,0.0,0.0,1,CSPLI CENTRE DIVISIONAIRE DES IMPÔTS DOUALA 1,J,"COMPTABILITE, VERIF. COMPTES t LIV",0.0
0.0,222978.0,3.0,70.0,0.0,0.0,0.0,1,CENTRE DIV IMPOTS DE DOUALA 1,J,COMMERCE GENERAL,0.0
-1.0,11727.0,3.0,21.0,0.0,0.0,0.0,1,CENTRE DIV IMPOTS DE DOUALA 1,V,"ASSOCIATIONS PROFESSIONNELLES, SYNDICATS PROFESSIONNELS, CHAMBRES CONSULAIRES, PARTIS POLITIQUES",0.0
0.0,13898.0,2.0,21.0,0.0,0.0,0.0,1,CENTRE DIV IMPOTS DE DOUALA 1,J,"PROFESSIONS LIBERALES, CABINETS COMPTABLES ET FISCAUX, CONSEILS JURIDIQUES, OFFICIERS MINISTERIELS",0.0
-1.0,42960.0,1.0,2.0,0.0,0.0,0.0,1,CENTRE DIV IMPOTS DE DOUALA 2,J,COMMERCE DE GROS ET DE DETAIL,1.0
27.0,-25.0,3.0,56.0,0.0,0.0,0.0,1,CENTRE DIV IMPOTS DE DOUALA 1,V,AGENCES IMMOBILIERES,0.0
-1.0,56922.0,0.0,30.0,0.0,0.0,0.0,1,CENTRE DIVI DES IMPOTS DE DOUALA 5,R,SERV. FOURN. AUX ENTREPRISES,1.0
0.0,-5120.0,3.0,54.0,0.0,0.0,0.0,1,CENTRE DIV IMPOTS DE DOUALA 1,V,COMMERCE DE GROS ET DE DETAIL,0.0
0.0,315979.0,1.0,126.0,0.0,0.0,0.0,1,CENTRE DIV IMPOTS DE DOUALA 1,J,SERV. FOURN. AUX ENTREPRISES,0.0
-1.0,-314.0,3.0,323.0,0.0,0.0,0.0,1,CIME CENTRE DIVISIONAIRE DES IMPÔTS DOUALA 1,V,AUXILIAIRES DES TRANSP. PAR VOIE TERREST,1.0
-1.0,10220.0,3.0,47.0,0.0,0.0,0.0,1,CENTRE DIV IMPOTS DE DOUALA 1,J,SERV. FOURN. AUX ENTREPRISES,0.0
-1.0,-62.0,1.0,1.0,0.0,0.0,0.0,1,CENTRE DES IMPOTS DES MOYENNES ENTREPRISES DOUALA AKWA 1,V,ACTIVITES FOURNIES PRINCIPALEMENT AUX ENTREPRISES,0.0
3.0,447003.0,0.0,37.0,0.0,0.0,0.0,1,CENTRE DIV IMPOTS DE DOUALA 1,R,SERV. FOURN. AUX ENTREPRISES,0.0
-1.0,95701.0,2.0,33.0,0.0,0.0,0.0,1,CENTRE DIV IMPOTS DE DOUALA 1,J,ASSURANCES,0.0
-1.0,9322.0,3.0,25.0,0.0,0.0,0.0,1,CENTRE DIV IMPOTS DE DOUALA 1,V,ACTIVITES FOURNIES PRINCIPALEMENT AUX ENTREPRISES,0.0
0.0,-54.0,2.0,2.0,0.0,0.0,0.0,1,CENTRE DES IMPOTS DES MOYENNES ENTREPRISES DOUALA AKWA 1,V,TRANSPORTS ROUTIERS DE MARCHANDISES OU DE VOYAGEURS,1.0
6.0,80121.0,1.0,28.0,0.0,0.0,0.0,1,CENTRE DES IMPOTS DES MOYENNES ENTREPRISES DOUALA AKWA 1,J,COMMERCE DE GROS ET DE DETAIL,1.0
-1.0,7251477.0,3.0,170.0,0.0,0.0,0.0,1,DIRECTION DES GRANDES ENTREPRISES,V,EXTRACTION DES PRODUITS DES HYDROCARBURES ET D'AUTRES PRODUITS ENERGETIQUES,1.0
0.0,143749.0,0.0,42.0,0.0,0.0,0.0,1,CENTRE DIV IMPOTS DE DOUALA 3,R,COMMUNICATIONS,0.0
0.0,2058.0,3.0,19.0,0.0,0.0,0.0,1,CENTRE DIV IMPOTS DE DOUALA 2,J,ACTIVITES FOURNIES PRINCIPALEMENT AUX ENTREPRISES,0.0
0.0,33294.0,0.0,27.0,0.0,0.0,0.0,1,CENTRE DIV IMPOTS DE DOUALA 2,R,COMMERCE DE GROS ET DE DETAIL,1.0
0.0,-253909.0,3.0,201.0,0.0,0.0,0.0,1,DIRECTION DES GRANDES ENTREPRISES,V,BANQUE ET ETABLISSEMENTS FINANCIERS,0.0
-1.0,30489110.0,3.0,624.0,0.0,0.0,0.0,1,CIME CENTRE DIVISIONAIRE DES IMPÔTS DOUALA 1,V,ACTIVITES FINANCIERES ET D'ASSURANCE,0.0
0.0,552970.0,2.0,204.0,0.0,0.0,0.0,1,CIME CENTRE DIVISIONAIRE DES IMPÔTS DOUALA 1,J,BATIMENT ET TRAVAUX PUBLICS,1.0
0.0,-15887.0,3.0,88.0,0.0,0.0,0.0,1,CENTRE PRINCIPAL DES IMPOTS DU LITTORAL 1,J,COMMERCE DE GROS ET DE DETAIL,0.0
-1.0,3187403.0,0.0,28.0,0.0,0.0,0.0,1,CENTRE DES IMPOTS DES MOYENNES ENTREPRISES DOUALA AKWA 1,R,TRANSPORTS ROUTIERS DE MARCHANDISES OU DE VOYAGEURS,1.0
-1.0,530976.0,3.0,29.0,0.0,0.0,0.0,1,CENTRE DIV IMPOTS DE DOUALA 1,V,ACTIVITES FOURNIES PRINCIPALEMENT AUX ENTREPRISES,0.0
-1.0,8926883.0,0.0,86.0,0.0,0.0,0.0,1,CENTRE DIV IMPOTS DE DOUALA 10,R,AUTRES S. SOC. c FOURN A LA COLLEC,0.0
-1.0,16163952.0,0.0,88.0,0.0,0.0,0.0,1,CENTRE PRINCIPAL DES IMPOTS DU LITTORAL 1,R,ACTIVITE POUR LA SANTE HUMAINE ET ACTION SOCIALE,0.0
0.0,-66716.0,2.0,26.0,0.0,0.0,0.0,1,CENTRE DIV IMPOTS DE DOUALA 1,J,ACTIVITES FOURNIES PRINCIPALEMENT AUX ENTREPRISES,0.0
-1.0,959766037.0,1.0,511.0,0.0,0.0,0.0,1,DIRECTION DES GRANDES ENTREPRISES,J,"BATIMENTS ET TRAVAUX PUBLICS : ENTREPRISES GENERALES DE BATIMENT, ENTREPRISES DE PEINTURE, D?INSTALLATIONS SANITAIRES, D?INSTALLATIONS ELECTRIQUES, DE ZINGUERIE, DE PLOMBERIE, DE VITRERIE ; CONSTRUCTION ET ENTRETIEN DES ROUTES, VOIES FERREES, CANALISATION D?EAU (OUVRAGES D?ART EXCLUS)",1.0
1.0,15777.0,2.0,15.0,0.0,0.0,0.0,1,CENTRE DIV IMPOTS DE DOUALA 2,J,"BATIMENTS ET TRAVAUX PUBLICS : ENTREPRISES GENERALES DE BATIMENT, ENTREPRISES DE PEINTURE, D?INSTALLATIONS SANITAIRES, D?INSTALLATIONS ELECTRIQUES, DE ZINGUERIE, DE PLOMBERIE, DE VITRERIE ; CONSTRUCTION ET ENTRETIEN DES ROUTES, VOIES FERREES, CANALISATION D?EAU (OUVRAGES D?ART EXCLUS)",1.0
2.0,35166.0,3.0,104.0,0.0,0.0,0.0,9,CENTRE PRINCIPAL DES IMPOTS DU LITTORAL 3,V,nan,0.0
-1.0,2309909.0,0.0,77.0,0.0,0.0,0.0,1,CENTRE DES IMPOTS DES MOYENNES ENTREPRISES DOUALA AKWA 2,R,ACTIVITES IMMOBILIERES,0.0
-1.0,117943.0,2.0,108.0,0.0,0.0,0.0,1,CENTRE DIV IMPOTS DE DOUALA 1,J,BIJOUTERIE o EN METAUX-SPECI.,0.0
1.0,193952.0,2.0,17.0,0.0,0.0,0.0,9,CENTRE DIV IMPOTS DE DOUALA 1,J,nan,0.0
0.0,-873.0,3.0,12.0,0.0,0.0,0.0,9,CENTRE DIV IMPOTS DE DOUALA 1,V,HEBERGEMENT ET RESTAURATION,0.0
-1.0,1078610.0,3.0,93.0,0.0,0.0,0.0,1,CENTRE DIV IMPOTS DE DOUALA 1,V,ACTIVITES FINANCIERES ET D'ASSURANCE,0.0
-1.0,33322.0,2.0,6.0,0.0,0.0,0.0,9,CENTRE PRINCIPAL DES IMPOTS DU CENTRE 1,J,nan,0.0
0.0,13649806.0,0.0,243.0,0.0,0.0,0.0,1,CSPLI CENTRE DIVISIONAIRE DES IMPÔTS DOUALA 1,R,CONSEIL JURIDIQUE,0.0
-1.0,365623.0,3.0,37.0,0.0,0.0,0.0,1,CENTRE DIV IMPOTS DE DOUALA 2,V,SERV. FOURN. AUX ENTREPRISES,0.0
-1.0,6856040.0,3.0,251.0,0.0,0.0,0.0,1,CIME CENTRE DIVISIONAIRE DES IMPÔTS DOUALA 1,V,BOULANGERIE ET PATISSERIE,1.0
0.0,11864.0,2.0,9.0,0.0,0.0,0.0,1,CENTRE DIV IMPOTS DE DOUALA 1,J,COMMERCE DE GROS ET DE DETAIL,1.0
-1.0,45850.0,3.0,55.0,0.0,0.0,0.0,1,CENTRE DIV IMPOTS DE DOUALA 1,V,COMMERCE GENERAL,0.0
0.0,8645.0,3.0,7.0,0.0,0.0,0.0,3,CENTRE DIV IMPOTS DE DOUALA 4,J,ENSEIGNEMENT,0.0
-1.0,0.0,3.0,3.0,0.0,0.0,0.0,1,CENTRE DES IMPOTS DES MOYENNES ENTREPRISES DOUALA AKWA 2,V,ACTIVITES FOURNIES PRINCIPALEMENT AUX ENTREPRISES,0.0
0.0,0.0,2.0,25.0,0.0,0.0,0.0,1,CENTRE DIV IMPOTS DE DOUALA 1,J,ACTIVITES FINANCIERES ET D'ASSURANCE,0.0
-1.0,-301.0,2.0,2.0,0.0,0.0,0.0,1,CENTRE DIV IMPOTS DE DOUALA 1,V,COMMERCE DE GROS ET DE DETAIL,1.0
-1.0,188049.0,3.0,11.0,0.0,0.0,0.0,1,CENTRE DIV IMPOTS DE DOUALA 1,V,"PROFESSIONS LIBERALES, CABINETS COMPTABLES ET FISCAUX, CONSEILS JURIDIQUES, OFFICIERS MINISTERIELS",0.0
0.0,-20608.0,3.0,276.0,0.0,0.0,0.0,1,CENTRE DIV IMPOTS DE DOUALA 10,V,COMMERCE DE DETAIL,0.0
-1.0,84397.0,3.0,18.0,0.0,0.0,0.0,1,CENTRE DIV IMPOTS DE DOUALA 1,V,INDUSTRIE DU TEXTILE ET DE LA CONFECTION,1.0
1.0,1911416.0,0.0,77.0,0.0,0.0,0.0,1,CENTRE PRINCIPAL DES IMPOTS DU LITTORAL 1,R,BATIMENT ET TRAVAUX PUBLICS,1.0
-1.0,35756.0,1.0,17.0,0.0,0.0,0.0,1,CENTRE DIV IMPOTS DE DOUALA 3,J,COMMERCE DE GROS ET DE DETAIL,1.0
-1.0,28127226.0,0.0,152.0,0.0,0.0,0.0,1,DIRECTION DES GRANDES ENTREPRISES,R,CONSTRUCTION,1.0
0.0,25823.0,2.0,7.0,0.0,0.0,0.0,1,CENTRE DIV IMPOTS DE DOUALA 1,J,COMMERCE DE GROS ET DE DETAIL,1.0
-1.0,-1514.0,3.0,431.0,0.0,0.0,0.0,1,CSPLI CENTRE DIVISIONAIRE DES IMPÔTS DOUALA 3,V,SERV. FOURN. AUX ENTREPRISES,0.0
0.0,3205633.0,3.0,115.0,0.0,0.0,0.0,3,CENTRE DIV IMPOTS DE DOUALA 10,J,ENSEIGNEMENT,0.0
-1.0,37059.0,3.0,217.0,0.0,0.0,0.0,1,CSPLI CENTRE DIVISIONAIRE DES IMPÔTS DOUALA 3,V,CONSEILS JURIDIQUES,0.0
-1.0,86575.0,3.0,25.0,0.0,0.0,0.0,1,CENTRE DIV IMPOTS DE DOUALA 3,J,"AUTRES ACTIVITES FOURNIES A LA COLLECTIVITE, ACTIVITES SOCIALES ET PERSONNELLES",0.0
-1.0,13685.0,2.0,43.0,0.0,0.0,0.0,1,CENTRE DIV IMPOTS DE DOUALA 2,J,COMMERCE GENERAL,0.0
0.0,114.0,2.0,83.0,0.0,0.0,0.0,1,CIME CENTRE DIVISIONAIRE DES IMPÔTS DOUALA 1,J,SERV. FOURN. AUX ENTREPRISES,0.0
-1.0,775416.0,1.0,13.0,0.0,0.0,0.0,1,CIME CENTRE DIVISIONAIRE DES IMPÔTS DOUALA 2,J,COMMERCE DE GROS ET DE DETAIL,1.0
4.0,2148.0,3.0,7.0,0.0,0.0,0.0,1,CENTRE DIV IMPOTS DE DOUALA 1,J,COMMERCE DE GROS ET DE DETAIL,1.0
-1.0,77325.0,1.0,2.0,0.0,0.0,0.0,3,CENTRE DIV IMPOTS DE DOUALA 3,J,ACTIVITES EDUCATIVES,0.0
1.0,356809.0,2.0,110.0,0.0,0.0,0.0,1,CENTRE PRINCIPAL DES IMPOTS DU LITTORAL 1,J,DISTRIBUT. p DE FILMS CINEMAT,1.0
-1.0,362968.0,0.0,28.0,0.0,0.0,0.0,1,CENTRE DIV IMPOTS DE DOUALA 2,R,TRANSITAIRES ET AGREES EN DOUANE,1.0
-1.0,3092.0,3.0,207.0,0.0,0.0,0.0,9,CENTRE DIV IMPOTS DE DOUALA 1,V,nan,0.0
-1.0,421387.0,1.0,81.0,0.0,0.0,0.0,1,CENTRE PRINCIPAL DES IMPOTS DU LITTORAL 1,J,COMMERCE GENERAL,0.0
0.0,-2258.0,3.0,27.0,0.0,0.0,0.0,1,CENTRE DIV IMPOTS DE DOUALA 1,V,ACTIVITES D'INFORMATION ET DE TELECOMMUNICATIONS,0.0
-1.0,-7087557.0,3.0,750.0,0.0,0.0,0.0,1,DIRECTION DES GRANDES ENTREPRISES,V,ACTIVITES FINANCIERES ET D'ASSURANCE,0.0
15.0,324772.0,2.0,294.0,0.0,0.0,0.0,9,CENTRE DIV IMPOTS DE DOUALA 1,J,SERV. FOURN. AUX PARTICULIERS m,0.0
0.0,-761.0,3.0,59.0,0.0,0.0,0.0,1,CENTRE DIVI DES IMPOTS DE DOUALA 5,J,S. SOCIAUX c FOURNIS A COLLECT.,0.0
1.0,642699.0,0.0,25.0,0.0,0.0,0.0,1,CENTRE DIV IMPOTS DE DOUALA 1,R,COMMERCE DE GROS ET DE DETAIL,1.0
0.0,1426366.0,3.0,402.0,0.0,0.0,0.0,1,CSPLI CENTRE DIVISIONAIRE DES IMPÔTS DOUALA 3,J,ACTIVITE POUR LA SANTE HUMAINE ET ACTION SOCIALE,0.0
-1.0,-2669659.0,3.0,447.0,0.0,0.0,0.0,1,CSPLI CENTRE DIVISIONAIRE DES IMPÔTS DOUALA 3,V,ACTIVITE POUR LA SANTE HUMAINE ET ACTION SOCIALE,0.0
3.0,34738.0,1.0,39.0,0.0,0.0,0.0,1,CENTRE DIV IMPOTS DE DOUALA 1,J,SERV. FOURN. AUX ENTREPRISES,1.0
11.0,1556887.0,3.0,219.0,0.0,0.0,0.0,1,CENTRE DIV IMPOTS DE DOUALA 2,V,ACTIVITE POUR LA SANTE HUMAINE ET ACTION SOCIALE,0.0
-1.0,82294.0,3.0,48.0,0.0,0.0,0.0,1,CENTRE DIV IMPOTS DE DOUALA 1,J,SALONS DE COIFFURE i DE BEAUTE,0.0
1.0,-419.0,2.0,8.0,0.0,0.0,0.0,1,CENTRE DES IMPOTS DES MOYENNES ENTREPRISES DOUALA AKWA 1,J,COMMERCE DE GROS ET DE DETAIL,1.0
-1.0,448660.0,3.0,321.0,0.0,0.0,0.0,1,CENTRE DIV IMPOTS DE DOUALA 2,V,RESTAURANTS ET DEBITS DE BOISSONS,0.0
-1.0,4759134.0,0.0,59.0,0.0,0.0,0.0,1,CENTRE PRINCIPAL DES IMPOTS DU LITTORAL 1,R,SERV. FOURN. AUX ENTREPRISES,0.0
-1.0,66238.0,3.0,144.0,0.0,0.0,0.0,1,CENTRE DIV IMPOTS DE DOUALA 1,J,ASSISTANCE TECHNOLOGIQUE AUX ENTREPRISES,0.0
0.0,-71312.0,3.0,238.0,0.0,0.0,0.0,1,CENTRE DIV IMPOTS DE DOUALA 1,J,TRANSPORTS PAR CAMIONS,1.0
0.0,64441.0,1.0,3.0,0.0,0.0,0.0,1,CENTRE DIV IMPOTS DE DOUALA 1,J,COMMERCE DE GROS ET DE DETAIL,1.0
-1.0,89697.0,3.0,127.0,0.0,0.0,0.0,1,CENTRE DIV IMPOTS DE DOUALA 1,V,TRANSITAIRE ET AUXILIAIRES DES TRANSPORTS,1.0
-1.0,2639382.0,3.0,20.0,0.0,0.0,0.0,1,CENTRE DIV IMPOTS DE DOUALA 1,V,ACTIVITES FOURNIES PRINCIPALEMENT AUX ENTREPRISES,0.0
-1.0,279608.0,2.0,37.0,0.0,0.0,0.0,1,CENTRE DIV IMPOTS DE DOUALA 2,J,COMMERCE GENERAL,0.0
0.0,-300.0,3.0,21.0,0.0,0.0,0.0,1,CENTRE DIV IMPOTS DE DOUALA 1,V,TRANSITAIRES ET AGREES EN DOUANE,1.0
0.0,10730.0,1.0,2.0,0.0,0.0,0.0,1,CENTRE DIV IMPOTS DE DOUALA 1,J,COMMERCE DE GROS ET DE DETAIL,1.0
0.0,836.0,3.0,13.0,0.0,0.0,0.0,3,CENTRE DIV IMPOTS DE DOUALA 1,V,ACTIVITES EDUCATIVES,0.0
0.0,14910.0,3.0,72.0,0.0,0.0,0.0,1,CENTRE PRINCIPAL DES IMPOTS DU LITTORAL 1,V,TRANSPORTS ROUTIERS DE MARCHANDISES OU DE VOYAGEURS,1.0
8.0,253655.0,3.0,40.0,0.0,0.0,0.0,1,CENTRE DIV IMPOTS DE DOUALA 1,V,SERV. FOURN. AUX PARTICULIERS m,0.0
-1.0,13441.0,3.0,205.0,0.0,0.0,0.0,1,CENTRE DIV IMPOTS DE DOUALA 1,V,CONSTRUCTION,1.0
-1.0,-67977.0,3.0,319.0,0.0,0.0,0.0,1,CIME CENTRE DIVISIONAIRE DES IMPÔTS DOUALA 2,V,COMMERCE GENERAL,0.0
-1.0,21756.0,2.0,27.0,0.0,0.0,0.0,9,CENTRE DIV IMPOTS DE DOUALA 1,J,nan,0.0
-1.0,-93740.0,3.0,111.0,0.0,0.0,0.0,1,CENTRE DIV IMPOTS DE DOUALA 1,J,COMMERCE GENERAL,0.0
2.0,1322005.0,0.0,94.0,0.0,0.0,0.0,1,CENTRE DIV IMPOTS DE DOUALA 1,R,RESTAURANTS ET DEBITS DE BOISSONS,0.0
-1.0,477574.0,3.0,207.0,0.0,0.0,0.0,1,CENTRE DIV IMPOTS DE DOUALA 2,V,"HOTELS, RESTAURANTS, CAFES, BARS ET DANCING",0.0
-1.0,-3943.0,3.0,264.0,0.0,0.0,0.0,1,CENTRE DIV IMPOTS DE DOUALA 2,V,"REPRESENTANT FRIOD, MECANOG, QUIC",1.0
0.0,-47.0,3.0,177.0,0.0,0.0,0.0,1,CSPLI CENTRE DIVISIONAIRE DES IMPÔTS DOUALA 1,V,AUTRES ETABLISEMENTS FINANCIERS,0.0
-1.0,3709.0,3.0,27.0,0.0,0.0,0.0,1,CENTRE DIV IMPOTS DE DOUALA 1,V,COMMERCE DE GROS ET DE DETAIL,1.0
0.0,-90.0,3.0,15.0,0.0,0.0,0.0,1,CENTRE DIV IMPOTS DE DOUALA 1,V,COMMERCE DE GROS ET DE DETAIL,1.0
-1.0,4924415.0,2.0,268.0,0.0,0.0,0.0,1,CENTRE DIV IMPOTS DE DOUALA 10,J,"BOULANGERIES, PATISSERIES, BISCUITERIES, FABRICATION DE PRODUITS A BASE DE CEREALES",1.0
-1.0,-8.0,3.0,17.0,0.0,0.0,0.0,1,CENTRE DIV IMPOTS DE DOUALA 2,V,"TRANSPORTS MARITIMES, TRANSPORTS FLUVIAUX, BACS",1.0
0.0,18171735.0,0.0,130.0,0.0,0.0,0.0,1,CENTRE DES IMPOTS DES MOYENNES ENTREPRISES DOUALA AKWA 1,R,SERV. FOURN. AUX ENTREPRISES,0.0
-1.0,39457.0,3.0,54.0,0.0,0.0,0.0,3,CENTRE DIV IMPOTS DE DOUALA 6,V,ENSEIGNEMENT,0.0
0.0,41181.0,3.0,42.0,0.0,0.0,0.0,1,CENTRE DIV IMPOTS DE DOUALA 2,V,SERV. FOURN. AUX ENTREPRISES,0.0
0.0,-10906.0,2.0,105.0,0.0,0.0,0.0,1,CSPLI CENTRE DIVISIONAIRE DES IMPÔTS DOUALA 1,J,CONSEIL JURIDIQUE,0.0
1.0,74808.0,3.0,174.0,0.0,0.0,0.0,1,CENTRE DIV IMPOTS DE DOUALA 3,V,SERV. FOURN. AUX ENTREPRISES,0.0
-1.0,-1939.0,3.0,82.0,0.0,0.0,0.0,1,CENTRE DIV IMPOTS DE DOUALA 10,V,TRANSPORT ET ENTREPOSAGE,1.0
6.0,778023.0,2.0,39.0,0.0,0.0,0.0,1,CENTRE DIV IMPOTS DE DOUALA 1,J,SERV. FOURN. AUX ENTREPRISES,0.0
-1.0,330397.0,3.0,295.0,0.0,0.0,0.0,1,CENTRE DES IMPOTS DES MOYENNES ENTREPRISES DOUALA AKWA 1,V,PUBLICITE,0.0
0.0,-14652.0,3.0,57.0,0.0,0.0,0.0,1,CENTRE DIV IMPOTS DE DOUALA 1,V,SERVICES FINANCIERS,0.0
0.0,3915.0,3.0,30.0,0.0,0.0,0.0,1,CENTRE DIV IMPOTS DE DOUALA 1,J,"AUTRES ACTIVITES FOURNIES A LA COLLECTIVITE, ACTIVITES SOCIALES ET PERSONNELLES",0.0
0.0,658319.0,1.0,18.0,0.0,0.0,0.0,1,CSI WOURI 2,J,ACTIVITES FOURNIES PRINCIPALEMENT AUX ENTREPRISES,0.0
-1.0,393639.0,3.0,111.0,0.0,0.0,0.0,1,CENTRE DIV IMPOTS DE DOUALA 1,V,SERV. FOURN. AUX ENTREPRISES,1.0
0.0,125822.0,0.0,20.0,0.0,0.0,0.0,1,CENTRE DIV IMPOTS DE DOUALA 2,R,TRANSITAIRES ET AGREES EN DOUANE,1.0
-1.0,5884396.0,3.0,945.0,0.0,0.0,0.0,1,DIRECTION DES GRANDES ENTREPRISES,V,MANUFACTURES DE TABAC,0.0
0.0,151380.0,2.0,114.0,0.0,0.0,0.0,1,CENTRE DIV IMPOTS DE DOUALA 1,J,COMMUNICATIONS,0.0
-1.0,1071117.0,3.0,274.0,0.0,0.0,0.0,1,CENTRE DES IMPOTS DES MOYENNES ENTREPRISES DOUALA BONANJO,V,COMPAGNIES DE TRANSPORTS AERIENS,0.0
-1.0,26845.0,3.0,16.0,0.0,0.0,0.0,1,CENTRE DIV IMPOTS DE DOUALA 4,V,ACTIVITES FOURNIES PRINCIPALEMENT AUX ENTREPRISES,0.0
-1.0,0.0,3.0,97.0,0.0,0.0,0.0,1,CENTRE DIV IMPOTS DE DOUALA 1,V,COMMERCE DE GROS ET DE DETAIL,0.0
-1.0,108590.0,3.0,53.0,0.0,0.0,0.0,3,CENTRE DIV IMPOTS DE DOUALA 1,J,ENSEIGNEMENT,0.0
-1.0,255823.0,3.0,163.0,0.0,0.0,0.0,1,CSPLI CENTRE DIVISIONAIRE DES IMPÔTS DOUALA 1,J,SERV. FOURN. AUX ENTREPRISES,0.0
-1.0,193968.0,3.0,15.0,0.0,0.0,0.0,1,CENTRE DIV IMPOTS DE DOUALA 1,J,"ENTREPRISES FORESTIERES, SCIERIES",1.0
2.0,852281.0,0.0,32.0,0.0,0.0,0.0,1,CENTRE DIV IMPOTS DE DOUALA 3,R,"BATIMENTS ET TRAVAUX PUBLICS : ENTREPRISES GENERALES DE BATIMENT, ENTREPRISES DE PEINTURE, D?INSTALLATIONS SANITAIRES, D?INSTALLATIONS ELECTRIQUES, DE ZINGUERIE, DE PLOMBERIE, DE VITRERIE ; CONSTRUCTION ET ENTRETIEN DES ROUTES, VOIES FERREES, CANALISATION D?EAU (OUVRAGES D?ART EXCLUS)",1.0
0.0,7628.0,1.0,1.0,0.0,0.0,0.0,1,CENTRE DIV IMPOTS DE DOUALA 2,V,"BATIMENTS ET TRAVAUX PUBLICS : ENTREPRISES GENERALES DE BATIMENT, ENTREPRISES DE PEINTURE, D?INSTALLATIONS SANITAIRES, D?INSTALLATIONS ELECTRIQUES, DE ZINGUERIE, DE PLOMBERIE, DE VITRERIE ; CONSTRUCTION ET ENTRETIEN DES ROUTES, VOIES FERREES, CANALISATION D?EAU (OUVRAGES D?ART EXCLUS)",1.0
-1.0,19931.0,2.0,37.0,0.0,0.0,0.0,1,CENTRE DIV IMPOTS DE DOUALA 4,J,SERV. FOURN. AUX ENTREPRISES,1.0
-1.0,2696580.0,2.0,338.0,0.0,0.0,0.0,1,CENTRE DIV IMPOTS DE DOUALA 3,J,TRANSITAIRE ET AUXILIAIRES DES TRANSPORTS,1.0
4.0,45781.0,1.0,299.0,0.0,0.0,0.0,1,CIME CENTRE DIVISIONAIRE DES IMPÔTS DOUALA 1,J,DETAILLANT COMMERCE GENERAL,1.0
-1.0,-213730.0,2.0,235.0,0.0,0.0,0.0,1,DIRECTION DES GRANDES ENTREPRISES,J,VENTE/PRODUCTEUR ENERGIE ET LUBRIFIANT,0.0
-1.0,-1392.0,3.0,61.0,0.0,0.0,0.0,1,CENTRE DIV IMPOTS DE DOUALA 1,V,SERV. FOURN. AUX ENTREPRISES,1.0
-1.0,15436.0,3.0,15.0,0.0,0.0,0.0,1,CENTRE DIV IMPOTS DE DOUALA 1,J,ACTIVITES D'INFORMATION ET DE TELECOMMUNICATIONS,0.0
-1.0,10740.0,3.0,2.0,0.0,0.0,0.0,1,CENTRE DES IMPOTS DES MOYENNES ENTREPRISES DOUALA AKWA 1,V,"BATIMENTS ET TRAVAUX PUBLICS : ENTREPRISES GENERALES DE BATIMENT, ENTREPRISES DE PEINTURE, D?INSTALLATIONS SANITAIRES, D?INSTALLATIONS ELECTRIQUES, DE ZINGUERIE, DE PLOMBERIE, DE VITRERIE ; CONSTRUCTION ET ENTRETIEN DES ROUTES, VOIES FERREES, CANALISATION D?EAU (OUVRAGES D?ART EXCLUS)",1.0
0.0,424615.0,3.0,60.0,0.0,0.0,0.0,1,CENTRE DIV IMPOTS DE DOUALA 11,J,COMMERCE DE GROS ET DE DETAIL,0.0
-1.0,64028339.0,3.0,331.0,0.0,0.0,0.0,1,DIRECTION DES GRANDES ENTREPRISES,J,BANQUE ET ETABLISSEMENTS FINANCIERS,0.0
0.0,-421.0,3.0,195.0,0.0,0.0,0.0,1,CSPLI CENTRE DIVISIONAIRE DES IMPÔTS DOUALA 3,V,SERV. INGENIEURS a s TECH.,0.0
-1.0,691778.0,3.0,372.0,0.0,0.0,0.0,1,DIRECTION DES GRANDES ENTREPRISES,V,"IMPORTATEUR COMMERCE GENERAL,PRODUITS INDETERMINES",0.0
2.0,2740723.0,3.0,55.0,0.0,0.0,0.0,1,CENTRE DIV IMPOTS DE DOUALA 1,V,RESTAURANTS ET DEBITS DE BOISSONS,0.0
0.0,20580.0,1.0,3.0,0.0,0.0,0.0,9,CENTRE DIV IMPOTS DE DOUALA 1,J,HEBERGEMENT ET RESTAURATION,0.0
-1.0,130797.0,3.0,23.0,0.0,0.0,0.0,1,CENTRE DIV IMPOTS DE DOUALA 2,V,ACTIVITES FINANCIERES ET D'ASSURANCE,0.0
-1.0,1779.0,3.0,230.0,0.0,0.0,0.0,1,CIME CENTRE DIVISIONAIRE DES IMPÔTS DOUALA 10,J,BATIMENT ET TRAVAUX PUBLICS,1.0
4.0,2464640.0,3.0,279.0,0.0,0.0,0.0,1,CSPLI CENTRE DIVISIONAIRE DES IMPÔTS DOUALA 2,V,ACTIVITE POUR LA SANTE HUMAINE ET ACTION SOCIALE,0.0
0.0,42312.0,3.0,60.0,0.0,0.0,0.0,1,CENTRE DIV IMPOTS DE DOUALA 2,V,COMMERCE GENERAL,0.0
0.0,-2.0,3.0,3.0,0.0,0.0,0.0,1,CENTRE PRINCIPAL DES IMPOTS DU LITTORAL 1,V,"PROFESSIONS LIBERALES, CABINETS COMPTABLES ET FISCAUX, CONSEILS JURIDIQUES, OFFICIERS MINISTERIELS",0.0
-1.0,70897.0,3.0,183.0,0.0,0.0,0.0,1,CSPLI CENTRE DIVISIONAIRE DES IMPÔTS DOUALA 1,V,CONSEIL JURIDIQUE,0.0
0.0,12434.0,1.0,2.0,0.0,0.0,0.0,1,CENTRE DES IMPOTS DES MOYENNES ENTREPRISES DOUALA AKWA 2,V,ACTIVITES FINANCIERES ET D'ASSURANCE,0.0
-1.0,2483821.0,0.0,472.0,0.0,0.0,0.0,1,CSPLI CENTRE DIVISIONAIRE DES IMPÔTS DOUALA 1,R,"PROFESSIONS LIBERALES, CABINETS COMPTABLES ET FISCAUX, CONSEILS JURIDIQUES, OFFICIERS MINISTERIELS",0.0
46.0,126355.0,3.0,147.0,0.0,0.0,0.0,1,CSPLI CENTRE DIVISIONAIRE DES IMPÔTS DOUALA 1,V,"PROFESSIONS LIBERALES, CABINETS COMPTABLES ET FISCAUX, CONSEILS JURIDIQUES, OFFICIERS MINISTERIELS",0.0
80.0,19609.0,2.0,123.0,0.0,0.0,0.0,1,CENTRE SPECIALISE DES IMPOTS,J,CONSEILS JURIDIQUES,0.0
-1.0,11775.0,2.0,27.0,0.0,0.0,0.0,1,CENTRE DIV IMPOTS DE DOUALA 1,J,"AUTRES ACTIVITES FOURNIES A LA COLLECTIVITE, ACTIVITES SOCIALES ET PERSONNELLES",0.0
0.0,-90.0,3.0,34.0,0.0,0.0,0.0,1,CENTRE DIV IMPOTS DE DOUALA 2,J,COMMERCE DE DETAIL,0.0
115.0,706772.0,0.0,281.0,0.0,0.0,0.0,1,CSPLI CENTRE DIVISIONAIRE DES IMPÔTS DOUALA 1,R,CONSEILS JURIDIQUES,0.0
-1.0,479270.0,3.0,430.0,0.0,0.0,0.0,1,CSPLI CENTRE DIVISIONAIRE DES IMPÔTS DOUALA 1,J,CONSTRUCTION,1.0
0.0,-16444.0,3.0,341.0,0.0,0.0,0.0,1,CSPLI CENTRE DIVISIONAIRE DES IMPÔTS DOUALA 1,V,SERV. INGENIEURS a s TECH.,0.0
0.0,50647.0,3.0,307.0,0.0,0.0,0.0,1,CENTRE DIV IMPOTS DE DOUALA 3,V,ACTIVITES FINANCIERES ET D'ASSURANCE,0.0
0.0,256704.0,3.0,26.0,0.0,0.0,0.0,1,CENTRE DIV IMPOTS DE DOUALA 1,V,"AUTRES ACTIVITES FOURNIES A LA COLLECTIVITE, ACTIVITES SOCIALES ET PERSONNELLES",0.0
-1.0,1716948.0,0.0,98.0,0.0,0.0,0.0,1,CENTRE SPECIALISE DES IMPOTS,R,SOINS MEDICAUX d a SERVICES,0.0
0.0,12333.0,3.0,11.0,0.0,0.0,0.0,1,CENTRE DIV IMPOTS DE DOUALA 2,V,"ORGANISMES DE SANTE, MAISONS DE RETRAITE, MAISONS DE REPOS",0.0
-1.0,739061.0,3.0,287.0,0.0,0.0,0.0,1,CSPLI CENTRE DIVISIONAIRE DES IMPÔTS DOUALA 1,V,SOINS MEDICAUX d a SERVICES,0.0
0.0,63783.0,3.0,26.0,0.0,0.0,0.0,1,CENTRE SPECIALISE DES IMPOTS,V,"MEDECINS, PHARMACIENS, DENTISTES",0.0
-1.0,23442.0,1.0,143.0,0.0,0.0,0.0,1,CSPLI CENTRE DIVISIONAIRE DES IMPÔTS DOUALA 1,J,SOINS MEDICAUX d a SERVICES,0.0
1.0,762237.0,0.0,399.0,0.0,0.0,0.0,1,CSPLI CENTRE DIVISIONAIRE DES IMPÔTS DOUALA 2,R,"ORGANISMES DE SANTE, MAISONS DE RETRAITE, MAISONS DE REPOS",0.0
1.0,217616.0,3.0,430.0,0.0,0.0,0.0,1,CSPLI CENTRE DIVISIONAIRE DES IMPÔTS DOUALA 1,V,ACTIVITE POUR LA SANTE HUMAINE ET ACTION SOCIALE,0.0
-1.0,301381.0,2.0,438.0,0.0,0.0,0.0,1,CSPLI CENTRE DIVISIONAIRE DES IMPÔTS DOUALA 1,J,SOINS MEDICAUX d a SERVICES,0.0
-1.0,1197872.0,3.0,78.0,0.0,0.0,0.0,1,CSPLI CENTRE DIVISIONAIRE DES IMPÔTS DOUALA 1,J,SOINS MEDICAUX d a SERVICES,0.0
-1.0,-10664.0,3.0,283.0,0.0,0.0,0.0,1,CSPLI CENTRE DIVISIONAIRE DES IMPÔTS DOUALA 1,V,GARAGE,1.0
0.0,139078.0,2.0,480.0,0.0,0.0,0.0,1,CSPLI CENTRE DIVISIONAIRE DES IMPÔTS DOUALA 1,J,CONSEIL JURIDIQUE,0.0
3.0,755210.0,1.0,255.0,0.0,0.0,0.0,1,CSPLI CENTRE DIVISIONAIRE DES IMPÔTS DOUALA 1,J,"PROFESSIONS LIBERALES, CABINETS COMPTABLES ET FISCAUX, CONSEILS JURIDIQUES, OFFICIERS MINISTERIELS",0.0
0.0,32346.0,2.0,50.0,0.0,0.0,0.0,1,CENTRE DIV IMPOTS DE DOUALA 1,J,ACTIVITES FOURNIES PRINCIPALEMENT AUX ENTREPRISES,0.0
-2.0,7893607.0,1.0,264.0,0.0,0.0,0.0,1,CSPLI CENTRE DIVISIONAIRE DES IMPÔTS DOUALA 1,J,SOINS MEDICAUX d a SERVICES,0.0
-1.0,28032.0,2.0,305.0,0.0,0.0,0.0,1,CSPLI CENTRE DIVISIONAIRE DES IMPÔTS DOUALA 1,J,"PROFESSIONS LIBERALES, CABINETS COMPTABLES ET FISCAUX, CONSEILS JURIDIQUES, OFFICIERS MINISTERIELS",0.0
2.0,6211372.0,0.0,285.0,0.0,0.0,0.0,1,CSPLI CENTRE DIVISIONAIRE DES IMPÔTS DOUALA 1,R,CONSEILS JURIDIQUES,0.0
-1.0,218840.0,1.0,144.0,0.0,0.0,0.0,1,CENTRE DIV IMPOTS DE DOUALA 3,J,"PROFESSIONS LIBERALES, CABINETS COMPTABLES ET FISCAUX, CONSEILS JURIDIQUES, OFFICIERS MINISTERIELS",0.0
26.0,474876.0,0.0,236.0,0.0,0.0,0.0,1,CSPLI CENTRE DIVISIONAIRE DES IMPÔTS DOUALA 3,R,CONSEIL JURIDIQUE,0.0
-1.0,-57486.0,3.0,182.0,0.0,0.0,0.0,1,CSPLI CENTRE DIVISIONAIRE DES IMPÔTS DOUALA 1,V,CONSEIL JURIDIQUE,0.0
0.0,149506.0,3.0,31.0,0.0,0.0,0.0,1,CENTRE SPECIALISE DES IMPOTS,V,CONSEIL JURIDIQUE,0.0
-1.0,52567.0,3.0,9.0,0.0,0.0,0.0,1,CENTRE DIV IMPOTS DE DOUALA 1,V,ACTIVITES FOURNIES PRINCIPALEMENT AUX ENTREPRISES,0.0
-1.0,34351.0,1.0,395.0,0.0,0.0,0.0,1,CSPLI CENTRE DIVISIONAIRE DES IMPÔTS DOUALA 1,J,ACTIVITE POUR LA SANTE HUMAINE ET ACTION SOCIALE,0.0
0.0,68310.0,2.0,15.0,0.0,0.0,0.0,1,CENTRE DIV IMPOTS DE DOUALA 1,J,"MEDECINS, PHARMACIENS, DENTISTES",0.0
-1.0,38473.0,2.0,426.0,0.0,0.0,0.0,1,CSPLI CENTRE DIVISIONAIRE DES IMPÔTS DOUALA 1,J,ACTIVITE POUR LA SANTE HUMAINE ET ACTION SOCIALE,0.0
-1.0,50187.0,0.0,31.0,0.0,0.0,0.0,1,CSPLI CENTRE DIVISIONAIRE DES IMPÔTS DOUALA 1,R,ACTIVITE POUR LA SANTE HUMAINE ET ACTION SOCIALE,0.0
0.0,1244566.0,0.0,267.0,0.0,0.0,0.0,1,CSPLI CENTRE DIVISIONAIRE DES IMPÔTS DOUALA 1,R,SOINS MEDICAUX d a SERVICES,0.0
0.0,11710967.0,0.0,183.0,0.0,0.0,0.0,1,CSPLI CENTRE DIVISIONAIRE DES IMPÔTS DOUALA 1,R,"MEDECINS, PHARMACIENS, DENTISTES",0.0
-1.0,-3748.0,3.0,43.0,0.0,0.0,0.0,1,CENTRE SPECIALISE DES IMPOTS,J,ACTIVITES FOURNIES PRINCIPALEMENT AUX ENTREPRISES,0.0
-1.0,67042.0,3.0,75.0,0.0,0.0,0.0,1,CENTRE DIV IMPOTS DE DOUALA 2,J,COMMUNICATIONS,0.0
-1.0,651319.0,3.0,501.0,0.0,0.0,0.0,1,CSPLI CENTRE DIVISIONAIRE DES IMPÔTS DOUALA 3,V,"PROFESSIONS LIBERALES, CABINETS COMPTABLES ET FISCAUX, CONSEILS JURIDIQUES, OFFICIERS MINISTERIELS",0.0
-1.0,104599.0,0.0,15.0,0.0,0.0,0.0,1,CSPLI CENTRE DIVISIONAIRE DES IMPÔTS DOUALA 1,R,"PROFESSIONS LIBERALES, CABINETS COMPTABLES ET FISCAUX, CONSEILS JURIDIQUES, OFFICIERS MINISTERIELS",0.0
1.0,440051.0,0.0,69.0,0.0,0.0,0.0,1,CENTRE DIV IMPOTS DE DOUALA 1,R,SERV. FOURN. AUX ENT. SAUF LOCATION M-M,0.0
-1.0,167113.0,3.0,7.0,0.0,0.0,0.0,1,CENTRE DIV IMPOTS DE DOUALA 1,V,"AUTRES ACTIVITES FOURNIES A LA COLLECTIVITE, ACTIVITES SOCIALES ET PERSONNELLES",0.0
0.0,2880335.0,2.0,429.0,0.0,0.0,0.0,1,CSPLI CENTRE DIVISIONAIRE DES IMPÔTS DOUALA 2,J,ACTIVITE POUR LA SANTE HUMAINE ET ACTION SOCIALE,0.0
-1.0,138516.0,3.0,308.0,0.0,0.0,0.0,1,CENTRE DES IMPOTS DES MOYENNES ENTREPRISES DOUALA BONANJO,V,"ETUDES TOPOGRAPHIQUES, GEOPHYSIQUE",0.0
1.0,137356.0,1.0,14.0,0.0,0.0,0.0,1,CENTRE DIV IMPOTS DE DOUALA 1,J,ACTIVITES FOURNIES PRINCIPALEMENT AUX ENTREPRISES,0.0
-1.0,11286.0,3.0,5.0,0.0,0.0,0.0,1,CENTRE DIV IMPOTS DE DOUALA 2,J,ACTIVITES FOURNIES PRINCIPALEMENT AUX ENTREPRISES,0.0
-1.0,2913982.0,3.0,221.0,0.0,0.0,0.0,1,CIME CENTRE DIVISIONAIRE DES IMPÔTS DOUALA 1,V,ACTIVITES FINANCIERES ET D'ASSURANCE,0.0
-1.0,5519951.0,3.0,441.0,0.0,0.0,0.0,1,CIME CENTRE DIVISIONAIRE DES IMPÔTS DOUALA 1,J,ACTIVITE POUR LA SANTE HUMAINE ET ACTION SOCIALE,0.0
-1.0,595371.0,2.0,200.0,0.0,0.0,0.0,1,CENTRE DIV IMPOTS DE DOUALA 3,J,FABRICATION APPAREIL RADIO ET TELECOM,0.0
-1.0,71730286.0,3.0,295.0,0.0,0.0,0.0,1,CENTRE DIV IMPOTS DE DOUALA 3,V,TRANSITAIRE ET AUXILIAIRES DES TRANSPORTS,1.0
2.0,5874976.0,2.0,200.0,0.0,0.0,0.0,1,CENTRE DIV IMPOTS DE DOUALA 3,J,"FAB. OUVRAGES METAUX,MACHINES m",1.0
1.0,24028.0,2.0,3.0,0.0,0.0,0.0,9,CENTRE DIV IMPOTS DE DOUALA 1,J,ENTREPRISES D?ENTRETIEN ET DE NETTOYAGE D?IMMEUBLES,0.0
1.0,1405591.0,0.0,9.0,0.0,0.0,0.0,1,CENTRE DIV IMPOTS DE DOUALA 1,R,COMMERCE DE GROS ET DE DETAIL,1.0
5.0,908791.0,1.0,138.0,0.0,0.0,0.0,1,CENTRE DIV IMPOTS DE DOUALA 3,J,CONSTRUCTION,1.0
0.0,-20.0,3.0,743.0,0.0,0.0,0.0,1,CENTRE DIV IMPOTS DE DOUALA 10,V,TRANSPORTS AERIENS,1.0
-1.0,438386.0,2.0,49.0,0.0,0.0,0.0,1,CENTRE DIV IMPOTS DE DOUALA 2,J,COMMERCE GENERAL,0.0
0.0,-16.0,1.0,1.0,0.0,0.0,0.0,1,CENTRE DIV IMPOTS DE DOUALA 1,V,ACTIVITES FINANCIERES ET D'ASSURANCE,0.0
0.0,1690443.0,2.0,33.0,0.0,0.0,0.0,1,CENTRE DIV IMPOTS DE DOUALA 1,J,"TRANSPORTS MARITIMES, TRANSPORTS FLUVIAUX, BACS",1.0
-1.0,1510333.0,2.0,180.0,0.0,0.0,0.0,1,DIRECTION DES GRANDES ENTREPRISES,J,ETUDE ET PROSPECTION DE PETROLE,1.0
-1.0,29422.0,3.0,34.0,0.0,0.0,0.0,1,CENTRE DIV IMPOTS DE DOUALA 1,V,TRANSITAIRE ET AUXILIAIRES DES TRANSPORTS,1.0
1.0,29364211.0,2.0,249.0,0.0,0.0,0.0,1,CIME CENTRE DIVISIONAIRE DES IMPÔTS DOUALA 1,J,DISTILLAT. RECTIFIC m SPIRITUEUX,1.0
-1.0,79458.0,3.0,48.0,0.0,0.0,0.0,1,CENTRE DIV IMPOTS DE DOUALA 3,V,COMMERCE DE GROS ET DE DETAIL,1.0
-1.0,-122.0,1.0,167.0,0.0,0.0,0.0,1,CENTRE DES IMPOTS DES MOYENNES ENTREPRISES DOUALA AKWA 2,J,TRANSPORT PAR CAR,1.0
-1.0,-166473.0,3.0,57.0,0.0,0.0,0.0,1,DIRECTION DES GRANDES ENTREPRISES,V,ACTIVITES FOURNIES PRINCIPALEMENT AUX ENTREPRISES,0.0
-1.0,154968223.0,3.0,203.0,0.0,0.0,0.0,1,DIRECTION DES GRANDES ENTREPRISES,V,"PRODUCTION ET DISTRIBUTION D'EAU, ASSAINISSEMENT ET TRAITEMENT DE DECHETS",1.0
-1.0,7116920.0,3.0,510.0,0.0,0.0,0.0,1,CSPLI CENTRE DIVISIONAIRE DES IMPÔTS DOUALA 1,V,"PROFESSIONS LIBERALES, CABINETS COMPTABLES ET FISCAUX, CONSEILS JURIDIQUES, OFFICIERS MINISTERIELS",0.0
0.0,4454603.0,0.0,144.0,0.0,0.0,0.0,1,CENTRE DIV IMPOTS DE DOUALA 2,R,TRANSITAIRE ET AUXILIAIRES DES TRANSPORTS,1.0
0.0,-1914.0,3.0,13.0,0.0,0.0,0.0,1,CENTRE DES IMPOTS DES MOYENNES ENTREPRISES DOUALA AKWA 1,V,"AUTRES ACTIVITES FOURNIES A LA COLLECTIVITE, ACTIVITES SOCIALES ET PERSONNELLES",0.0
0.0,218156.0,0.0,47.0,0.0,0.0,0.0,1,CENTRE DIV IMPOTS DE DOUALA 1,R,SERV. FOURN. AUX ENTREPRISES,0.0
-1.0,44105178.0,3.0,332.0,0.0,0.0,0.0,1,DIRECTION DES GRANDES ENTREPRISES,J,TRANSPORTS PAR OLEODUC OU GAZODUC,1.0
0.0,205849.0,0.0,243.0,0.0,0.0,0.0,1,CIME CENTRE DIVISIONAIRE DES IMPÔTS DOUALA 1,R,"GROSSITE COMMERCE GENERAL,PRODUITS INDETERMINES",0.0
2.0,365643.0,0.0,67.0,0.0,0.0,0.0,1,CENTRE DIV IMPOTS DE DOUALA 1,R,SERV. FOURN. AUX ENTREPRISES,0.0
-1.0,199419.0,3.0,264.0,0.0,0.0,0.0,1,CSPLI CENTRE DIVISIONAIRE DES IMPÔTS DOUALA 1,V,SERVICES VETERINAIRES,0.0
-1.0,33910.0,1.0,9.0,0.0,0.0,0.0,1,CENTRE DIV IMPOTS DE DOUALA 1,J,COMMERCE DE GROS ET DE DETAIL,1.0
0.0,147006192.0,3.0,261.0,0.0,0.0,0.0,1,CIME CENTRE DIVISIONAIRE DES IMPÔTS DOUALA 1,J,AUXILIAIRES DES TRANSPORTS AERIENS,1.0
-1.0,18225.0,3.0,42.0,0.0,0.0,0.0,3,CENTRE DIV IMPOTS DE DOUALA 3,V,ENSEIGNEMENT,0.0
-1.0,585424.0,3.0,38.0,0.0,0.0,0.0,1,CENTRE DIV IMPOTS DE DOUALA 1,V,COMMUNICATIONS,0.0
0.0,26549313.0,2.0,264.0,0.0,0.0,0.0,1,CIME CENTRE DIVISIONAIRE DES IMPÔTS DOUALA 2,J,"ENTREPRISES ET AGENCES DE PRESSE, STUDIOS PHOTOGRAPHIQUES",0.0
0.0,478932.0,0.0,390.0,0.0,0.0,0.0,1,CSPLI CENTRE DIVISIONAIRE DES IMPÔTS DOUALA 1,R,"PROFESSIONS LIBERALES, CABINETS COMPTABLES ET FISCAUX, CONSEILS JURIDIQUES, OFFICIERS MINISTERIELS",0.0
-1.0,93592.0,2.0,111.0,0.0,0.0,0.0,1,CSPLI CENTRE DIVISIONAIRE DES IMPÔTS DOUALA 1,J,COMMUNICATIONS,0.0
3.0,887439.0,0.0,165.0,0.0,0.0,0.0,1,CSPLI CENTRE DIVISIONAIRE DES IMPÔTS DOUALA 1,R,SERV. FOURN. AUX ENTREPRISES,0.0
0.0,1532182.0,1.0,376.0,0.0,0.0,0.0,1,CIME CENTRE DIVISIONAIRE DES IMPÔTS DOUALA 1,J,ACTIVITES FOURNIES PRINCIPALEMENT AUX ENTREPRISES,1.0
-1.0,10226.0,3.0,90.0,0.0,0.0,0.0,1,CENTRE PRINCIPAL DES IMPOTS DU LITTORAL 1,V,ASSURANCES,0.0
-1.0,15979.0,3.0,20.0,0.0,0.0,0.0,1,CENTRE DIV IMPOTS DE DOUALA 1,V,ACTIVITES FINANCIERES ET D'ASSURANCE,0.0
0.0,791208.0,3.0,135.0,0.0,0.0,0.0,1,DIRECTION DES GRANDES ENTREPRISES,J,"INDUSTRIE DU CACAO, DU CAFE, DU THE, ET DU SUCRE",1.0
0.0,-2380.0,3.0,21.0,0.0,0.0,0.0,1,CENTRE DIV IMPOTS DE DOUALA 1,V,ACTIVITES FOURNIES PRINCIPALEMENT AUX ENTREPRISES,1.0
-1.0,2169808.0,1.0,387.0,0.0,0.0,0.0,1,CIME CENTRE DIVISIONAIRE DES IMPÔTS DOUALA 1,J,COMMERCE DE GROS ET DE DETAIL,0.0
-1.0,32923.0,0.0,4.0,0.0,0.0,0.0,1,CENTRE DIV IMPOTS DE DOUALA 1,R,ACTIVITES FOURNIES PRINCIPALEMENT AUX ENTREPRISES,0.0
0.0,6858.0,3.0,4.0,0.0,0.0,0.0,1,CENTRE DIV IMPOTS DE DOUALA 1,J,ACTIVITES FOURNIES PRINCIPALEMENT AUX ENTREPRISES,0.0
-1.0,123269.0,2.0,7.0,0.0,0.0,0.0,1,CENTRE DIV IMPOTS DE DOUALA 1,J,ACTIVITES FOURNIES PRINCIPALEMENT AUX ENTREPRISES,0.0
0.0,41975.0,3.0,6.0,0.0,0.0,0.0,1,CENTRE DES IMPOTS DES MOYENNES ENTREPRISES DOUALA BONANJO,J,"MEDECINS, PHARMACIENS, DENTISTES",0.0
1.0,118678.0,0.0,4.0,0.0,0.0,0.0,1,CENTRE DIV IMPOTS DE DOUALA 1,R,COMMERCE DE GROS ET DE DETAIL,1.0
-1.0,11804.0,2.0,1.0,0.0,0.0,0.0,1,CENTRE DIV IMPOTS DE DOUALA 2,R,"BATIMENTS ET TRAVAUX PUBLICS : ENTREPRISES GENERALES DE BATIMENT, ENTREPRISES DE PEINTURE, D?INSTALLATIONS SANITAIRES, D?INSTALLATIONS ELECTRIQUES, DE ZINGUERIE, DE PLOMBERIE, DE VITRERIE ; CONSTRUCTION ET ENTRETIEN DES ROUTES, VOIES FERREES, CANALISATION D?EAU (OUVRAGES D?ART EXCLUS)",1.0
-1.0,-12.0,3.0,5.0,0.0,0.0,0.0,1,CENTRE DES IMPOTS DES MOYENNES ENTREPRISES DOUALA AKWA 2,V,ACTIVITES FOURNIES PRINCIPALEMENT AUX ENTREPRISES,0.0
-1.0,564876.0,3.0,574.0,0.0,0.0,0.0,3,CENTRE DIV IMPOTS DE DOUALA 2,V,ENSEIGNEMENT,0.0
-1.0,10250.0,3.0,3.0,0.0,0.0,0.0,1,CSI WOURI 1,V,"PROFESSIONS LIBERALES, CABINETS COMPTABLES ET FISCAUX, CONSEILS JURIDIQUES, OFFICIERS MINISTERIELS",0.0
-1.0,-850.0,3.0,551.0,0.0,0.0,0.0,1,DIRECTION DES GRANDES ENTREPRISES,V,"BATIMENTS ET TRAVAUX PUBLICS : ENTREPRISES GENERALES DE BATIMENT, ENTREPRISES DE PEINTURE, D?INSTALLATIONS SANITAIRES, D?INSTALLATIONS ELECTRIQUES, DE ZINGUERIE, DE PLOMBERIE, DE VITRERIE ; CONSTRUCTION ET ENTRETIEN DES ROUTES, VOIES FERREES, CANALISATION D?EAU (OUVRAGES D?ART EXCLUS)",1.0
0.0,-7.0,3.0,30.0,0.0,0.0,0.0,1,CENTRE DIV IMPOTS DE DOUALA 1,J,FABRICATION DE PRODUITS CHIMIQUES ET PHARMACEUTIQUES,1.0
12.0,9279.0,3.0,79.0,0.0,0.0,0.0,3,CENTRE DIV IMPOTS DE DOUALA 10,J,ENSEIGNEMENT,0.0
-1.0,654994.0,3.0,277.0,0.0,0.0,0.0,1,CIME CENTRE DIVISIONAIRE DES IMPÔTS DOUALA 1,J,CHAUDRONNERIE ET CONSTRUCTION METALIQUE,1.0
-1.0,31478.0,2.0,82.0,0.0,0.0,0.0,1,CENTRE PRINCIPAL DES IMPOTS DU LITTORAL 1,J,EXPORT-IMPORT PRODUITS INDETERMINES,1.0
-1.0,98532.0,2.0,86.0,0.0,0.0,0.0,1,CENTRE PRINCIPAL DES IMPOTS DU LITTORAL 1,J,COMMERCE GENERAL,0.0
-1.0,41114.0,3.0,91.0,0.0,0.0,0.0,1,CENTRE PRINCIPAL DES IMPOTS DU LITTORAL 1,V,COMMERCE DE DETAIL,0.0
2.0,413256.0,0.0,67.0,0.0,0.0,0.0,1,CENTRE DIV IMPOTS DE DOUALA 1,R,SERV. FOURN. AUX ENTREPRISES,0.0
0.0,-18.0,3.0,77.0,0.0,0.0,0.0,1,CIME CENTRE DIVISIONAIRE DES IMPÔTS DOUALA 1,J,ASSISTANCE TECHNOLOGIQUE AUX ENTREPRISES,0.0
17.0,127937.0,1.0,34.0,0.0,0.0,0.0,1,CENTRE DIV IMPOTS DE DOUALA 2,J,ACTIVITES FOURNIES PRINCIPALEMENT AUX ENTREPRISES,1.0
46.0,8253821.0,0.0,213.0,0.0,0.0,0.0,1,CENTRE DIV IMPOTS DE DOUALA 2,R,REPARATION DE VEHICULES,1.0
-1.0,-82248.0,3.0,224.0,0.0,0.0,0.0,1,CSPLI CENTRE DIVISIONAIRE DES IMPÔTS DOUALA 2,V,SOINS MEDICAUX d a SERVICES,0.0
7.0,40931.0,3.0,140.0,0.0,0.0,0.0,1,CENTRE DIV IMPOTS DE DOUALA 8,J,COMMERCE GENERAL,0.0
2.0,-30203.0,3.0,72.0,0.0,0.0,0.0,1,CENTRE DIV IMPOTS DE DOUALA 1,V,SOINS MEDICAUX d a SERVICES,0.0
0.0,1317471.0,2.0,124.0,0.0,0.0,0.0,1,CENTRE DIV IMPOTS DE DOUALA 2,J,SOINS MEDICAUX d a SERVICES,0.0
-1.0,9988.0,3.0,41.0,0.0,0.0,0.0,1,CENTRE DIV IMPOTS DE DOUALA 4,V,SERV. FOURN. AUX PARTICULIERS m,0.0
-1.0,78210.0,3.0,67.0,0.0,0.0,0.0,3,CENTRE DIV IMPOTS DE DOUALA 1,V,ENSEIGNEMENT,0.0
11.0,44492.0,0.0,27.0,0.0,0.0,0.0,3,CENTRE DIV IMPOTS DE DOUALA 1,R,ENSEIGNEMENT,0.0
0.0,172904.0,1.0,30.0,0.0,0.0,0.0,3,CENTRE DIV IMPOTS DE DOUALA 1,J,ENSEIGNEMENT,0.0
0.0,93910.0,6.0,50.0,0.0,0.0,0.0,1,CENTRE DES IMPOTS DES PROFESSIONS LIBERALES DOUALA,J,"PROFESSIONS LIBERALES, CABINETS COMPTABLES ET FISCAUX, CONSEILS JURIDIQUES, OFFICIERS MINISTERIELS",0.0
-1.0,11785808.0,3.0,357.0,0.0,0.0,0.0,3,CENTRE PRINCIPAL DES IMPOTS DU LITTORAL 2,V,ENSEIGNEMENT,0.0
-1.0,24.0,2.0,0.0,0.0,0.0,0.0,1,CENTRE DIV IMPOTS DE DOUALA 1,R,ACTIVITES FOURNIES PRINCIPALEMENT AUX ENTREPRISES,0.0
-1.0,82600.0,3.0,147.0,0.0,0.0,0.0,1,CSPLI CENTRE DIVISIONAIRE DES IMPÔTS DOUALA 2,V,SOINS MEDICAUX d a SERVICES,0.0
-1.0,-61438.0,3.0,44.0,0.0,0.0,0.0,1,CENTRE DES IMPOTS DES PROFESSIONS LIBERALES DOUALA,J,SOINS MEDICAUX d a SERVICES,0.0
30.0,1547577.0,0.0,72.0,0.0,0.0,0.0,1,CENTRE DIV IMPOTS DE DOUALA 10,R,"ORGANISMES DE SANTE, MAISONS DE RETRAITE, MAISONS DE REPOS",0.0
-1.0,-281.0,3.0,111.0,0.0,0.0,0.0,1,CSPLI CENTRE DIVISIONAIRE DES IMPÔTS DOUALA 1,V,SOINS MEDICAUX d a SERVICES,0.0
29.0,43928494.0,0.0,163.0,0.0,0.0,0.0,1,CSPLI CENTRE DIVISIONAIRE DES IMPÔTS DOUALA 2,R,SOINS MEDICAUX d a SERVICES,0.0
-1.0,135824.0,0.0,51.0,0.0,0.0,0.0,1,CENTRE PRINCIPAL DES IMPOTS DU LITTORAL 1,R,ACTIVITE POUR LA SANTE HUMAINE ET ACTION SOCIALE,0.0
0.0,135338065.0,0.0,393.0,0.0,0.0,0.0,1,CSPLI CENTRE DIVISIONAIRE DES IMPÔTS DOUALA 1,R,ACTIVITE POUR LA SANTE HUMAINE ET ACTION SOCIALE,0.0
-1.0,-510.0,3.0,297.0,0.0,0.0,0.0,1,CENTRE DES IMPOTS DES MOYENNES ENTREPRISES DOUALA BONANJO,V,SCIERIES ET RAVAIL MECANIQUE DU BOIS,1.0
3.0,2418827.0,3.0,230.0,0.0,0.0,0.0,1,CSPLI CENTRE DIVISIONAIRE DES IMPÔTS DOUALA 2,J,SOINS MEDICAUX d a SERVICES,0.0
-1.0,12318.0,0.0,145.0,0.0,0.0,0.0,1,CSPLI CENTRE DIVISIONAIRE DES IMPÔTS DOUALA 1,R,SOINS MEDICAUX d a SERVICES,0.0
0.0,199412.0,3.0,78.0,0.0,0.0,0.0,1,CSPLI CENTRE DIVISIONAIRE DES IMPÔTS DOUALA 1,V,ACTIVITE POUR LA SANTE HUMAINE ET ACTION SOCIALE,0.0
-1.0,-39.0,3.0,425.0,0.0,0.0,0.0,1,CSPLI CENTRE DIVISIONAIRE DES IMPÔTS DOUALA 1,V,ACTIVITE POUR LA SANTE HUMAINE ET ACTION SOCIALE,0.0
-1.0,369966.0,2.0,207.0,0.0,0.0,0.0,1,CSPLI CENTRE DIVISIONAIRE DES IMPÔTS DOUALA 1,J,"ORGANISMES DE SANTE, MAISONS DE RETRAITE, MAISONS DE REPOS",0.0
0.0,-52474.0,3.0,182.0,0.0,0.0,0.0,1,CENTRE SPECIALISE DES IMPOTS,V,SOINS MEDICAUX d a SERVICES,0.0
-1.0,55158.0,3.0,8.0,0.0,0.0,0.0,1,CENTRE DIV IMPOTS DE DOUALA 1,V,"MEDECINS, PHARMACIENS, DENTISTES",0.0
0.0,707981.0,3.0,169.0,0.0,0.0,0.0,1,CSPLI CENTRE DIVISIONAIRE DES IMPÔTS DOUALA 1,V,SOINS MEDICAUX d a SERVICES,0.0
23.0,3576462.0,2.0,212.0,0.0,0.0,0.0,3,CENTRE DIV IMPOTS DE DOUALA 10,J,ENSEIGNEMENT,0.0
0.0,2343072.0,0.0,331.0,0.0,0.0,0.0,1,CIME CENTRE DIVISIONAIRE DES IMPÔTS DOUALA 1,R,TRANSITAIRE ET AUXILIAIRES DES TRANSPORTS,1.0
-1.0,402264.0,1.0,244.0,0.0,0.0,0.0,1,CENTRE DES IMPOTS DES MOYENNES ENTREPRISES DOUALA AKWA 2,J,"COM. GROS d,RESTAURATION h",0.0
6.0,565499.0,2.0,195.0,0.0,0.0,0.0,1,CSI LIMBE,J,BATIMENT ET TRAVAUX PUBLICS,1.0
-1.0,280665.0,3.0,229.0,0.0,0.0,0.0,1,CENTRE DES IMPOTS DES MOYENNES ENTREPRISES DOUALA BONANJO,V,SERVICES INCLASSABLE,0.0
67.0,92864.0,3.0,300.0,0.0,0.0,0.0,1,CENTRE PRINCIPAL DES IMPOTS DU LITTORAL 1,J,SERVICE TECHNIQUE ET LABORATOIRES,0.0
-1.0,-30933.0,3.0,44.0,0.0,0.0,0.0,1,CENTRE DIV IMPOTS DE DOUALA 1,V,COMMERCE DE GROS ET DE DETAIL,0.0
-1.0,2875575.0,3.0,57.0,0.0,0.0,0.0,1,CENTRE DIV IMPOTS DE DOUALA 1,V,TRANSITAIRES ET AGREES EN DOUANE,1.0
0.0,4840.0,3.0,59.0,0.0,0.0,0.0,1,CENTRE DIV IMPOTS DE DOUALA 1,J,SERV. FOURN. AUX ENTREPRISES,1.0
-1.0,1421730.0,3.0,381.0,0.0,0.0,0.0,1,CENTRE DES IMPOTS DES MOYENNES ENTREPRISES DOUALA AKWA 1,V,TRANSITAIRE ET AUXILIAIRES DES TRANSPORTS,1.0
-1.0,129581369.0,3.0,645.0,0.0,0.0,0.0,1,CENTRE DES IMPOTS DES MOYENNES ENTREPRISES DOUALA BONANJO,V,ACTIVITES FOURNIES PRINCIPALEMENT AUX ENTREPRISES,0.0
49.0,349437.0,3.0,93.0,0.0,0.0,0.0,1,CENTRE PRINCIPAL DES IMPOTS DU LITTORAL 1,V,SERVICES PERSONNELS NON CLASSES AILLEURS,0.0
-1.0,338212.0,3.0,33.0,0.0,0.0,0.0,1,CENTRE DIV IMPOTS DE DOUALA 1,J,COMMERCE GENERAL,0.0
1.0,140613.0,0.0,56.0,0.0,0.0,0.0,1,CENTRE DIV IMPOTS DE DOUALA 1,R,TRANSITAIRES ET AGREES EN DOUANE,1.0
-1.0,357073.0,2.0,164.0,0.0,0.0,0.0,9,CENTRE DIV IMPOTS DE DOUALA 1,J,nan,0.0
-1.0,8785489.0,3.0,867.0,0.0,0.0,0.0,1,DIRECTION DES GRANDES ENTREPRISES,V,ASSURANCES,0.0
0.0,1137062.0,2.0,24.0,0.0,0.0,0.0,1,CENTRE DIV IMPOTS DE DOUALA 1,J,ACTIVITES FINANCIERES ET D'ASSURANCE,0.0
45.0,32717.0,3.0,226.0,0.0,0.0,0.0,1,CENTRE DIV IMPOTS DE DOUALA 10,V,SERVICES RECREATIFS s CULTURELS,0.0
-1.0,15641.0,3.0,28.0,0.0,0.0,0.0,9,CENTRE PRINCIPAL DES IMPOTS DU CENTRE 1,V,nan,0.0
-1.0,32184.0,3.0,10.0,0.0,0.0,0.0,1,CENTRE DIV IMPOTS DE DOUALA 1,V,COMMERCE DE GROS ET DE DETAIL,1.0
0.0,-152.0,1.0,0.0,0.0,0.0,0.0,1,CENTRE DIV IMPOTS DE DOUALA 2,V,ACTIVITES FOURNIES PRINCIPALEMENT AUX ENTREPRISES,0.0
-1.0,62112.0,3.0,126.0,0.0,0.0,0.0,1,CENTRE DIV IMPOTS DE DOUALA 3,V,COMMERCE GENERAL,0.0
10.0,262591.0,3.0,84.0,0.0,0.0,0.0,1,CENTRE DES IMPOTS DES MOYENNES ENTREPRISES DOUALA AKWA 1,V,COMMERCE DE GROS ET DE DETAIL,0.0
5.0,30301370.0,3.0,211.0,0.0,0.0,0.0,3,CENTRE DES IMPOTS DES MOYENNES ENTREPRISES DOUALA BONANJO,V,ENSEIGNEMENT,0.0
-1.0,72028.0,2.0,2.0,0.0,0.0,0.0,1,CSPLI CENTRE DIVISIONAIRE DES IMPÔTS DOUALA 1,V,"MEDECINS, PHARMACIENS, DENTISTES",0.0
-1.0,17150.0,2.0,0.0,0.0,0.0,0.0,1,CENTRE DIV IMPOTS DE DOUALA 1,R,ACTIVITES FOURNIES PRINCIPALEMENT AUX ENTREPRISES,0.0
-1.0,365258.0,3.0,308.0,0.0,0.0,0.0,1,CENTRE DIV IMPOTS DE DOUALA 1,V,ASSURANCES,0.0
0.0,735956779.0,0.0,423.0,0.0,0.0,0.0,2,DIRECTION DES GRANDES ENTREPRISES,R,"ENTREPRISES FORESTIERES, SCIERIES",1.0
-1.0,80295.0,3.0,140.0,0.0,0.0,0.0,1,CSPLI CENTRE DIVISIONAIRE DES IMPÔTS DOUALA 3,V,ACTIVITES FOURNIES PRINCIPALEMENT AUX ENTREPRISES,0.0
-1.0,40886.0,3.0,84.0,0.0,0.0,0.0,1,CENTRE DIV IMPOTS DE DOUALA 13,V,BATIMENT ET TRAVAUX PUBLICS,1.0
-1.0,21268.0,3.0,35.0,0.0,0.0,0.0,1,CENTRE DIV IMPOTS DE DOUALA 1,V,SERV. FOURN. AUX ENTREPRISES,1.0
1.0,63658.0,1.0,12.0,0.0,0.0,0.0,1,CENTRE DIV IMPOTS DE DOUALA 1,J,ACTIVITES D'INFORMATION ET DE TELECOMMUNICATIONS,0.0
-1.0,-258898.0,2.0,83.0,0.0,0.0,0.0,1,CENTRE DIV IMPOTS DE DOUALA 10,J,AUTRES ETABLISEMENTS FINANCIERS,0.0
-1.0,37189.0,3.0,27.0,0.0,0.0,0.0,1,CENTRE DIV IMPOTS DE DOUALA 1,V,ACTIVITES FOURNIES PRINCIPALEMENT AUX ENTREPRISES,1.0
-1.0,18868974.0,3.0,323.0,0.0,0.0,0.0,1,DIRECTION DES GRANDES ENTREPRISES,V,BANQUE ET ETABLISSEMENTS FINANCIERS,0.0
0.0,-9589.0,3.0,54.0,0.0,0.0,0.0,1,CENTRE DIV IMPOTS DE DOUALA 2,V,COMMERCE DE DETAIL,0.0
-1.0,16011.0,3.0,12.0,0.0,0.0,0.0,1,CENTRE DIV IMPOTS DE DOUALA 1,V,COMMERCE DE GROS ET DE DETAIL,1.0
-1.0,394055.0,3.0,453.0,0.0,0.0,0.0,1,CIME CENTRE DIVISIONAIRE DES IMPÔTS DOUALA 1,V,AFF. IMMOB. s FOURN. AUX ENTREP.,0.0
0.0,192996.0,2.0,374.0,0.0,0.0,0.0,1,CSPLI CENTRE DIVISIONAIRE DES IMPÔTS DOUALA 2,J,AGENCES IMMOBILIERES,0.0
-1.0,333415.0,2.0,99.0,0.0,0.0,0.0,1,CENTRE DIV IMPOTS DE DOUALA 10,J,ACTIVITES FOURNIES PRINCIPALEMENT AUX ENTREPRISES,0.0
-1.0,30832.0,3.0,24.0,0.0,0.0,0.0,1,CENTRE DIV IMPOTS DE DOUALA 2,V,COMMERCE DE GROS ET DE DETAIL,0.0
0.0,43359.0,0.0,3.0,0.0,0.0,0.0,1,CENTRE DIV IMPOTS DE DOUALA 1,R,ACTIVITES FOURNIES PRINCIPALEMENT AUX ENTREPRISES,0.0
-1.0,152105.0,2.0,123.0,0.0,0.0,0.0,1,CENTRE DIV IMPOTS DE DOUALA 1,J,SERV. FOURN. AUX ENTREPRISES,1.0
0.0,65186.0,1.0,2.0,0.0,0.0,0.0,1,CENTRE DIV IMPOTS DE DOUALA 3,J,ACTIVITE POUR LA SANTE HUMAINE ET ACTION SOCIALE,0.0
0.0,61495.0,0.0,20.0,0.0,0.0,0.0,1,CENTRE SPECIALISE DES IMPOTS,R,ACTIVITE POUR LA SANTE HUMAINE ET ACTION SOCIALE,0.0
32.0,354717.0,0.0,72.0,0.0,0.0,0.0,1,CENTRE DIV IMPOTS DE DOUALA 1,R,SOINS MEDICAUX d a SERVICES,0.0
-1.0,131413.0,3.0,392.0,0.0,0.0,0.0,1,CSPLI CENTRE DIVISIONAIRE DES IMPÔTS DOUALA 2,V,ACTIVITE POUR LA SANTE HUMAINE ET ACTION SOCIALE,0.0
9.0,3899049.0,1.0,356.0,0.0,0.0,0.0,1,CSPLI CENTRE DIVISIONAIRE DES IMPÔTS DOUALA 2,J,SOINS MEDICAUX d a SERVICES,0.0
0.0,-11857504.0,3.0,447.0,0.0,0.0,0.0,1,CSPLI CENTRE DIVISIONAIRE DES IMPÔTS DOUALA 1,V,ACTIVITE POUR LA SANTE HUMAINE ET ACTION SOCIALE,0.0
-1.0,167989.0,3.0,290.0,0.0,0.0,0.0,1,CSPLI CENTRE DIVISIONAIRE DES IMPÔTS DOUALA 2,J,SOINS MEDICAUX d a SERVICES,0.0
-1.0,682014.0,2.0,16.0,0.0,0.0,0.0,1,CENTRE DIV IMPOTS DE DOUALA 1,J,ACTIVITES FOURNIES PRINCIPALEMENT AUX ENTREPRISES,0.0
7.0,64602.0,2.0,15.0,0.0,0.0,0.0,1,CENTRE DIV IMPOTS DE DOUALA 1,J,ACTIVITES FOURNIES PRINCIPALEMENT AUX ENTREPRISES,0.0
-1.0,63159.0,3.0,20.0,0.0,0.0,0.0,1,CENTRE DIV IMPOTS DE DOUALA 1,J,ACTIVITES FOURNIES PRINCIPALEMENT AUX ENTREPRISES,0.0
-1.0,312158.0,3.0,43.0,0.0,0.0,0.0,1,CSI WOURI 2,J,SOINS MEDICAUX d a SERVICES,0.0
-1.0,76479.0,3.0,69.0,0.0,0.0,0.0,1,CSI WOURI 1,V,SOINS MEDICAUX d a SERVICES,0.0
1.0,73345.0,3.0,9.0,0.0,0.0,0.0,1,CENTRE DIV IMPOTS DE DOUALA 1,J,ACTIVITE POUR LA SANTE HUMAINE ET ACTION SOCIALE,0.0
-1.0,337503.0,3.0,75.0,0.0,0.0,0.0,1,CSPLI CENTRE DIVISIONAIRE DES IMPÔTS DOUALA 1,V,ACTIVITE POUR LA SANTE HUMAINE ET ACTION SOCIALE,0.0
0.0,-7042.0,3.0,45.0,0.0,0.0,0.0,1,CENTRE DIV IMPOTS DE DOUALA 3,V,SERVICES TRAITEMENT t DONNEES,0.0
0.0,-242455.0,3.0,219.0,0.0,0.0,0.0,1,DIRECTION DES GRANDES ENTREPRISES,J,ACTIVITES FOURNIES PRINCIPALEMENT AUX ENTREPRISES,1.0
-1.0,-2041896.0,3.0,135.0,0.0,0.0,0.0,1,DIRECTION DES GRANDES ENTREPRISES,J,TRANSITAIRE ET AUXILIAIRES DES TRANSPORTS,1.0
13.0,7667065.0,3.0,267.0,0.0,0.0,0.0,1,CIME CENTRE DIVISIONAIRE DES IMPÔTS DOUALA 1,V,ACTIVITES FOURNIES PRINCIPALEMENT AUX ENTREPRISES,0.0
0.0,-4199.0,3.0,73.0,0.0,0.0,0.0,1,CENTRE DIVISIONNAIRE DES IMPÔTS DOUALA 12,V,COMMERCE GENERAL,1.0
38.0,1888340.0,3.0,312.0,0.0,0.0,0.0,1,CIME CENTRE DIVISIONAIRE DES IMPÔTS DOUALA 1,V,BATIMENT ET TRAVAUX PUBLICS,1.0
-1.0,49858.0,1.0,1.0,0.0,0.0,0.0,3,CENTRE DIV IMPOTS DE DOUALA 2,V,ENSEIGNEMENT,0.0
-1.0,769564.0,3.0,52.0,0.0,0.0,0.0,1,CENTRE DIV IMPOTS DE DOUALA 1,V,SERV. FOURN. AUX PARTICULIERS m,0.0
-1.0,1897795.0,3.0,451.0,0.0,0.0,0.0,3,CENTRE DIV IMPOTS DE DOUALA 10,V,ENSEIGNEMENT,0.0
-1.0,140100.0,3.0,561.0,0.0,0.0,0.0,3,CENTRE DIV IMPOTS DE DOUALA 2,V,ENSEIGNEMENT,0.0
0.0,18603519.0,0.0,355.0,0.0,0.0,0.0,3,CENTRE DIV IMPOTS DE DOUALA 2,R,ENSEIGNEMENT,0.0
-1.0,283632.0,3.0,30.0,0.0,0.0,0.0,1,CENTRE DIV IMPOTS DE DOUALA 1,V,ACTIVITES FOURNIES PRINCIPALEMENT AUX ENTREPRISES,1.0
-1.0,17593.0,2.0,326.0,0.0,0.0,0.0,1,CSPLI CENTRE DIVISIONAIRE DES IMPÔTS DOUALA 2,J,SOINS MEDICAUX d a SERVICES,0.0
25.0,118243.0,2.0,667.0,0.0,0.0,0.0,9,CENTRE DIV IMPOTS DE DOUALA 8,J,SERV. FOURN. AUX PARTICULIERS m,0.0
-1.0,890616245.0,3.0,615.0,0.0,0.0,0.0,1,CIME CENTRE DIVISIONAIRE DES IMPÔTS DOUALA 1,V,MAIRIES ET COMMUNES,0.0
-1.0,446145115.0,1.0,440.0,0.0,0.0,0.0,1,CIME CENTRE DIVISIONAIRE DES IMPÔTS DOUALA 1,J,MAIRIES ET COMMUNES,0.0
-1.0,102463395.0,2.0,442.0,0.0,0.0,0.0,1,CENTRE PRINCIPAL DES IMPOTS DU LITTORAL 1,J,MAIRIES ET COMMUNES,0.0
1.0,10277.0,2.0,17.0,0.0,0.0,0.0,1,CENTRE DIV IMPOTS DE DOUALA 1,J,ACTIVITES FOURNIES PRINCIPALEMENT AUX ENTREPRISES,0.0
-1.0,-1777.0,3.0,32.0,0.0,0.0,0.0,1,CENTRE DIV IMPOTS DE DOUALA 1,J,TRANSITAIRE ET AUXILIAIRES DES TRANSPORTS,1.0
-1.0,-71805.0,3.0,230.0,0.0,0.0,0.0,1,CSPLI CENTRE DIVISIONAIRE DES IMPÔTS DOUALA 1,V,TRANSPORT ET ENTREPOSAGE,1.0
-1.0,703752078.0,0.0,329.0,0.0,0.0,0.0,1,DIVISION DES GRANDES ENTREPRISES,R,TRANSPORT ET ENTREPOSAGE,1.0
-1.0,1361017.0,3.0,307.0,0.0,0.0,0.0,1,CIME CENTRE DIVISIONAIRE DES IMPÔTS DOUALA 1,V,TRANSPORT ET ENTREPOSAGE,1.0
-1.0,537709.0,3.0,101.0,0.0,0.0,0.0,1,CIME CENTRE DIVISIONNAIRE DES IMPÔTS DOUALA 5 BIS,V,PRODUCTION FOURRAGERE PAYS TEMPERES,1.0
-1.0,18419.0,3.0,20.0,0.0,0.0,0.0,1,CENTRE DIV IMPOTS DE DOUALA 1,J,COMMERCE DE GROS ET DE DETAIL,0.0
-1.0,17640.0,3.0,7.0,0.0,0.0,0.0,1,CSI WOURI 2,V,ACTIVITE POUR LA SANTE HUMAINE ET ACTION SOCIALE,0.0
0.0,8575.0,0.0,1.0,0.0,0.0,0.0,1,CENTRE DIV IMPOTS DE DOUALA 1,R,ACTIVITES FOURNIES PRINCIPALEMENT AUX ENTREPRISES,0.0
-1.0,1502173.0,2.0,19.0,0.0,0.0,0.0,2,CIME CENTRE DIVISIONAIRE DES IMPÔTS DOUALA 1,J,"AGRICULTURE ET ENTREPRISES AGRO-PASTORALES, HORTICULTURE, SYLVICULTURE",0.0
0.0,295708.0,2.0,50.0,0.0,0.0,0.0,1,CENTRE DEPARTEMENTAL DE LA MIFI,R,COMMERCE DE GROS ET DE DETAIL,1.0
2.0,110512.0,2.0,156.0,0.0,0.0,0.0,1,CENTRE PRINCIPAL DES IMPOTS DU LITTORAL 1,J,SERV. FOURN. AUX ENTREPRISES,0.0
-1.0,151345.0,0.0,3.0,0.0,0.0,0.0,1,CENTRE DIV IMPOTS DE DOUALA 3,R,"BATIMENTS ET TRAVAUX PUBLICS : ENTREPRISES GENERALES DE BATIMENT, ENTREPRISES DE PEINTURE, D?INSTALLATIONS SANITAIRES, D?INSTALLATIONS ELECTRIQUES, DE ZINGUERIE, DE PLOMBERIE, DE VITRERIE ; CONSTRUCTION ET ENTRETIEN DES ROUTES, VOIES FERREES, CANALISATION D?EAU (OUVRAGES D?ART EXCLUS)",1.0
-1.0,5099174.0,3.0,295.0,0.0,0.0,0.0,3,CENTRE DIV IMPOTS DE DOUALA 1,V,ENSEIGNEMENT,0.0
-1.0,206812.0,3.0,182.0,0.0,0.0,0.0,1,CENTRE DIV IMPOTS DE DOUALA 1,V,"VENTE/PRODUCTEUR ALIMENTATION,TABAC",0.0
-1.0,21149875.0,3.0,297.0,0.0,0.0,0.0,1,CENTRE DIV IMPOTS DE DOUALA 3,V,SERV. FOURN. AUX ENTREPRISES,0.0
0.0,5695787.0,3.0,298.0,0.0,0.0,0.0,1,CIME CENTRE DIVISIONAIRE DES IMPÔTS DOUALA 1,V,COMMUNICATIONS,0.0
-1.0,332811.0,3.0,32.0,0.0,0.0,0.0,1,CENTRE DIV IMPOTS DE DOUALA 3,V,SERV. FOURN. AUX ENTREPRISES,0.0
0.0,9014.0,2.0,62.0,0.0,0.0,0.0,1,CENTRE DIV IMPOTS DE DOUALA 1,J,BATIMENT ET TRAVAUX PUBLICS,1.0
0.0,109708.0,0.0,31.0,0.0,0.0,0.0,1,CENTRE DIV IMPOTS DE DOUALA 1,R,ADMINISTRATIONS PUBLIQUES ET SECURITE SOCIALE,0.0
1.0,4204.0,3.0,19.0,0.0,0.0,0.0,1,CENTRE DIV IMPOTS DE DOUALA 1,J,"FABRICATION DE PAPIER, CARTON ET D'ARTICLES EN PAPIER OU EN CARTON, IMPRIMERIE ET REPRODUCTION",1.0
-1.0,1067501.0,0.0,314.0,0.0,0.0,0.0,9,CENTRE DIV IMPOTS DE DOUALA 8,R,SERV. FOURN. AUX PARTICULIERS m,0.0
-1.0,152672.0,3.0,384.0,0.0,0.0,0.0,1,CIME CENTRE DIVISIONAIRE DES IMPÔTS DOUALA 1,V,EXPORT-IMPORT PRODUITS INDETERMINES,1.0
-1.0,50943226.0,3.0,602.0,0.0,0.0,0.0,1,CIME CENTRE DIVISIONAIRE DES IMPÔTS DOUALA 1,J,"AUTRES ACTIVITES FOURNIES A LA COLLECTIVITE, ACTIVITES SOCIALES ET PERSONNELLES",0.0
-1.0,814939.0,2.0,223.0,0.0,0.0,0.0,1,CSPLI CENTRE DIVISIONAIRE DES IMPÔTS DOUALA 1,J,"COMPTABILITE, VERIF. COMPTES t LIV",0.0
-1.0,40166.0,3.0,54.0,0.0,0.0,0.0,1,CENTRE PRINCIPAL DES IMPOTS DU LITTORAL 2,J,AUTRES S. SOC. c FOURN A LA COLLEC,0.0
0.0,-1933.0,3.0,368.0,0.0,0.0,0.0,1,CIME CENTRE DIVISIONAIRE DES IMPÔTS DOUALA 1,V,COMMERCE DE GROS ET DE DETAIL,1.0
-1.0,34720.0,3.0,97.0,0.0,0.0,0.0,1,CENTRE DIV IMPOTS DE DOUALA 1,V,SERV. FOURN. AUX ENTREPRISES,1.0
-1.0,73425.0,3.0,63.0,0.0,0.0,0.0,1,CENTRE DIV IMPOTS DE DOUALA 1,V,"BATIMENTS ET TRAVAUX PUBLICS : ENTREPRISES GENERALES DE BATIMENT, ENTREPRISES DE PEINTURE, D?INSTALLATIONS SANITAIRES, D?INSTALLATIONS ELECTRIQUES, DE ZINGUERIE, DE PLOMBERIE, DE VITRERIE ; CONSTRUCTION ET ENTRETIEN DES ROUTES, VOIES FERREES, CANALISATION D?EAU (OUVRAGES D?ART EXCLUS)",1.0
0.0,18387.0,3.0,130.0,0.0,0.0,0.0,1,CENTRE PRINCIPAL DES IMPOTS DU CENTRE 1,J,MISSIONS DIPLOMATIQUES ET CONSULAIRES,0.0
-1.0,430514.0,1.0,41.0,0.0,0.0,0.0,1,CENTRE DIV IMPOTS DE DOUALA 1,J,TRANSPORTS ROUTIERS DE MARCHANDISES OU DE VOYAGEURS,1.0
-1.0,674894.0,3.0,244.0,0.0,0.0,0.0,1,DIRECTION DES GRANDES ENTREPRISES,J,ASSURANCES,0.0
8.0,23661.0,3.0,30.0,0.0,0.0,0.0,1,CIME CENTRE DIVISIONAIRE DES IMPÔTS DOUALA 1,V,ASSISTANCE TECHNOLOGIQUE AUX ENTREPRISES,0.0
-1.0,517756.0,2.0,264.0,0.0,0.0,0.0,1,CIME CENTRE DIVISIONAIRE DES IMPÔTS DOUALA 1,J,SERVICES FINANCIERS,0.0
-1.0,25630.0,3.0,27.0,0.0,0.0,0.0,1,CENTRE DIV IMPOTS DE DOUALA 2,J,"BATIMENTS ET TRAVAUX PUBLICS : ENTREPRISES GENERALES DE BATIMENT, ENTREPRISES DE PEINTURE, D?INSTALLATIONS SANITAIRES, D?INSTALLATIONS ELECTRIQUES, DE ZINGUERIE, DE PLOMBERIE, DE VITRERIE ; CONSTRUCTION ET ENTRETIEN DES ROUTES, VOIES FERREES, CANALISATION D?EAU (OUVRAGES D?ART EXCLUS)",1.0
-1.0,1651570.0,3.0,123.0,0.0,0.0,0.0,1,CSPLI CENTRE DIVISIONAIRE DES IMPÔTS DOUALA 1,J,SERV. FOURN. AUX ENTREPRISES,1.0
1.0,84432.0,0.0,235.0,0.0,0.0,0.0,1,CENTRE DIV IMPOTS DE DOUALA 3,R,CONFECTION,1.0
1.0,23667.0,0.0,3.0,0.0,0.0,0.0,1,CENTRE DIV IMPOTS DE DOUALA 1,R,ACTIVITES FOURNIES PRINCIPALEMENT AUX ENTREPRISES,0.0
0.0,-1202.0,3.0,26.0,0.0,0.0,0.0,1,CENTRE DIV IMPOTS DE DOUALA 1,V,ACTIVITES FOURNIES PRINCIPALEMENT AUX ENTREPRISES,0.0
0.0,7438974.0,1.0,368.0,0.0,0.0,0.0,1,CENTRE DES IMPOTS DES MOYENNES ENTREPRISES DOUALA BONANJO,J,"IMPRIMERIE, EDITION i ANNEXES",1.0
1.0,228408.0,0.0,3.0,0.0,0.0,0.0,1,CIME CENTRE DIVISIONAIRE DES IMPÔTS DOUALA 1,R,ACTIVITES FINANCIERES ET D'ASSURANCE,0.0
-1.0,328437.0,2.0,28.0,0.0,0.0,0.0,1,CENTRE DIV IMPOTS DE DOUALA 1,J,ACTIVITES FINANCIERES ET D'ASSURANCE,0.0
-1.0,945386.0,0.0,8.0,0.0,0.0,0.0,1,CENTRE DIV IMPOTS DE DOUALA 2,R,"PROFESSIONS LIBERALES, CABINETS COMPTABLES ET FISCAUX, CONSEILS JURIDIQUES, OFFICIERS MINISTERIELS",0.0
-1.0,1357250.0,1.0,23.0,0.0,0.0,0.0,1,CENTRE DIV IMPOTS DE DOUALA 1,J,ACTIVITES FOURNIES PRINCIPALEMENT AUX ENTREPRISES,0.0
-1.0,677529.0,1.0,198.0,0.0,0.0,0.0,2,CENTRE DEPARTEMENTAL DES IMPOTS DE KUMBA,J,"AGRICULTURE ET ENTREPRISES AGRO-PASTORALES, HORTICULTURE, SYLVICULTURE",0.0
0.0,136482.0,0.0,39.0,0.0,0.0,0.0,1,CENTRE DIV IMPOTS DE DOUALA 1,R,SERV. FOURN. AUX ENTREPRISES,1.0
-1.0,26534.0,3.0,187.0,0.0,0.0,0.0,1,CENTRE DIV IMPOTS DE DOUALA 2,V,MARCHAND AMBULANT AUTRES PRODUITS LOCAUX,0.0
-1.0,801232.0,0.0,24.0,0.0,0.0,0.0,1,CENTRE DIV IMPOTS DE DOUALA 1,R,"AUTRES ACTIVITES FOURNIES A LA COLLECTIVITE, ACTIVITES SOCIALES ET PERSONNELLES",0.0
-1.0,40691734.0,3.0,409.0,0.0,0.0,0.0,1,DIRECTION DES GRANDES ENTREPRISES,V,EXPLOITATION FORESTIERE,1.0
0.0,-4.0,3.0,64.0,0.0,0.0,0.0,1,CENTRE DIV IMPOTS DE DOUALA 1,V,SERV. FOURN. AUX ENTREPRISES,1.0
2.0,11441.0,0.0,133.0,0.0,0.0,0.0,1,CENTRE DIV IMPOTS DE DOUALA 2,R,ACTIVITES FOURNIES PRINCIPALEMENT AUX ENTREPRISES,1.0
-1.0,11745.0,3.0,15.0,0.0,0.0,0.0,1,CENTRE DES IMPOTS DES MOYENNES ENTREPRISES DOUALA AKWA 1,V,COMMERCE DE GROS ET DE DETAIL,1.0
0.0,150360.0,0.0,13.0,0.0,0.0,0.0,1,CENTRE DIV IMPOTS DE DOUALA 1,R,"OPERATIONS DE TRANSIT, CONSIGNATION DE NAVIRES",1.0
-1.0,30684.0,2.0,213.0,0.0,0.0,0.0,1,CSPLI CENTRE DIVISIONAIRE DES IMPÔTS DOUALA 1,J,CONSEILS JURIDIQUES,0.0
2.0,12401.0,3.0,168.0,0.0,0.0,0.0,1,CENTRE DIV IMPOTS DE DOUALA 2,V,COMMERCE GENERAL,0.0
-1.0,719134.0,1.0,24.0,0.0,0.0,0.0,1,CENTRE DES IMPOTS DES MOYENNES ENTREPRISES DOUALA BONANJO,J,TRANSITAIRES ET AGREES EN DOUANE,1.0
-1.0,69781.0,2.0,11.0,0.0,0.0,0.0,1,CIME CENTRE DIVISIONAIRE DES IMPÔTS DOUALA 1,J,COMMERCE DE GROS ET DE DETAIL,1.0
0.0,1971280.0,3.0,13.0,0.0,0.0,0.0,1,CENTRE DES IMPOTS DES MOYENNES ENTREPRISES DOUALA AKWA 1,J,COMMERCE DE GROS ET DE DETAIL,1.0
0.0,55785955.0,0.0,254.0,0.0,0.0,0.0,1,DGE CENTRE DIVISIONAIRE DES IMPÔTS DOUALA 10,R,SERV. FOURN. AUX ENTREPRISES,1.0
-1.0,8805017.0,3.0,549.0,0.0,0.0,0.0,1,CSPLI CENTRE DIVISIONAIRE DES IMPÔTS DOUALA 1,V,ACTIVITE POUR LA SANTE HUMAINE ET ACTION SOCIALE,0.0
0.0,-362.0,3.0,32.0,0.0,0.0,0.0,1,CENTRE DIV IMPOTS DE DOUALA 1,V,SERV. FOURN. AUX ENTREPRISES,1.0
-1.0,194667.0,3.0,29.0,0.0,0.0,0.0,9,CENTRE DIV IMPOTS DE DOUALA 2,V,nan,0.0
0.0,378277.0,0.0,32.0,0.0,0.0,0.0,9,CENTRE DIV IMPOTS DE DOUALA 1,R,nan,0.0
0.0,122717.0,3.0,3.0,0.0,0.0,0.0,1,CENTRE DIV IMPOTS DE DOUALA 1,J,ACTIVITES FOURNIES PRINCIPALEMENT AUX ENTREPRISES,0.0
-1.0,-360.0,3.0,16.0,0.0,0.0,0.0,1,CENTRE DIV IMPOTS DE DOUALA 2,J,ACTIVITES FOURNIES PRINCIPALEMENT AUX ENTREPRISES,0.0
-1.0,10290.0,3.0,7.0,0.0,0.0,0.0,1,CENTRE DIV IMPOTS DE DOUALA 1,V,ACTIVITES FOURNIES PRINCIPALEMENT AUX ENTREPRISES,0.0
0.0,225750.0,0.0,288.0,0.0,0.0,0.0,1,CIME CENTRE DIVISIONAIRE DES IMPÔTS DOUALA 1,R,ACTIVITES FOURNIES PRINCIPALEMENT AUX ENTREPRISES,1.0
-1.0,21473.0,3.0,71.0,0.0,0.0,0.0,1,DIRECTION DES GRANDES ENTREPRISES,V,"IMPORTATEUR COMMERCE GENERAL,PRODUITS INDETERMINES",0.0
0.0,-288528.0,3.0,464.0,0.0,0.0,0.0,1,CSPLI CENTRE DIVISIONAIRE DES IMPÔTS DOUALA 1,V,"COMPTABILITE, VERIF. COMPTES t LIV",0.0
0.0,-10374698.0,2.0,612.0,0.0,0.0,0.0,1,DIRECTION DES GRANDES ENTREPRISES,J,"PROFESSIONS LIBERALES, CABINETS COMPTABLES ET FISCAUX, CONSEILS JURIDIQUES, OFFICIERS MINISTERIELS",0.0
-1.0,-8724.0,3.0,326.0,0.0,0.0,0.0,1,DIRECTION DES GRANDES ENTREPRISES,V,TRANSPORTS PAR CAMIONS,1.0
1.0,688372.0,2.0,191.0,0.0,0.0,0.0,1,CENTRE DIV IMPOTS DE DOUALA 3,J,"S.FOURN.COLLEC, S.SOCIAUX sPERSONNELS",0.0
0.0,16342.0,3.0,38.0,0.0,0.0,0.0,1,CENTRE DIVI DES IMPOTS DE DOUALA 5,J,"HOTELS, HOTELS MEUBLES e ANALOGUES",0.0
0.0,11659.0,3.0,58.0,0.0,0.0,0.0,1,CENTRE DIV IMPOTS DE DOUALA 2,J,SERV. FOURN. AUX ENTREPRISES,0.0
-1.0,3384317.0,3.0,555.0,0.0,0.0,0.0,1,DIRECTION DES GRANDES ENTREPRISES,V,"PRODUCTION ET DISTRIBUTION D'EAU, ASSAINISSEMENT ET TRAITEMENT DE DECHETS",1.0
1.0,101095.0,1.0,71.0,0.0,0.0,0.0,1,CENTRE DIV IMPOTS DE DOUALA 1,J,COMMERCE GENERAL,0.0
0.0,4633.0,2.0,4.0,0.0,0.0,0.0,1,CENTRE DIV IMPOTS DE DOUALA 1,J,TRANSITAIRES ET AGREES EN DOUANE,1.0
-1.0,300741.0,0.0,87.0,0.0,0.0,0.0,1,CENTRE DIV IMPOTS DE DOUALA 10,R,"HOTELS, HOTELS MEUBLES e ANALOGUES",0.0
-1.0,169785.0,0.0,19.0,0.0,0.0,0.0,1,CENTRE DIV IMPOTS DE DOUALA 4,R,ACTIVITES FOURNIES PRINCIPALEMENT AUX ENTREPRISES,0.0
-1.0,625210.0,1.0,177.0,0.0,0.0,0.0,9,CENTRE DIV IMPOTS DE DOUALA 2,J,nan,0.0
0.0,444933.0,1.0,215.0,0.0,0.0,0.0,1,CIME CENTRE DIVISIONAIRE DES IMPÔTS DOUALA 1,J,SERV. FOURN. AUX PARTICULIERS m,1.0
-1.0,26927.0,2.0,12.0,0.0,0.0,0.0,1,CENTRE DIV IMPOTS DE DOUALA 2,J,TRANSPORTS ROUTIERS DE MARCHANDISES OU DE VOYAGEURS,1.0
0.0,-664393.0,3.0,187.0,0.0,0.0,0.0,1,DIRECTION DES GRANDES ENTREPRISES,V,TRANSPORT ET ENTREPOSAGE,1.0
-1.0,-247867.0,3.0,520.0,0.0,0.0,0.0,1,DIRECTION DES GRANDES ENTREPRISES,V,TRANSPORT ET ENTREPOSAGE,1.0
-1.0,-8.0,3.0,24.0,0.0,0.0,0.0,1,DIRECTION DES GRANDES ENTREPRISES,V,COMMERCE DE GROS ET DE DETAIL,0.0
0.0,459.0,3.0,79.0,0.0,0.0,0.0,1,CENTRE DIV IMPOTS DE DOUALA 1,J,AUTRES S. SOC. c FOURN A LA COLLEC,0.0
3.0,299842.0,0.0,31.0,0.0,0.0,0.0,1,CENTRE DIV IMPOTS DE DOUALA 4,R,ACTIVITES FOURNIES PRINCIPALEMENT AUX ENTREPRISES,1.0
-1.0,-98047.0,3.0,172.0,0.0,0.0,0.0,1,DIRECTION DES GRANDES ENTREPRISES,V,"ENTREPRISES DE PRODUCTION, DE TRANSPORT ET DE DISTRIBUTION D?ELECTRICITE",1.0
5.0,810672.0,3.0,256.0,0.0,0.0,0.0,1,CENTRE DIV IMPOTS DE DOUALA 3,V,DETAILLANT ENERGIE ET LUBRIFIANT,1.0
-1.0,409462.0,2.0,23.0,0.0,0.0,0.0,1,CENTRE DIV IMPOTS DE DOUALA 2,J,ACTIVITES FINANCIERES ET D'ASSURANCE,0.0
0.0,69826.0,2.0,22.0,0.0,0.0,0.0,9,CENTRE DIV IMPOTS DE DOUALA 1,J,nan,0.0
1.0,0.0,2.0,12.0,0.0,0.0,0.0,1,CENTRE DIV IMPOTS DE DOUALA 1,J,ACTIVITES FOURNIES PRINCIPALEMENT AUX ENTREPRISES,0.0
-1.0,22620.0,3.0,9.0,0.0,0.0,0.0,1,CENTRE DIV IMPOTS DE DOUALA 10,J,COMMERCE GENERAL,0.0
0.0,30799.0,3.0,57.0,0.0,0.0,0.0,1,CENTRE DIV IMPOTS DE DOUALA 1,J,COMMERCE GENERAL,0.0
0.0,392653.0,2.0,15.0,0.0,0.0,0.0,1,CENTRE DIV IMPOTS DE DOUALA 2,J,"FABRICATION DE PAPIER, CARTON ET D'ARTICLES EN PAPIER OU EN CARTON, IMPRIMERIE ET REPRODUCTION",1.0
1.0,65852.0,1.0,14.0,0.0,0.0,0.0,1,CENTRE DIV IMPOTS DE DOUALA 4,J,ASSISTANCE TECHNOLOGIQUE AUX ENTREPRISES,0.0
0.0,31056.0,2.0,35.0,0.0,0.0,0.0,1,CENTRE DIV IMPOTS DE DOUALA 1,J,SERV. FOURN. AUX ENTREPRISES,1.0
-1.0,9883.0,3.0,35.0,0.0,0.0,0.0,1,CENTRE DIV IMPOTS DE DOUALA 2,V,BATIMENT ET TRAVAUX PUBLICS,1.0
0.0,19192.0,1.0,25.0,0.0,0.0,0.0,1,CENTRE DIV IMPOTS DE DOUALA 6,J,ACTIVITES FOURNIES PRINCIPALEMENT AUX ENTREPRISES,0.0
0.0,2745356.0,0.0,264.0,0.0,0.0,0.0,1,CIME CENTRE DIVISIONAIRE DES IMPÔTS DOUALA 1,R,COMMERCE DE GROS ET DE DETAIL,0.0
0.0,12058.0,3.0,15.0,0.0,0.0,0.0,1,CENTRE DES IMPOTS DES MOYENNES ENTREPRISES DOUALA AKWA 1,J,ACTIVITES FOURNIES PRINCIPALEMENT AUX ENTREPRISES,0.0
-1.0,158248.0,3.0,741.0,0.0,0.0,0.0,1,CSPLI CENTRE DIVISIONAIRE DES IMPÔTS DOUALA 2,J,ACTIVITE POUR LA SANTE HUMAINE ET ACTION SOCIALE,0.0
-1.0,21624.0,3.0,27.0,0.0,0.0,0.0,9,CENTRE DIV IMPOTS DE DOUALA 1,J,nan,0.0
26.0,455694.0,0.0,69.0,0.0,0.0,0.0,1,CENTRE DIV IMPOTS DE DOUALA 2,R,EXTRACTION DES PRODUITS DES HYDROCARBURES ET D'AUTRES PRODUITS ENERGETIQUES,1.0
-1.0,76859.0,3.0,37.0,0.0,0.0,0.0,1,CENTRE DIV IMPOTS DE DOUALA 2,V,COMMERCE GENERAL,0.0
0.0,46607.0,3.0,192.0,0.0,0.0,0.0,1,CENTRE PRINCIPAL DES IMPOTS DU LITTORAL 1,V,COMPTABILITE,0.0
-1.0,152161.0,3.0,259.0,0.0,0.0,0.0,1,CENTRE PRINCIPAL DES IMPOTS DU LITTORAL 1,V,SERV. FOURN. AUX PARTICULIERS m,0.0
0.0,-174955.0,3.0,15.0,0.0,0.0,0.0,1,CENTRE DIV IMPOTS DE DOUALA 1,J,EXTRACTION DES PRODUITS DES HYDROCARBURES ET D'AUTRES PRODUITS ENERGETIQUES,1.0
4.0,89495.0,3.0,45.0,0.0,0.0,0.0,1,CSPLI CENTRE DIVISIONAIRE DES IMPÔTS DOUALA 1,V,SOINS MEDICAUX d a SERVICES,0.0
1.0,862.0,1.0,110.0,0.0,0.0,0.0,1,CENTRE DIV IMPOTS DE DOUALA 1,J,COMMERCE GENERAL,0.0
-1.0,403866.0,0.0,27.0,0.0,0.0,0.0,1,CENTRE DIV IMPOTS DE DOUALA 1,R,ACTIVITES FOURNIES PRINCIPALEMENT AUX ENTREPRISES,0.0
-1.0,71766.0,2.0,22.0,0.0,0.0,0.0,1,CENTRE DIV IMPOTS DE DOUALA 1,J,ACTIVITES FOURNIES PRINCIPALEMENT AUX ENTREPRISES,0.0
-1.0,26520.0,3.0,19.0,0.0,0.0,0.0,1,CENTRE DIV IMPOTS DE DOUALA 2,V,TRANSPORTS ROUTIERS DE MARCHANDISES OU DE VOYAGEURS,1.0
-1.0,367503.0,1.0,44.0,0.0,0.0,0.0,1,CENTRE DES IMPOTS DES MOYENNES ENTREPRISES DOUALA AKWA 1,J,TRANSPORTS ROUTIERS DE MARCHANDISES OU DE VOYAGEURS,1.0
-1.0,50156.0,2.0,3.0,0.0,0.0,0.0,1,CENTRE DIV IMPOTS DE DOUALA 1,J,ACTIVITES FOURNIES PRINCIPALEMENT AUX ENTREPRISES,0.0
-1.0,461820.0,0.0,14.0,0.0,0.0,0.0,1,CENTRE DIV IMPOTS DE DOUALA 1,R,COMMERCE DE GROS ET DE DETAIL,1.0
0.0,353839.0,0.0,33.0,0.0,0.0,0.0,1,CENTRE DIV IMPOTS DE DOUALA 1,R,COMMERCE GENERAL,0.0
0.0,547999.0,2.0,45.0,0.0,0.0,0.0,1,CENTRE DES IMPOTS DES MOYENNES ENTREPRISES DOUALA AKWA 1,J,TRANSPORTS ROUTIERS DE MARCHANDISES OU DE VOYAGEURS,1.0
-1.0,18399.0,2.0,22.0,0.0,0.0,0.0,1,CENTRE DIV IMPOTS DE DOUALA 1,J,ACTIVITES FOURNIES PRINCIPALEMENT AUX ENTREPRISES,0.0
1.0,25668.0,1.0,3.0,0.0,0.0,0.0,1,CENTRE DES IMPOTS DES MOYENNES ENTREPRISES DOUALA AKWA 2,J,"TRAVAUX PUBLICS, GENIE CIVIL : CARRIERE A CIEL OUVERT, TRAVAUX SOUTERRAINS DANS LA CONSTRUCTION ET L?ENTRETIEN DES EGOUTS ET CANALISATIONS D?EAU, CONSTRUCTION ET ENTRETIEN D?OUVRAGES D?ART (PONTS, AQUEDUCS, QUAIS, JETEES, DIGUES ET BARRAGES), ENTREPRISES DE CONSTRUCTION ET D?ENTRETIEN DE LIGNES EXTERIEURES DE TRANSPORT D?ENERGIE, ENTREPRISES DE DEMOLITION, CONSTRUCTION DE TUNNELS",1.0
0.0,193916.0,3.0,43.0,0.0,0.0,0.0,1,CENTRE DIV IMPOTS DE DOUALA 8,V,SERV. FOURN. AUX ENTREPRISES,1.0
0.0,378473.0,1.0,2.0,0.0,0.0,0.0,1,CENTRE DIV IMPOTS DE DOUALA 1,J,REPARATION DE VEHICULES,1.0
0.0,-1.0,2.0,50.0,0.0,0.0,0.0,2,CENTRE DES IMPOTS DES MOYENNES ENTREPRISES DOUALA AKWA 1,J,"AGRICULTURE ET ENTREPRISES AGRO-PASTORALES, HORTICULTURE, SYLVICULTURE",0.0
-1.0,38885.0,3.0,85.0,0.0,0.0,0.0,1,CENTRE PRINCIPAL DES IMPOTS DU LITTORAL 1,V,AUTRES S. SOC. c FOURN A LA COLLEC,0.0
0.0,982221.0,3.0,255.0,0.0,0.0,0.0,1,CSPLI CENTRE DIVISIONAIRE DES IMPÔTS DOUALA 1,J,SOINS MEDICAUX d a SERVICES,0.0
-1.0,34368.0,0.0,2.0,0.0,0.0,0.0,1,CENTRE DIV IMPOTS DE DOUALA 2,R,TRANSITAIRES ET AGREES EN DOUANE,1.0
-1.0,49392.0,2.0,3.0,0.0,0.0,0.0,1,CENTRE DIV IMPOTS DE DOUALA 1,R,ACTIVITES FOURNIES PRINCIPALEMENT AUX ENTREPRISES,0.0
-1.0,192937.0,0.0,24.0,0.0,0.0,0.0,1,CIME CENTRE DIVISIONAIRE DES IMPÔTS DOUALA 2,R,COMMERCE DE GROS ET DE DETAIL,0.0
-1.0,62440.0,3.0,6.0,0.0,0.0,0.0,1,CENTRE DIV IMPOTS DE DOUALA 2,V,TRANSITAIRES ET AGREES EN DOUANE,1.0
0.0,435083840.0,3.0,584.0,0.0,0.0,0.0,1,DIRECTION DES GRANDES ENTREPRISES,J,HEBERGEMENT ET RESTAURATION,0.0
-1.0,432189.0,3.0,309.0,0.0,0.0,0.0,1,CIME CENTRE DIVISIONAIRE DES IMPÔTS DOUALA 1,J,SERV. FOURN. AUX ENTREPRISES,0.0
-1.0,605474.0,3.0,56.0,0.0,0.0,0.0,3,CENTRE DIV IMPOTS DE DOUALA 1,V,ENSEIGNEMENT,0.0
2.0,303385.0,3.0,106.0,0.0,0.0,0.0,1,CSPLI CENTRE DIVISIONAIRE DES IMPÔTS DOUALA 1,V,SOINS MEDICAUX d a SERVICES,0.0
-1.0,73512.0,3.0,137.0,0.0,0.0,0.0,1,CENTRE DIV IMPOTS DE DOUALA 2,V,SERV. FOURN. AUX ENTREPRISES,0.0
-1.0,955920.0,1.0,243.0,0.0,0.0,0.0,1,CSPLI CENTRE DIVISIONAIRE DES IMPÔTS DOUALA 1,J,SOINS MEDICAUX d a SERVICES,0.0
0.0,-9734.0,3.0,51.0,0.0,0.0,0.0,1,CSI LIMBE,V,SERV. FOURN. AUX ENTREPRISES,1.0
-1.0,62692232.0,3.0,25.0,0.0,0.0,0.0,1,DIRECTION DES GRANDES ENTREPRISES,J,ACTIVITES FOURNIES PRINCIPALEMENT AUX ENTREPRISES,1.0
0.0,-10.0,1.0,1.0,0.0,0.0,0.0,1,CENTRE DIV IMPOTS DE DOUALA 2,V,ACTIVITES FOURNIES PRINCIPALEMENT AUX ENTREPRISES,0.0
0.0,-11063830.0,3.0,251.0,0.0,0.0,0.0,1,CSPLI CENTRE DIVISIONAIRE DES IMPÔTS DOUALA 2,J,AFF. IMMOB. s FOURN. AUX ENTREP.,0.0
-1.0,386678.0,0.0,212.0,0.0,0.0,0.0,1,CENTRE DIV IMPOTS DE DOUALA 7,R,SOINS MEDICAUX d a SERVICES,0.0
4.0,758599.0,3.0,302.0,0.0,0.0,0.0,1,CSPLI CENTRE DIVISIONAIRE DES IMPÔTS DOUALA 1,V,"MEDECINS, PHARMACIENS, DENTISTES",0.0
-1.0,23465.0,3.0,204.0,0.0,0.0,0.0,1,CSPLI CENTRE DIVISIONAIRE DES IMPÔTS DOUALA 2,V,SOINS MEDICAUX d a SERVICES,0.0
-1.0,-156.0,3.0,43.0,0.0,0.0,0.0,1,CENTRE DIV IMPOTS DE DOUALA 2,V,SERV. FOURN. AUX ENTREPRISES,1.0
-1.0,43867.0,2.0,135.0,0.0,0.0,0.0,1,CIME CENTRE DIVISIONAIRE DES IMPÔTS DOUALA 1,J,COMMERCE GENERAL,0.0
-1.0,-350.0,1.0,1.0,0.0,0.0,0.0,1,CENTRE DIV IMPOTS DE DOUALA 1,V,ACTIVITES FOURNIES PRINCIPALEMENT AUX ENTREPRISES,0.0
0.0,33554.0,3.0,39.0,0.0,0.0,0.0,1,CENTRE DIV IMPOTS DE DOUALA 1,V,"ELECTRICITE, GAZ ET EAUX",0.0
-1.0,9607059.0,3.0,137.0,0.0,0.0,0.0,1,CENTRE DIV IMPOTS DE DOUALA 3,V,TRANSPORT ET ENTREPOSAGE,0.0
18.0,4843878.0,3.0,95.0,0.0,0.0,0.0,1,CENTRE DIV IMPOTS DE DOUALA 13,V,SERV. FOURN. AUX PARTICULIERS m,0.0
-1.0,40931.0,3.0,95.0,0.0,0.0,0.0,1,CENTRE DIV IMPOTS DE DOUALA 1,V,SERV. FOURN. AUX ENTREPRISES,0.0
0.0,13287.0,2.0,11.0,0.0,0.0,0.0,1,CENTRE DIV IMPOTS DE DOUALA 1,J,ACTIVITES FOURNIES PRINCIPALEMENT AUX ENTREPRISES,0.0
-1.0,31972.0,1.0,4.0,0.0,0.0,0.0,1,CENTRE DIV IMPOTS DE DOUALA 1,J,"HOTELS, RESTAURANTS, CAFES, BARS ET DANCING",0.0
15.0,2928555.0,3.0,125.0,0.0,0.0,0.0,1,CENTRE DIV IMPOTS DE DOUALA 1,V,SERV. FOURN. AUX ENTREPRISES,0.0
15.0,381574.0,3.0,273.0,0.0,0.0,0.0,1,CSPLI CENTRE DIVISIONAIRE DES IMPÔTS DOUALA 2,V,DETAILLANT EN VIVRES FRAIS,0.0
0.0,-863.0,3.0,63.0,0.0,0.0,0.0,1,CENTRE DIV IMPOTS DE DOUALA 1,J,COMMERCE GENERAL,0.0
1.0,586290.0,2.0,108.0,0.0,0.0,0.0,1,CENTRE DIV IMPOTS DE DOUALA 1,J,COMMERCE DE GROS ET DE DETAIL,0.0
-1.0,631735.0,3.0,46.0,0.0,0.0,0.0,1,DIRECTION DES GRANDES ENTREPRISES,V,COMMERCE GENERAL,0.0
-1.0,42868.0,3.0,80.0,0.0,0.0,0.0,1,CENTRE DIV IMPOTS DE DOUALA 1,V,PREPARATION ET TEINTURE DES FOURRURES,0.0
-1.0,0.0,2.0,2.0,0.0,0.0,0.0,1,CENTRE DIVI DES IMPOTS DE DOUALA 5,V,"AUTRES ACTIVITES FOURNIES A LA COLLECTIVITE, ACTIVITES SOCIALES ET PERSONNELLES",0.0
-1.0,1919118.0,0.0,24.0,0.0,0.0,0.0,1,CENTRE DIV IMPOTS DE DOUALA 2,R,TRANSPORTS ROUTIERS DE MARCHANDISES OU DE VOYAGEURS,1.0
0.0,-7160.0,3.0,161.0,0.0,0.0,0.0,1,CENTRE DIV IMPOTS DE DOUALA 3,V,"IMPRIMERIE, EDITION i ANNEXES",1.0
-1.0,124229.0,3.0,44.0,0.0,0.0,0.0,1,CENTRE DIV IMPOTS DE DOUALA 2,V,COMMERCE GENERAL,0.0
-1.0,882220.0,3.0,30.0,0.0,0.0,0.0,1,CENTRE DIV IMPOTS DE DOUALA 1,V,COMMERCE DE GROS ET DE DETAIL,1.0
-1.0,41671.0,3.0,43.0,0.0,0.0,0.0,3,CENTRE DIV IMPOTS DE DOUALA 1,V,ENSEIGNEMENT,0.0
-1.0,-16350.0,3.0,86.0,0.0,0.0,0.0,1,CENTRE DIV IMPOTS DE DOUALA 1,V,COMMERCE GENERAL,1.0
3.0,100758.0,3.0,63.0,0.0,0.0,0.0,1,CENTRE DIV IMPOTS DE DOUALA 2,V,SERV. FOURN. AUX ENTREPRISES,1.0
0.0,-237.0,2.0,102.0,0.0,0.0,0.0,1,CENTRE DIV IMPOTS DE DOUALA 1,J,SERV. FOURN. AUX ENTREPRISES,1.0
-1.0,46258.0,3.0,154.0,0.0,0.0,0.0,1,CENTRE DIV IMPOTS DE DOUALA 2,J,SERVICES TRAITEMENT t DONNEES,0.0
-1.0,385118.0,2.0,93.0,0.0,0.0,0.0,1,CSPLI CENTRE DIVISIONAIRE DES IMPÔTS DOUALA 1,J,SERV. FOURN. AUX ENTREPRISES,0.0
0.0,219915.0,0.0,16.0,0.0,0.0,0.0,1,CENTRE DIV IMPOTS DE DOUALA 2,R,COMMERCE DE GROS ET DE DETAIL,1.0
1.0,586854.0,2.0,183.0,0.0,0.0,0.0,9,CENTRE DIV IMPOTS DE DOUALA 1,J,PERSONNEL DOMESTIQUE,0.0
1.0,3234657.0,2.0,213.0,0.0,0.0,0.0,1,CENTRE DIV IMPOTS DE DOUALA 10,J,VENTE/PRODUCTEUR ENERGIE ET LUBRIFIANT,0.0
-1.0,-1258405.0,3.0,657.0,0.0,0.0,0.0,1,CSPLI CENTRE DIVISIONAIRE DES IMPÔTS DOUALA 2,V,COMPTABILITE,0.0
1.0,-1.0,3.0,14.0,0.0,0.0,0.0,1,CENTRE DIV IMPOTS DE DOUALA 1,J,ACTIVITES FOURNIES PRINCIPALEMENT AUX ENTREPRISES,0.0
-1.0,48190.0,3.0,11.0,0.0,0.0,0.0,1,CENTRE DIV IMPOTS DE DOUALA 1,J,ACTIVITES FOURNIES PRINCIPALEMENT AUX ENTREPRISES,0.0
10.0,15309835.0,3.0,192.0,0.0,0.0,0.0,1,CIME CENTRE DIVISIONAIRE DES IMPÔTS DOUALA 1,V,SERV. FOURN. AUX PARTICULIERS m,1.0
-1.0,323932.0,3.0,759.0,0.0,0.0,0.0,3,CENTRE DIV IMPOTS DE DOUALA 10,J,ENSEIGNEMENT,0.0
-1.0,658921.0,3.0,331.0,0.0,0.0,0.0,3,CENTRE DIV IMPOTS DE DOUALA 2,V,ENSEIGNEMENT,0.0
-1.0,122225.0,3.0,475.0,0.0,0.0,0.0,3,CENTRE DIV IMPOTS DE DOUALA 1,V,ENSEIGNEMENT,0.0
7.0,1272833.0,2.0,199.0,0.0,0.0,0.0,3,CENTRE DIV IMPOTS DE DOUALA 3,J,ENSEIGNEMENT,0.0
-1.0,199837.0,3.0,17.0,0.0,0.0,0.0,3,CENTRE DIV IMPOTS DE DOUALA 3,V,ENSEIGNEMENT,0.0
-1.0,74790.0,0.0,3.0,0.0,0.0,0.0,3,CENTRE DIV IMPOTS DE DOUALA 2,R,ENSEIGNEMENT,0.0
0.0,266853.0,3.0,328.0,0.0,0.0,0.0,3,CENTRE PRINCIPAL DES IMPOTS DU LITTORAL 2,V,ENSEIGNEMENT,0.0
4.0,1614808.0,0.0,295.0,0.0,0.0,0.0,3,CENTRE DIV IMPOTS DE DOUALA 2,R,ENSEIGNEMENT,0.0
0.0,23810.0,3.0,43.0,0.0,0.0,0.0,3,CENTRE DIVI DES IMPOTS DE DOUALA 5,V,ENSEIGNEMENT,0.0
-1.0,64140.0,3.0,404.0,0.0,0.0,0.0,3,CENTRE DIV IMPOTS DE DOUALA 2,V,ENSEIGNEMENT,0.0
29.0,801516.0,3.0,295.0,0.0,0.0,0.0,3,CENTRE DIV IMPOTS DE DOUALA 10,V,OEUVRES SOCIALES,0.0
-1.0,-715.0,3.0,367.0,0.0,0.0,0.0,3,CENTRE DIV IMPOTS DE DOUALA 1,V,ENSEIGNEMENT,0.0
0.0,-2768794.0,1.0,735.0,0.0,0.0,0.0,3,CIME CENTRE DIVISIONAIRE DES IMPÔTS DOUALA 1,J,ENSEIGNEMENT,1.0
1.0,45260789.0,1.0,627.0,0.0,0.0,0.0,3,CENTRE DIV IMPOTS DE DOUALA 3,J,ENSEIGNEMENT,0.0
0.0,10861.0,3.0,9.0,0.0,0.0,0.0,1,CENTRE DIV IMPOTS DE DOUALA 1,V,TOUS TRAVAUX DE MANUTENTION,1.0
0.0,20579.0,1.0,27.0,0.0,0.0,0.0,1,CENTRE DES IMPOTS DES MOYENNES ENTREPRISES DOUALA AKWA 1,J,ACTIVITES FOURNIES PRINCIPALEMENT AUX ENTREPRISES,0.0
-1.0,14836.0,3.0,42.0,0.0,0.0,0.0,1,CENTRE DIV IMPOTS DE DOUALA 2,V,SERV. FOURN. AUX ENTREPRISES,0.0
18.0,107381.0,3.0,140.0,0.0,0.0,0.0,1,CENTRE DIV IMPOTS DE DOUALA 3,J,BATIMENT ET TRAVAUX PUBLICS,0.0
-1.0,275791.0,3.0,60.0,0.0,0.0,0.0,1,CENTRE DIV IMPOTS DE DOUALA 1,V,EXPORT-IMPORT LIVRES,0.0
0.0,127489.0,3.0,105.0,0.0,0.0,0.0,1,CENTRE DIV IMPOTS DE DOUALA 1,J,SERV. FOURN. AUX ENTREPRISES,0.0
-1.0,630200.0,3.0,219.0,0.0,0.0,0.0,1,CENTRE DIV IMPOTS DE DOUALA 1,J,"COM. GROS d,RESTAURATION h",0.0
1.0,17712.0,3.0,9.0,0.0,0.0,0.0,1,CENTRE DIV IMPOTS DE DOUALA 3,V,"BATIMENTS ET TRAVAUX PUBLICS : ENTREPRISES GENERALES DE BATIMENT, ENTREPRISES DE PEINTURE, D?INSTALLATIONS SANITAIRES, D?INSTALLATIONS ELECTRIQUES, DE ZINGUERIE, DE PLOMBERIE, DE VITRERIE ; CONSTRUCTION ET ENTRETIEN DES ROUTES, VOIES FERREES, CANALISATION D?EAU (OUVRAGES D?ART EXCLUS)",1.0
0.0,17707370.0,1.0,783.0,0.0,0.0,0.0,3,CENTRE DIV IMPOTS DE DOUALA 1,J,ENSEIGNEMENT,0.0
-1.0,117707.0,2.0,51.0,0.0,0.0,0.0,1,CENTRE DIV IMPOTS DE DOUALA 1,J,"TRANSPORT AERIEN, SECURITE ET NAVIGATION AERIENNES",0.0
-1.0,195651.0,3.0,48.0,0.0,0.0,0.0,1,CENTRE DIV IMPOTS DE DOUALA 1,V,COMMERCE GENERAL,0.0
-1.0,6158.0,3.0,44.0,0.0,0.0,0.0,1,CENTRE DIV IMPOTS DE DOUALA 1,V,"PROFESSIONS LIBERALES, CABINETS COMPTABLES ET FISCAUX, CONSEILS JURIDIQUES, OFFICIERS MINISTERIELS",0.0
-1.0,69518.0,2.0,57.0,0.0,0.0,0.0,1,CENTRE DIVI DES IMPOTS DE DOUALA 5,J,CONSEIL JURIDIQUE,0.0
-1.0,1076778.0,3.0,223.0,0.0,0.0,0.0,1,CENTRE DES IMPOTS DES MOYENNES ENTREPRISES DOUALA BONANJO,J,AFF. IMMOB. s FOURN. AUX ENTREP.,0.0
0.0,10507.0,2.0,37.0,0.0,0.0,0.0,1,CENTRE DIV IMPOTS DE DOUALA 1,J,COMMERCE GENERAL,0.0
-1.0,436679.0,0.0,90.0,0.0,0.0,0.0,1,CENTRE DES IMPOTS DES PROFESSIONS LIBERALES DOUALA,R,COMPTABILITE,0.0
-1.0,284.0,3.0,45.0,0.0,0.0,0.0,1,CENTRE DIV IMPOTS DE DOUALA 2,V,ACTIVITES FOURNIES PRINCIPALEMENT AUX ENTREPRISES,0.0
1.0,10714.0,3.0,7.0,0.0,0.0,0.0,1,CIME CENTRE DIVISIONAIRE DES IMPÔTS DOUALA 2,V,COMMERCE DE GROS ET DE DETAIL,1.0
4.0,193342.0,3.0,48.0,0.0,0.0,0.0,1,CENTRE DIV IMPOTS DE DOUALA 1,V,"BLANCHISSERIES, NETTOYAGE ET TEINTURE DES VETEMENTS",1.0
-1.0,8237772.0,3.0,421.0,0.0,0.0,0.0,1,CENTRE DES IMPOTS DES MOYENNES ENTREPRISES DOUALA BONANJO,V,"BLANCHISSERIE, TEINTURERIE",0.0
-1.0,46980.0,3.0,7.0,0.0,0.0,0.0,1,CENTRE DIV IMPOTS DE DOUALA 1,V,"BATIMENTS ET TRAVAUX PUBLICS : ENTREPRISES GENERALES DE BATIMENT, ENTREPRISES DE PEINTURE, D?INSTALLATIONS SANITAIRES, D?INSTALLATIONS ELECTRIQUES, DE ZINGUERIE, DE PLOMBERIE, DE VITRERIE ; CONSTRUCTION ET ENTRETIEN DES ROUTES, VOIES FERREES, CANALISATION D?EAU (OUVRAGES D?ART EXCLUS)",1.0
0.0,31782.0,3.0,20.0,0.0,0.0,0.0,1,CENTRE DIV IMPOTS DE DOUALA 1,V,REPARATION ET INSTALLATION DES MACHINES ET EQUIPEMENTS,1.0
-1.0,22235.0,0.0,2.0,0.0,0.0,0.0,1,CENTRE DIV IMPOTS DE DOUALA 3,R,ACTIVITES D'INFORMATION ET DE TELECOMMUNICATIONS,0.0
0.0,6955180.0,0.0,35.0,0.0,0.0,0.0,1,CENTRE DIV IMPOTS DE DOUALA 1,R,VENTE/PRODUCTEUR ENERGIE ET LUBRIFIANT,1.0
-1.0,22295.0,2.0,2.0,0.0,0.0,0.0,1,CENTRE DIV IMPOTS DE DOUALA 1,V,ACTIVITES FOURNIES PRINCIPALEMENT AUX ENTREPRISES,0.0
8.0,-67601.0,3.0,203.0,0.0,0.0,0.0,1,CENTRE DIV IMPOTS DE DOUALA 1,V,SERV. FOURN. AUX ENTREPRISES,0.0
-1.0,292854.0,3.0,25.0,0.0,0.0,0.0,1,CSPLI CENTRE DIVISIONAIRE DES IMPÔTS DOUALA 1,J,"PROFESSIONS LIBERALES, CABINETS COMPTABLES ET FISCAUX, CONSEILS JURIDIQUES, OFFICIERS MINISTERIELS",0.0
-1.0,36846.0,3.0,14.0,0.0,0.0,0.0,1,CENTRE DIV IMPOTS DE DOUALA 1,J,COMMERCE DE GROS ET DE DETAIL,1.0
-1.0,-277.0,3.0,79.0,0.0,0.0,0.0,3,CENTRE DIV IMPOTS DE DOUALA 10,J,ENSEIGNEMENT,0.0
-1.0,1253773.0,3.0,255.0,0.0,0.0,0.0,1,CSPLI CENTRE DIVISIONAIRE DES IMPÔTS DOUALA 1,V,CONSEIL JURIDIQUE,0.0
1.0,12236.0,1.0,11.0,0.0,0.0,0.0,1,CENTRE DIV IMPOTS DE DOUALA 2,J,ACTIVITES FOURNIES PRINCIPALEMENT AUX ENTREPRISES,0.0
-1.0,9534.0,3.0,10.0,0.0,0.0,0.0,1,CENTRE DIV IMPOTS DE DOUALA 2,V,TRANSITAIRES ET AGREES EN DOUANE,1.0
-1.0,10560.0,3.0,17.0,0.0,0.0,0.0,1,CENTRE DIV IMPOTS DE DOUALA 3,J,COMMERCE DE GROS ET DE DETAIL,1.0
0.0,67688446.0,3.0,452.0,0.0,0.0,0.0,1,DIRECTION DES GRANDES ENTREPRISES,J,ACTIVITES FOURNIES PRINCIPALEMENT AUX ENTREPRISES,1.0
0.0,129945368.0,3.0,197.0,0.0,0.0,0.0,1,DIRECTION DES GRANDES ENTREPRISES,J,ACTIVITES FOURNIES PRINCIPALEMENT AUX ENTREPRISES,1.0
10.0,750142.0,1.0,51.0,0.0,0.0,0.0,1,CENTRE DIV IMPOTS DE DOUALA 1,J,SERV. FOURN. AUX ENTREPRISES,0.0
0.0,-14.0,3.0,24.0,0.0,0.0,0.0,1,CENTRE DIV IMPOTS DE DOUALA 1,V,ACTIVITES FINANCIERES ET D'ASSURANCE,0.0
0.0,-13.0,3.0,26.0,0.0,0.0,0.0,1,DIRECTION DES GRANDES ENTREPRISES,V,ACTIVITES FINANCIERES ET D'ASSURANCE,0.0
0.0,-211.0,3.0,368.0,0.0,0.0,0.0,1,CENTRE DIV IMPOTS DE DOUALA 2,V,COMMERCE DE GROS ET DE DETAIL,0.0
-1.0,233127.0,3.0,442.0,0.0,0.0,0.0,1,CENTRE DIV IMPOTS DE DOUALA 1,V,TRAVAUX ANNEXES DU BATIMENT,1.0
0.0,1103814.0,0.0,82.0,0.0,0.0,0.0,1,CENTRE DIV DES IMPOTS DE YAOUNDE 1,R,SERV. FOURN. AUX PARTICULIERS m,1.0
-1.0,-97328446.0,3.0,610.0,0.0,0.0,0.0,1,DIRECTION DES GRANDES ENTREPRISES,V,"ENTREPRISES DE PRODUCTION, DE TRANSPORT ET DE DISTRIBUTION D?ELECTRICITE",1.0
0.0,-519536.0,3.0,127.0,0.0,0.0,0.0,1,DGE CENTRE DIVISIONAIRE DES IMPÔTS DOUALA 2,J,"ENTREPRISES DE PRODUCTION, DE TRANSPORT ET DE DISTRIBUTION D?ELECTRICITE",1.0
0.0,98092.0,2.0,58.0,0.0,0.0,0.0,1,CENTRE PRINCIPAL DES IMPOTS DU LITTORAL 1,J,DETAILLANT ENERGIE ET LUBRIFIANT,0.0
-1.0,204356.0,0.0,33.0,0.0,0.0,0.0,1,CENTRE DIV IMPOTS DE DOUALA 3,R,"BATIMENTS ET TRAVAUX PUBLICS : ENTREPRISES GENERALES DE BATIMENT, ENTREPRISES DE PEINTURE, D?INSTALLATIONS SANITAIRES, D?INSTALLATIONS ELECTRIQUES, DE ZINGUERIE, DE PLOMBERIE, DE VITRERIE ; CONSTRUCTION ET ENTRETIEN DES ROUTES, VOIES FERREES, CANALISATION D?EAU (OUVRAGES D?ART EXCLUS)",1.0
-1.0,-1428.0,3.0,19.0,0.0,0.0,0.0,1,CENTRE DIV IMPOTS DE DOUALA 2,V,ACTIVITES FOURNIES PRINCIPALEMENT AUX ENTREPRISES,0.0
0.0,-6735434.0,3.0,303.0,0.0,0.0,0.0,1,CENTRE DES IMPOTS DES MOYENNES ENTREPRISES DOUALA BONANJO,J,VENTE/PRODUCTEUR ENERGIE ET LUBRIFIANT,1.0
0.0,1426.0,3.0,9.0,0.0,0.0,0.0,1,CENTRE DIV IMPOTS DE DOUALA 1,J,COMMERCE DE GROS ET DE DETAIL,1.0
-1.0,218546.0,3.0,41.0,0.0,0.0,0.0,1,CENTRE DIV IMPOTS DE DOUALA 1,V,COMMERCE GENERAL,0.0
0.0,-3642.0,3.0,94.0,0.0,0.0,0.0,1,CENTRE DIV IMPOTS DE DOUALA 1,V,SERV. FOURN. AUX ENTREPRISES,1.0
0.0,241123.0,3.0,381.0,0.0,0.0,0.0,1,CENTRE DIV IMPOTS DE DOUALA 3,V,SERV. FOURN. AUX ENTREPRISES,1.0
-1.0,-594.0,3.0,15.0,0.0,0.0,0.0,1,CENTRE DIV IMPOTS DE DOUALA 1,V,"BATIMENTS ET TRAVAUX PUBLICS : ENTREPRISES GENERALES DE BATIMENT, ENTREPRISES DE PEINTURE, D?INSTALLATIONS SANITAIRES, D?INSTALLATIONS ELECTRIQUES, DE ZINGUERIE, DE PLOMBERIE, DE VITRERIE ; CONSTRUCTION ET ENTRETIEN DES ROUTES, VOIES FERREES, CANALISATION D?EAU (OUVRAGES D?ART EXCLUS)",1.0
-1.0,10258237.0,3.0,407.0,0.0,0.0,0.0,1,DIRECTION DES GRANDES ENTREPRISES,V,TRANSITAIRE ET AUXILIAIRES DES TRANSPORTS,1.0
-1.0,84161.0,3.0,190.0,0.0,0.0,0.0,1,CSPLI CENTRE DIVISIONAIRE DES IMPÔTS DOUALA 1,V,SOINS MEDICAUX d a SERVICES,0.0
0.0,-4805.0,3.0,454.0,0.0,0.0,0.0,1,CENTRE DES IMPOTS DES MOYENNES ENTREPRISES DOUALA BONANJO,V,REPARATION APPAREIL FRIGORIFIQUE,1.0
-1.0,157820.0,1.0,219.0,0.0,0.0,0.0,1,CIME CENTRE DIVISIONAIRE DES IMPÔTS DOUALA 1,J,TRANSITAIRE ET AUXILIAIRES DES TRANSPORTS,1.0
-1.0,523976.0,3.0,312.0,0.0,0.0,0.0,1,CENTRE DIV IMPOTS DE DOUALA 1,V,TRANSITAIRE ET AUXILIAIRES DES TRANSPORTS,1.0
0.0,148607.0,1.0,85.0,0.0,0.0,0.0,1,CENTRE PRINCIPAL DES IMPOTS DU LITTORAL 1,J,AUTRES S. SOC. c FOURN A LA COLLEC,0.0
5.0,177812.0,0.0,8.0,0.0,0.0,0.0,1,CENTRE DIV IMPOTS DE DOUALA 1,R,ACTIVITES FOURNIES PRINCIPALEMENT AUX ENTREPRISES,0.0
-1.0,-1342.0,3.0,30.0,0.0,0.0,0.0,1,CENTRE DIV IMPOTS DE DOUALA 2,V,COMMERCE DE GROS ET DE DETAIL,0.0
11.0,64830.0,0.0,30.0,0.0,0.0,0.0,1,CENTRE DIV IMPOTS DE DOUALA 3,R,ACTIVITE POUR LA SANTE HUMAINE ET ACTION SOCIALE,0.0
-1.0,72122.0,3.0,7.0,0.0,0.0,0.0,1,CENTRE DIV IMPOTS DE DOUALA 1,J,AGENCES DE VOYAGE,0.0
-1.0,117924.0,1.0,21.0,0.0,0.0,0.0,1,CENTRE DIV DES IMPOTS DE YAOUNDE 1,J,COMMERCE DE GROS ET DE DETAIL,1.0
-1.0,949523.0,3.0,273.0,0.0,0.0,0.0,1,CENTRE DIV IMPOTS DE DOUALA 10,V,"HOTELS, HOTELS MEUBLES e ANALOGUES",0.0
2.0,1029.0,1.0,17.0,0.0,0.0,0.0,1,CENTRE DIV IMPOTS DE DOUALA 2,J,ACTIVITES FOURNIES PRINCIPALEMENT AUX ENTREPRISES,0.0
0.0,-1291.0,3.0,23.0,0.0,0.0,0.0,1,CENTRE DIV IMPOTS DE DOUALA 1,V,ACTIVITES FOURNIES PRINCIPALEMENT AUX ENTREPRISES,0.0
14.0,35820.0,2.0,33.0,0.0,0.0,0.0,1,CENTRE DIV IMPOTS DE DOUALA 1,J,SERV. FOURN. AUX ENTREPRISES,1.0
-1.0,-349.0,2.0,3.0,0.0,0.0,0.0,1,CENTRE DIV IMPOTS DE DOUALA 1,R,ACTIVITES FOURNIES PRINCIPALEMENT AUX ENTREPRISES,0.0
-1.0,632743.0,3.0,39.0,0.0,0.0,0.0,1,DIRECTION DES GRANDES ENTREPRISES,V,ACHETEUR DE CACAO,0.0
-1.0,416468.0,1.0,22.0,0.0,0.0,0.0,1,CENTRE DES IMPOTS DES MOYENNES ENTREPRISES DOUALA AKWA 1,J,ACTIVITES FINANCIERES ET D'ASSURANCE,0.0
4.0,383088.0,0.0,261.0,0.0,0.0,0.0,1,CENTRE DIV IMPOTS DE DOUALA 1,R,DETAILLANT COMMERCE GENERAL,0.0
-1.0,5467622.0,3.0,609.0,0.0,0.0,0.0,1,CENTRE DES IMPOTS DES MOYENNES ENTREPRISES DOUALA BONANJO,V,"TRANSPORT AERIEN, SECURITE ET NAVIGATION AERIENNES",1.0
0.0,17150.0,2.0,11.0,0.0,0.0,0.0,1,CENTRE DIV IMPOTS DE DOUALA 1,J,ACTIVITES FOURNIES PRINCIPALEMENT AUX ENTREPRISES,0.0
-1.0,118130.0,3.0,12.0,0.0,0.0,0.0,1,CIME CENTRE DIVISIONAIRE DES IMPÔTS DOUALA 1,V,INDUSTRIES POLYGRAPHIQUES,1.0
0.0,-44185.0,3.0,190.0,0.0,0.0,0.0,1,CENTRE DIV IMPOTS DE DOUALA 3,V,SERV. FOURN. AUX ENTREPRISES,0.0
-1.0,112600.0,3.0,9.0,0.0,0.0,0.0,1,CENTRE DIV IMPOTS DE DOUALA 1,V,ACTIVITES FOURNIES PRINCIPALEMENT AUX ENTREPRISES,0.0
0.0,11359.0,0.0,2.0,0.0,0.0,0.0,1,CENTRE DIV IMPOTS DE DOUALA 1,R,"HOTELS, RESTAURANTS, CAFES, BARS ET DANCING",0.0
0.0,69513.0,1.0,15.0,0.0,0.0,0.0,1,CENTRE DIV IMPOTS DE DOUALA 2,J,TRANSPORT ET ENTREPOSAGE,1.0
-1.0,62039.0,0.0,70.0,0.0,0.0,0.0,1,CENTRE DIV IMPOTS DE DOUALA 1,R,COMMERCE GENERAL,0.0
1.0,-4323.0,3.0,33.0,0.0,0.0,0.0,1,CENTRE DIV IMPOTS DE DOUALA 2,V,COMMERCE GENERAL,0.0
-1.0,-530.0,3.0,155.0,0.0,0.0,0.0,1,CENTRE DIV IMPOTS DE DOUALA 1,V,REPARATION APPAREIL FRIGORIFIQUE,1.0
-1.0,419831.0,0.0,258.0,0.0,0.0,0.0,1,CENTRE DIVISIONNAIRE DES IMPOTS DU MAYO BANYO,R,TRANSPORTS PAR CAMIONS,1.0
1.0,0.0,2.0,8.0,0.0,0.0,0.0,1,CENTRE DIV IMPOTS DE DOUALA 1,J,"ENTREPRISES DE PRODUCTION, DE TRANSPORT ET DE DISTRIBUTION D?ELECTRICITE",1.0
0.0,6590363.0,0.0,38.0,0.0,0.0,0.0,1,CENTRE DIV IMPOTS DE DOUALA 1,R,SERV. FOURN. AUX ENTREPRISES,1.0
0.0,1517786.0,3.0,141.0,0.0,0.0,0.0,1,CENTRE DIV IMPOTS DE DOUALA 3,V,SERV. FOURN. AUX ENTREPRISES,1.0
-1.0,14767.0,3.0,7.0,0.0,0.0,0.0,1,CENTRE DIV IMPOTS DE DOUALA 3,J,COMMERCE DE GROS ET DE DETAIL,1.0
0.0,8993797.0,2.0,207.0,0.0,0.0,0.0,1,CENTRE DIV IMPOTS DE DOUALA 1,J,ENTREPRISES D?ENTRETIEN ET DE NETTOYAGE D?IMMEUBLES,0.0
1.0,117197.0,3.0,71.0,0.0,0.0,0.0,1,CENTRE DIV IMPOTS DE DOUALA 1,V,ACTIVITES FOURNIES PRINCIPALEMENT AUX ENTREPRISES,1.0
18.0,36639.0,0.0,19.0,0.0,0.0,0.0,1,CENTRE DIV IMPOTS DE DOUALA 1,R,TRANSPORTS ROUTIERS DE MARCHANDISES OU DE VOYAGEURS,1.0
1.0,2954968.0,3.0,120.0,0.0,0.0,0.0,1,CSPLI CENTRE DIVISIONAIRE DES IMPÔTS DOUALA 1,V,SOINS MEDICAUX d a SERVICES,0.0
-1.0,1162931.0,1.0,152.0,0.0,0.0,0.0,1,CSPLI CENTRE DIVISIONAIRE DES IMPÔTS DOUALA 1,J,"PROFESSIONS LIBERALES, CABINETS COMPTABLES ET FISCAUX, CONSEILS JURIDIQUES, OFFICIERS MINISTERIELS",0.0
-1.0,61714.0,2.0,121.0,0.0,0.0,0.0,1,CIME CENTRE DIVISIONAIRE DES IMPÔTS DOUALA 1,J,SERV. FOURN. AUX ENTREPRISES,0.0
0.0,657306.0,3.0,261.0,0.0,0.0,0.0,1,CENTRE DIV IMPOTS DE DOUALA 2,V,COMMERCE DE GROS ET DE DETAIL,0.0
13.0,73.0,3.0,42.0,0.0,0.0,0.0,1,CENTRE DIV IMPOTS DE DOUALA 1,V,ACTIVITE POUR LA SANTE HUMAINE ET ACTION SOCIALE,0.0
-1.0,23988.0,3.0,17.0,0.0,0.0,0.0,1,CSPLI CENTRE DIVISIONAIRE DES IMPÔTS DOUALA 1,J,ACTIVITE POUR LA SANTE HUMAINE ET ACTION SOCIALE,0.0
-1.0,24144.0,3.0,3.0,0.0,0.0,0.0,1,CENTRE DIV IMPOTS DE DOUALA 2,V,"MEDECINS, PHARMACIENS, DENTISTES",0.0
0.0,-67.0,3.0,63.0,0.0,0.0,0.0,1,CENTRE DIVI DES IMPOTS DE DOUALA 5,V,"ENTREPRISES ET AGENCES DE PRESSE, STUDIOS PHOTOGRAPHIQUES",0.0
-1.0,434459.0,1.0,58.0,0.0,0.0,0.0,1,CENTRE DIV IMPOTS DE DOUALA 1,J,SOINS MEDICAUX d a SERVICES,0.0
0.0,-30.0,2.0,2.0,0.0,0.0,0.0,1,CENTRE DIV IMPOTS DE DOUALA 1,V,ACTIVITE DES ORGANISATIONS ET ORGANISMES EXTRATERRITORIAUX,0.0
0.0,781.0,3.0,23.0,0.0,0.0,0.0,1,CENTRE DIV IMPOTS DE DOUALA 2,J,ACTIVITES FOURNIES PRINCIPALEMENT AUX ENTREPRISES,1.0
1.0,9635.0,3.0,14.0,0.0,0.0,0.0,1,CENTRE DIV IMPOTS DE DOUALA 3,J,ACTIVITES FOURNIES PRINCIPALEMENT AUX ENTREPRISES,0.0
2.0,265141.0,2.0,128.0,0.0,0.0,0.0,1,DGE CENTRE DIVISIONAIRE DES IMPÔTS DOUALA 8,J,SERV. FOURN. AUX ENTREPRISES,0.0
0.0,35998.0,2.0,10.0,0.0,0.0,0.0,1,CSPLI CENTRE DIVISIONAIRE DES IMPÔTS DOUALA 1,J,"PROFESSIONS LIBERALES, CABINETS COMPTABLES ET FISCAUX, CONSEILS JURIDIQUES, OFFICIERS MINISTERIELS",0.0
0.0,-260.0,1.0,1.0,0.0,0.0,0.0,1,CENTRE DIV IMPOTS DE DOUALA 10,V,"ENTREPRISES FORESTIERES, SCIERIES",1.0
-1.0,-104.0,3.0,125.0,0.0,0.0,0.0,1,CENTRE DIVISIONNAIRE DES IMPOTS DU LOM ET DJEREM,V,BATIMENT ET TRAVAUX PUBLICS,1.0
50.0,38803.0,3.0,135.0,0.0,0.0,0.0,1,CENTRE DIV IMPOTS DE DOUALA 3,V,ACTIVITE POUR LA SANTE HUMAINE ET ACTION SOCIALE,1.0
1.0,92827.0,0.0,159.0,0.0,0.0,0.0,1,CENTRE DIV IMPOTS DE DOUALA 10,R,COMMERCE GENERAL,0.0
-1.0,10138.0,3.0,168.0,0.0,0.0,0.0,1,CENTRE DIV IMPOTS DE DOUALA 3,J,COMMERCE GENERAL,0.0
0.0,-340.0,3.0,11.0,0.0,0.0,0.0,1,CENTRE DIV IMPOTS DE DOUALA 3,J,ACTIVITE POUR LA SANTE HUMAINE ET ACTION SOCIALE,0.0
-1.0,42958.0,3.0,22.0,0.0,0.0,0.0,1,CENTRE DIV IMPOTS DE DOUALA 1,V,"HOTELS, RESTAURANTS, CAFES, BARS ET DANCING",0.0
-1.0,61.0,3.0,102.0,0.0,0.0,0.0,1,CENTRE DIV IMPOTS DE DOUALA 1,V,ACTIVITES FOURNIES PRINCIPALEMENT AUX ENTREPRISES,0.0
-1.0,105710.0,0.0,29.0,0.0,0.0,0.0,1,CENTRE DIV IMPOTS DE DOUALA 1,R,ACTIVITES FOURNIES PRINCIPALEMENT AUX ENTREPRISES,0.0
-1.0,36221.0,3.0,31.0,0.0,0.0,0.0,1,CENTRE DIV IMPOTS DE DOUALA 1,V,COMMERCE DE GROS ET DE DETAIL,0.0
-1.0,68568.0,3.0,38.0,0.0,0.0,0.0,1,CENTRE DIV IMPOTS DE DOUALA 1,J,SERV. FOURN. AUX ENTREPRISES,1.0
-1.0,122792.0,2.0,7.0,0.0,0.0,0.0,1,CENTRE DIV IMPOTS DE DOUALA 1,J,COMMERCE DE GROS ET DE DETAIL,1.0
0.0,62769.0,0.0,7.0,0.0,0.0,0.0,1,CENTRE DIV IMPOTS DE DOUALA 2,R,"AUTRES ACTIVITES FOURNIES A LA COLLECTIVITE, ACTIVITES SOCIALES ET PERSONNELLES",0.0
0.0,32553.0,3.0,171.0,0.0,0.0,0.0,1,CENTRE DIV IMPOTS DE DOUALA 3,V,SERVICES PERSONNELS N.C.A,0.0
0.0,2307773.0,0.0,127.0,0.0,0.0,0.0,1,CSPLI CENTRE DIVISIONAIRE DES IMPÔTS DOUALA 1,R,SERV. FOURN. AUX ENTREPRISES,0.0
-1.0,393610.0,3.0,75.0,0.0,0.0,0.0,1,CENTRE DIV IMPOTS DE DOUALA 2,J,COMMERCE GENERAL,0.0
6.0,42474.0,1.0,15.0,0.0,0.0,0.0,1,CSI WOURI 1,J,COMMERCE DE GROS ET DE DETAIL,1.0
-1.0,75556.0,1.0,24.0,0.0,0.0,0.0,1,CENTRE DIV IMPOTS DE DOUALA 1,J,"BATIMENTS ET TRAVAUX PUBLICS : ENTREPRISES GENERALES DE BATIMENT, ENTREPRISES DE PEINTURE, D?INSTALLATIONS SANITAIRES, D?INSTALLATIONS ELECTRIQUES, DE ZINGUERIE, DE PLOMBERIE, DE VITRERIE ; CONSTRUCTION ET ENTRETIEN DES ROUTES, VOIES FERREES, CANALISATION D?EAU (OUVRAGES D?ART EXCLUS)",1.0
-1.0,25608.0,3.0,81.0,0.0,0.0,0.0,1,CENTRE DIV IMPOTS DE DOUALA 1,V,COMMERCE GENERAL,0.0
-1.0,10134.0,3.0,31.0,0.0,0.0,0.0,1,CENTRE DIV IMPOTS DE DOUALA 2,V,COMMERCE DE GROS ET DE DETAIL,0.0
8.0,464212.0,3.0,149.0,0.0,0.0,0.0,1,CENTRE DIV IMPOTS DE DOUALA 8,V,COMMERCE GENERAL,0.0
-1.0,152531.0,3.0,29.0,0.0,0.0,0.0,1,CENTRE DIV IMPOTS DE DOUALA 1,J,ACTIVITES FOURNIES PRINCIPALEMENT AUX ENTREPRISES,0.0
-1.0,-798.0,3.0,30.0,0.0,0.0,0.0,1,CENTRE DIV IMPOTS DE DOUALA 1,J,ACTIVITES FOURNIES PRINCIPALEMENT AUX ENTREPRISES,0.0
-1.0,41981.0,3.0,33.0,0.0,0.0,0.0,1,CENTRE DIV IMPOTS DE DOUALA 2,J,TRANSPORTS PAR CAMIONS,1.0
-1.0,43950.0,3.0,9.0,0.0,0.0,0.0,1,CENTRE DIV IMPOTS DE DOUALA 1,V,COMMERCE DE GROS ET DE DETAIL,1.0
4.0,807422.0,0.0,15.0,0.0,0.0,0.0,1,CENTRE DIV IMPOTS DE DOUALA 2,R,ACTIVITES FOURNIES PRINCIPALEMENT AUX ENTREPRISES,0.0
-1.0,9967.0,3.0,56.0,0.0,0.0,0.0,1,CENTRE DIV IMPOTS DE DOUALA 1,V,RESTAURANTS ET DEBITS DE BOISSONS,0.0
-1.0,-511.0,1.0,42.0,0.0,0.0,0.0,1,CENTRE DIV IMPOTS DE DOUALA 1,J,TRANSPORTS PAR CAMIONS,1.0
0.0,1378230.0,1.0,111.0,0.0,0.0,0.0,1,CENTRE DIVISIONNAIRE DES IMPOTS DU MOUNGO(NKONGSAMBA),J,VENTE/PRODUCTEUR ENERGIE ET LUBRIFIANT,1.0
1.0,3370.0,2.0,3.0,0.0,0.0,0.0,1,CENTRE SPECIALISE DES IMPOTS,J,ACTIVITES FOURNIES PRINCIPALEMENT AUX ENTREPRISES,0.0
0.0,21020.0,1.0,30.0,0.0,0.0,0.0,1,CENTRE DIV IMPOTS DE DOUALA 2,J,ACTIVITES FOURNIES PRINCIPALEMENT AUX ENTREPRISES,1.0
-1.0,1207901.0,3.0,17.0,0.0,0.0,0.0,1,CENTRE DIV IMPOTS DE DOUALA 1,V,TRANSPORTS ROUTIERS DE MARCHANDISES OU DE VOYAGEURS,1.0
7.0,-242.0,3.0,47.0,0.0,0.0,0.0,1,CENTRE DIV IMPOTS DE DOUALA 2,V,COMMERCE GENERAL,0.0
0.0,64396.0,2.0,73.0,0.0,0.0,0.0,1,CENTRE DIV IMPOTS DE DOUALA 2,J,TRANSPORTS PAR LA VOIE TERRESTRE,1.0
0.0,-242.0,3.0,10.0,0.0,0.0,0.0,1,CENTRE DIVI DES IMPOTS DE DOUALA 5,J,ACTIVITES FOURNIES PRINCIPALEMENT AUX ENTREPRISES,0.0
2.0,951269.0,1.0,36.0,0.0,0.0,0.0,1,CENTRE DIV IMPOTS DE DOUALA 2,J,VENTE/PRODUCTEUR ENERGIE ET LUBRIFIANT,0.0
5.0,349572.0,2.0,72.0,0.0,0.0,0.0,1,CENTRE DIV IMPOTS DE DOUALA 1,J,SERV. FOURN. AUX ENTREPRISES,0.0
0.0,112627.0,2.0,258.0,0.0,0.0,0.0,1,CENTRE DIV IMPOTS DE DOUALA 2,J,REPARATION APPAREIL FRIGORIFIQUE,1.0
-1.0,176812.0,2.0,15.0,0.0,0.0,0.0,1,CENTRE DIV IMPOTS DE DOUALA 1,J,COMMERCE DE GROS ET DE DETAIL,1.0
-1.0,10099.0,3.0,37.0,0.0,0.0,0.0,1,CENTRE DIV IMPOTS DE DOUALA 2,V,COMMERCE GENERAL,0.0
1.0,149971.0,1.0,141.0,0.0,0.0,0.0,1,CENTRE DIV IMPOTS DE DOUALA 10,J,BATIMENT ET TRAVAUX PUBLICS,1.0
-1.0,63852.0,3.0,133.0,0.0,0.0,0.0,1,CENTRE DIV IMPOTS DE DOUALA 10,V,ACTIVITES FOURNIES PRINCIPALEMENT AUX ENTREPRISES,0.0
-1.0,570.0,2.0,27.0,0.0,0.0,0.0,1,CENTRE DIV IMPOTS DE DOUALA 1,J,"AUTRES ACTIVITES FOURNIES A LA COLLECTIVITE, ACTIVITES SOCIALES ET PERSONNELLES",0.0
-1.0,131160.0,0.0,147.0,0.0,0.0,0.0,1,CENTRE DIV IMPOTS DE DOUALA 2,R,COMMERCE GENERAL,0.0
-1.0,157490.0,2.0,60.0,0.0,0.0,0.0,1,CENTRE DIV IMPOTS DE DOUALA 1,J,SERV. FOURN. AUX ENTREPRISES,1.0
-1.0,20618.0,2.0,62.0,0.0,0.0,0.0,1,CENTRE DIV IMPOTS DE DOUALA 2,J,PRODUCTION ET DISTRIBUTION D'ELECTRICITE DE GAZ ET D'AIR CONDITIONNE,1.0
-1.0,13519.0,3.0,69.0,0.0,0.0,0.0,1,CENTRE DIV IMPOTS DE DOUALA 1,V,SERV. FOURN. AUX ENTREPRISES,1.0
-1.0,-47.0,3.0,36.0,0.0,0.0,0.0,1,CENTRE DIV IMPOTS DE DOUALA 2,J,COMMERCE GENERAL,1.0
4.0,73223.0,0.0,5.0,0.0,0.0,0.0,1,CIME CENTRE DIVISIONAIRE DES IMPÔTS DOUALA 2,R,TRANSPORT ET ENTREPOSAGE,1.0
2.0,11766.0,0.0,6.0,0.0,0.0,0.0,1,CENTRE DIV IMPOTS DE DOUALA 1,R,"SALONS DE COIFFURE, INSTITUTS DE BEAUTE, ETABLISSEMENTS DE MASSAGE",0.0
-1.0,-723.0,3.0,14.0,0.0,0.0,0.0,1,CENTRE DIV IMPOTS DE DOUALA 1,V,ACTIVITES FOURNIES PRINCIPALEMENT AUX ENTREPRISES,0.0
-1.0,0.0,2.0,1.0,0.0,0.0,0.0,1,CENTRE DIV IMPOTS DE DOUALA 1,R,COMMERCE DE GROS ET DE DETAIL,1.0
2.0,-850.0,1.0,10.0,0.0,0.0,0.0,1,CENTRE DIV IMPOTS DE DOUALA 1,J,ACTIVITES FOURNIES PRINCIPALEMENT AUX ENTREPRISES,0.0
-1.0,67894.0,1.0,3.0,0.0,0.0,0.0,1,CENTRE DIV IMPOTS DE DOUALA 1,J,"PROFESSIONS LIBERALES, CABINETS COMPTABLES ET FISCAUX, CONSEILS JURIDIQUES, OFFICIERS MINISTERIELS",0.0
-1.0,130949.0,3.0,399.0,0.0,0.0,0.0,1,CENTRE SPECIALISE DES IMPOTS,V,"PROFESSIONS LIBERALES, CABINETS COMPTABLES ET FISCAUX, CONSEILS JURIDIQUES, OFFICIERS MINISTERIELS",0.0
0.0,-8615.0,3.0,465.0,0.0,0.0,0.0,1,CENTRE DIVISIONNAIRE DES IMPOTS DU DIAMARE,V,"PROFESSIONS LIBERALES, CABINETS COMPTABLES ET FISCAUX, CONSEILS JURIDIQUES, OFFICIERS MINISTERIELS",0.0
0.0,12801.0,3.0,252.0,0.0,0.0,0.0,1,CSPLI CENTRE DIVISIONAIRE DES IMPÔTS DOUALA 3,V,"PROFESSIONS LIBERALES, CABINETS COMPTABLES ET FISCAUX, CONSEILS JURIDIQUES, OFFICIERS MINISTERIELS",0.0
1.0,244693.0,1.0,265.0,0.0,0.0,0.0,1,CSPLI CENTRE DIVISIONAIRE DES IMPÔTS DOUALA 1,J,"PROFESSIONS LIBERALES, CABINETS COMPTABLES ET FISCAUX, CONSEILS JURIDIQUES, OFFICIERS MINISTERIELS",0.0
-1.0,-12883.0,3.0,395.0,0.0,0.0,0.0,1,CSPLI CENTRE DIVISIONAIRE DES IMPÔTS DOUALA 3,V,"PROFESSIONS LIBERALES, CABINETS COMPTABLES ET FISCAUX, CONSEILS JURIDIQUES, OFFICIERS MINISTERIELS",0.0
13.0,4497131.0,1.0,436.0,0.0,0.0,0.0,1,CSPLI CENTRE DIVISIONAIRE DES IMPÔTS DOUALA 1,J,"PROFESSIONS LIBERALES, CABINETS COMPTABLES ET FISCAUX, CONSEILS JURIDIQUES, OFFICIERS MINISTERIELS",0.0
4.0,33125.0,3.0,395.0,0.0,0.0,0.0,1,CSPLI CENTRE DIVISIONAIRE DES IMPÔTS DOUALA 2,V,"PROFESSIONS LIBERALES, CABINETS COMPTABLES ET FISCAUX, CONSEILS JURIDIQUES, OFFICIERS MINISTERIELS",0.0
0.0,47037.0,3.0,325.0,0.0,0.0,0.0,1,CSPLI CENTRE DIVISIONAIRE DES IMPÔTS DOUALA 2,V,CONSEIL JURIDIQUE,0.0
-1.0,-312367.0,3.0,759.0,0.0,0.0,0.0,1,CSPLI CENTRE DIVISIONAIRE DES IMPÔTS DOUALA 1,V,"PROFESSIONS LIBERALES, CABINETS COMPTABLES ET FISCAUX, CONSEILS JURIDIQUES, OFFICIERS MINISTERIELS",0.0
5.0,1969104.0,1.0,409.0,0.0,0.0,0.0,1,CSPLI CENTRE DIVISIONAIRE DES IMPÔTS DOUALA 3,J,"PROFESSIONS LIBERALES, CABINETS COMPTABLES ET FISCAUX, CONSEILS JURIDIQUES, OFFICIERS MINISTERIELS",0.0
0.0,1895862.0,2.0,339.0,0.0,0.0,0.0,1,CSPLI CENTRE DIVISIONAIRE DES IMPÔTS DOUALA 2,J,CONSEIL JURIDIQUE,0.0
0.0,888060.0,2.0,381.0,0.0,0.0,0.0,1,CSPLI CENTRE DIVISIONAIRE DES IMPÔTS DOUALA 2,J,CONSEIL JURIDIQUE,0.0
1.0,254323.0,1.0,179.0,0.0,0.0,0.0,1,CENTRE DES IMPOTS DES MOYENNES ENTREPRISES DOUALA AKWA 2,J,TRAVAUX ANNEXES DU BATIMENT,1.0
4.0,115248.0,0.0,16.0,0.0,0.0,0.0,1,CENTRE DIV IMPOTS DE DOUALA 1,R,AGENCES DE VOYAGE,0.0
0.0,388114.0,0.0,38.0,0.0,0.0,0.0,1,CENTRE DIV IMPOTS DE DOUALA 2,R,COMMUNICATIONS,0.0
1.0,-2160239.0,3.0,183.0,0.0,0.0,0.0,1,CENTRE DIV IMPOTS DE DOUALA 1,V,TRANSITAIRE ET AUXILIAIRES DES TRANSPORTS,0.0
-1.0,1075749.0,3.0,17.0,0.0,0.0,0.0,1,CENTRE DIV IMPOTS DE DOUALA 2,V,COMMERCE DE GROS ET DE DETAIL,1.0
0.0,73224920.0,2.0,286.0,0.0,0.0,0.0,1,CENTRE DIVISIONNAIRE DES IMPOTS DE BONABERI 1,J,BATIMENT ET TRAVAUX PUBLICS,1.0
1.0,88245.0,2.0,14.0,0.0,0.0,0.0,1,CENTRE DIV IMPOTS DE DOUALA 1,J,ACTIVITES FOURNIES PRINCIPALEMENT AUX ENTREPRISES,0.0
0.0,37460.0,3.0,17.0,0.0,0.0,0.0,1,CENTRE DIV IMPOTS DE DOUALA 1,J,ACTIVITES FOURNIES PRINCIPALEMENT AUX ENTREPRISES,0.0
0.0,-4.0,3.0,10.0,0.0,0.0,0.0,1,CENTRE DIV IMPOTS DE DOUALA 1,V,ACTIVITES FOURNIES PRINCIPALEMENT AUX ENTREPRISES,0.0
0.0,455443.0,2.0,84.0,0.0,0.0,0.0,1,CENTRE PRINCIPAL DES IMPOTS DU LITTORAL 1,J,AUTRES S. SOC. c FOURN A LA COLLEC,0.0
-1.0,2474186.0,3.0,82.0,0.0,0.0,0.0,1,CENTRE DIV IMPOTS DE DOUALA 1,V,FABRICATION DE PRODUITS METALLURGIQUES DE BASE ET D'OUVRAGES EN METAUX,1.0
0.0,685879.0,0.0,34.0,0.0,0.0,0.0,1,CENTRE DIV IMPOTS DE DOUALA 1,R,SERV. FOURN. AUX ENTREPRISES,1.0
0.0,46178.0,2.0,43.0,0.0,0.0,0.0,1,CENTRE DIV IMPOTS DE DOUALA 2,J,COMPTABILITE,0.0
-1.0,85943.0,2.0,181.0,0.0,0.0,0.0,1,CENTRE DIV IMPOTS DE DOUALA 1,J,SERV. FOURN. AUX ENTREPRISES,0.0
0.0,1411677.0,2.0,9.0,0.0,0.0,0.0,9,CENTRE DIV IMPOTS DE DOUALA 1,J,ENTREPRISES D?ENTRETIEN ET DE NETTOYAGE D?IMMEUBLES,0.0
-1.0,85046.0,0.0,26.0,0.0,0.0,0.0,1,CENTRE DIVI DES IMPOTS DE DOUALA 5,R,TRANSITAIRES ET AGREES EN DOUANE,1.0
-1.0,913641.0,3.0,82.0,0.0,0.0,0.0,1,CSPLI CENTRE DIVISIONAIRE DES IMPÔTS DOUALA 1,V,SERV. FOURN. AUX ENTREPRISES,0.0
0.0,534083.0,0.0,13.0,0.0,0.0,0.0,1,CSI WOURI 2,R,"PROFESSIONS LIBERALES, CABINETS COMPTABLES ET FISCAUX, CONSEILS JURIDIQUES, OFFICIERS MINISTERIELS",0.0
-1.0,94822084.0,2.0,333.0,0.0,0.0,0.0,1,CIME CENTRE DIVISIONAIRE DES IMPÔTS DOUALA 3,J,TRANSPORTS PAR CAMIONS,1.0
-1.0,20538937.0,3.0,271.0,0.0,0.0,0.0,1,DIRECTION DES GRANDES ENTREPRISES,J,BANQUE ET ETABLISSEMENTS FINANCIERS,0.0
0.0,-52992.0,2.0,100.0,0.0,0.0,0.0,1,CSPLI CENTRE DIVISIONAIRE DES IMPÔTS DOUALA 1,J,TRANSPORTS PAR CAMIONS,1.0
-1.0,9878.0,3.0,28.0,0.0,0.0,0.0,1,CENTRE DIV IMPOTS DE DOUALA 1,V,ACTIVITES FOURNIES PRINCIPALEMENT AUX ENTREPRISES,1.0
-1.0,1465875.0,3.0,231.0,0.0,0.0,0.0,1,CIME CENTRE DIVISIONAIRE DES IMPÔTS DOUALA 1,J,ETUDE ET PROSPECTION DE PETROLE,0.0
0.0,-54409.0,2.0,289.0,0.0,0.0,0.0,1,CENTRE DIV IMPOTS DE DOUALA 10,J,SERV. FOURN. AUX ENTREPRISES,0.0
-1.0,-35.0,1.0,1.0,0.0,0.0,0.0,1,CENTRE DIV IMPOTS DE DOUALA 1,V,ACTIVITES FOURNIES PRINCIPALEMENT AUX ENTREPRISES,0.0
-1.0,137708.0,3.0,225.0,0.0,0.0,0.0,1,CENTRE DIV IMPOTS DE DOUALA 2,V,SALONS DE COIFFURE i DE BEAUTE,0.0
-1.0,1193825.0,0.0,48.0,0.0,0.0,0.0,1,CENTRE DIVISIONNAIRE DES IMPOTS DE BONABERI 1,R,ACTIVITES FOURNIES PRINCIPALEMENT AUX ENTREPRISES,1.0
-1.0,-10.0,3.0,13.0,0.0,0.0,0.0,1,CENTRE DIV IMPOTS DE DOUALA 1,V,ACTIVITES FINANCIERES ET D'ASSURANCE,0.0
0.0,31921.0,2.0,24.0,0.0,0.0,0.0,1,CENTRE DIVISIONNAIRE DES IMPOTS DE MBANGA,J,COMMERCE DE GROS ET DE DETAIL,0.0
-1.0,593967.0,2.0,288.0,0.0,0.0,0.0,1,CSPLI CENTRE DIVISIONAIRE DES IMPÔTS DOUALA 1,J,"COMPTABILITE, VERIF. COMPTES t LIV",0.0
-1.0,174959.0,0.0,14.0,0.0,0.0,0.0,1,CENTRE DIV IMPOTS DE DOUALA 1,R,COMMERCE DE GROS ET DE DETAIL,1.0
-2.0,17900.0,2.0,0.0,0.0,0.0,0.0,1,CENTRE DIV IMPOTS DE DOUALA 1,R,TRANSITAIRES ET AGREES EN DOUANE,1.0
-1.0,16162.0,3.0,11.0,0.0,0.0,0.0,1,CENTRE DIV IMPOTS DE DOUALA 2,V,COMMERCE DE GROS ET DE DETAIL,1.0
1.0,34300.0,0.0,3.0,0.0,0.0,0.0,1,CENTRE DIV IMPOTS DE DOUALA 1,R,ACTIVITES FOURNIES PRINCIPALEMENT AUX ENTREPRISES,0.0
17.0,455588.0,3.0,127.0,0.0,0.0,0.0,3,CENTRE DIV IMPOTS DE DOUALA 10,V,ENSEIGNEMENT,0.0
0.0,1528180.0,2.0,80.0,0.0,0.0,0.0,1,CENTRE DIV IMPOTS DE DOUALA 10,J,GARAGE,1.0
15.0,277468.0,3.0,53.0,0.0,0.0,0.0,1,CENTRE DIV IMPOTS DE DOUALA 1,V,"VENTE/PRODUCTEUR VETEMENT, TISSUS,...",0.0
-1.0,10935.0,3.0,3.0,0.0,0.0,0.0,1,CENTRE DIV IMPOTS DE DOUALA 1,V,ACTIVITES FOURNIES PRINCIPALEMENT AUX ENTREPRISES,0.0
2.0,-1793.0,1.0,5.0,0.0,0.0,0.0,1,CENTRE DIV IMPOTS DE DOUALA 1,J,ACTIVITES FOURNIES PRINCIPALEMENT AUX ENTREPRISES,0.0
0.0,-41.0,3.0,32.0,0.0,0.0,0.0,1,CENTRE DIV IMPOTS DE DOUALA 4,J,SERV. FOURN. AUX ENTREPRISES,1.0
-1.0,10301.0,3.0,50.0,0.0,0.0,0.0,1,CENTRE DIV IMPOTS DE DOUALA 2,V,AUXILIAIRES DES TRANSPORTS,0.0
0.0,56454.0,2.0,20.0,0.0,0.0,0.0,9,CENTRE DIV IMPOTS DE DOUALA 1,J,nan,0.0
-1.0,2048132.0,3.0,20.0,0.0,0.0,0.0,1,CENTRE DIV IMPOTS DE DOUALA 1,V,ACTIVITES FINANCIERES ET D'ASSURANCE,0.0
2.0,371936.0,3.0,42.0,0.0,0.0,0.0,1,CENTRE DIV IMPOTS DE DOUALA 1,V,COMMERCE GENERAL,1.0
1.0,50454.0,0.0,8.0,0.0,0.0,0.0,2,CENTRE DIV IMPOTS DE DOUALA 1,R,"AGRICULTURE ET ENTREPRISES AGRO-PASTORALES, HORTICULTURE, SYLVICULTURE",0.0
-1.0,33755.0,3.0,54.0,0.0,0.0,0.0,3,CENTRE DIV IMPOTS DE DOUALA 10,V,ENSEIGNEMENT,0.0
-1.0,69187.0,2.0,2.0,0.0,0.0,0.0,1,CENTRE DIV IMPOTS DE DOUALA 2,V,"BOULANGERIES, PATISSERIES, BISCUITERIES, FABRICATION DE PRODUITS A BASE DE CEREALES",1.0
-1.0,10290.0,1.0,1.0,0.0,0.0,0.0,1,CENTRE DIV IMPOTS DE DOUALA 1,V,ACTIVITES FOURNIES PRINCIPALEMENT AUX ENTREPRISES,0.0
-1.0,3886044.0,3.0,138.0,0.0,0.0,0.0,1,CENTRE DIV IMPOTS DE DOUALA 1,V,SERV. FOURN. AUX ENTREPRISES,0.0
-1.0,10642.0,3.0,34.0,0.0,0.0,0.0,1,CENTRE DIV IMPOTS DE DOUALA 1,V,SERV. INGENIEURS a s TECH.,0.0
-1.0,-395053.0,2.0,402.0,0.0,0.0,0.0,1,CSPLI CENTRE DIVISIONAIRE DES IMPÔTS DOUALA 1,J,"PROFESSIONS LIBERALES, CABINETS COMPTABLES ET FISCAUX, CONSEILS JURIDIQUES, OFFICIERS MINISTERIELS",0.0
0.0,737731.0,0.0,14.0,0.0,0.0,0.0,1,CSPLI CENTRE DIVISIONAIRE DES IMPÔTS DOUALA 1,R,"PROFESSIONS LIBERALES, CABINETS COMPTABLES ET FISCAUX, CONSEILS JURIDIQUES, OFFICIERS MINISTERIELS",0.0
0.0,34301.0,2.0,50.0,0.0,0.0,0.0,1,CENTRE DIV IMPOTS DE DOUALA 2,R,"PROFESSIONS LIBERALES, CABINETS COMPTABLES ET FISCAUX, CONSEILS JURIDIQUES, OFFICIERS MINISTERIELS",0.0
-1.0,89233.0,3.0,473.0,0.0,0.0,0.0,1,CSPLI CENTRE DIVISIONAIRE DES IMPÔTS DOUALA 1,V,"PROFESSIONS LIBERALES, CABINETS COMPTABLES ET FISCAUX, CONSEILS JURIDIQUES, OFFICIERS MINISTERIELS",0.0
-1.0,166445.0,2.0,303.0,0.0,0.0,0.0,1,CSPLI CENTRE DIVISIONAIRE DES IMPÔTS DOUALA 1,J,CONSEIL JURIDIQUE,0.0
0.0,-2285.0,3.0,36.0,0.0,0.0,0.0,1,CENTRE DIVI DES IMPOTS DE DOUALA 5,J,BATIMENT ET TRAVAUX PUBLICS,1.0
-1.0,-49.0,3.0,214.0,0.0,0.0,0.0,1,CIME CENTRE DIVISIONAIRE DES IMPÔTS DOUALA 1,V,CONSEILS JURIDIQUES,0.0
-1.0,131718.0,3.0,12.0,0.0,0.0,0.0,1,CENTRE DIV IMPOTS DE DOUALA 1,V,ACTIVITES FINANCIERES ET D'ASSURANCE,0.0
0.0,3060040.0,0.0,96.0,0.0,0.0,0.0,1,CSPLI CENTRE DIVISIONAIRE DES IMPÔTS DOUALA 1,R,SERV. FOURN. AUX ENTREPRISES,0.0
-1.0,171613.0,1.0,61.0,0.0,0.0,0.0,1,CENTRE DIV IMPOTS DE DOUALA 1,J,COMMERCE GENERAL,0.0
-1.0,84497.0,3.0,24.0,0.0,0.0,0.0,1,CENTRE DIV IMPOTS DE DOUALA 1,V,ACTIVITES FOURNIES PRINCIPALEMENT AUX ENTREPRISES,0.0
-1.0,236138.0,1.0,37.0,0.0,0.0,0.0,1,CENTRE DIV IMPOTS DE DOUALA 1,J,TRANSITAIRE ET AUXILIAIRES DES TRANSPORTS,1.0
0.0,-16553.0,3.0,74.0,0.0,0.0,0.0,1,CENTRE DIV IMPOTS DE DOUALA 1,J,CONSEIL JURIDIQUE,0.0
-1.0,208604.0,3.0,28.0,0.0,0.0,0.0,1,CENTRE DIV IMPOTS DE DOUALA 1,V,TRANSITAIRES ET AGREES EN DOUANE,0.0
1.0,165965.0,1.0,96.0,0.0,0.0,0.0,1,CENTRE DES IMPOTS DES PROFESSIONS LIBERALES DOUALA,J,CONSEILS JURIDIQUES,0.0
1.0,344262.0,0.0,123.0,0.0,0.0,0.0,1,CSPLI CENTRE DIVISIONAIRE DES IMPÔTS DOUALA 1,R,COMPTABILITE,0.0
-1.0,27448.0,2.0,2.0,0.0,0.0,0.0,1,CENTRE DIV IMPOTS DE DOUALA 2,V,ACTIVITES D'INFORMATION ET DE TELECOMMUNICATIONS,0.0
-1.0,45128.0,3.0,4.0,0.0,0.0,0.0,1,CENTRE DIV IMPOTS DE DOUALA 2,V,TRANSITAIRES ET AGREES EN DOUANE,1.0
-1.0,157238.0,1.0,70.0,0.0,0.0,0.0,1,CENTRE DIV IMPOTS DE DOUALA 2,J,"IMPRIMERIE, EDITION i ANNEXES",0.0
-1.0,5243.0,3.0,8.0,0.0,0.0,0.0,1,CENTRE DES IMPOTS DES MOYENNES ENTREPRISES DOUALA AKWA 1,V,COMMERCE DE GROS ET DE DETAIL,1.0
-1.0,146001.0,1.0,72.0,0.0,0.0,0.0,1,CIME CENTRE DIVISIONAIRE DES IMPÔTS DOUALA 1,J,SERV. FOURN. AUX ENTREPRISES,1.0
-1.0,2387311.0,0.0,70.0,0.0,0.0,0.0,1,CENTRE DIVISIONNAIRE DES IMPÔTS DOUALA 14,R,COMMERCE GENERAL,0.0
-1.0,1061087.0,3.0,136.0,0.0,0.0,0.0,1,CENTRE DIV IMPOTS DE DOUALA 10,V,COMMERCE GENERAL,1.0
1.0,2794.0,2.0,31.0,0.0,0.0,0.0,1,CENTRE DIVI DES IMPOTS DE DOUALA 5,J,ACTIVITES FOURNIES PRINCIPALEMENT AUX ENTREPRISES,0.0
0.0,7904.0,2.0,23.0,0.0,0.0,0.0,1,CENTRE DIV IMPOTS DE DOUALA 3,J,"PROFESSIONS LIBERALES, CABINETS COMPTABLES ET FISCAUX, CONSEILS JURIDIQUES, OFFICIERS MINISTERIELS",0.0
0.0,274085.0,3.0,52.0,0.0,0.0,0.0,1,CENTRE DIV IMPOTS DE DOUALA 1,J,COMMERCE GENERAL,0.0
2.0,-196.0,1.0,4.0,0.0,0.0,0.0,2,CENTRE DIV IMPOTS DE DOUALA 1,J,"AGRICULTURE ET ENTREPRISES AGRO-PASTORALES, HORTICULTURE, SYLVICULTURE",0.0
29.0,1496897.0,3.0,474.0,0.0,0.0,0.0,1,CENTRE DIV DES IMPOTS DE YAOUNDE 1,V,DETAILLANT COMMERCE GENERAL,0.0
0.0,-140.0,3.0,15.0,0.0,0.0,0.0,1,CENTRE DIV IMPOTS DE DOUALA 2,V,ACTIVITES FOURNIES PRINCIPALEMENT AUX ENTREPRISES,0.0
2.0,10286.0,3.0,14.0,0.0,0.0,0.0,1,CENTRE DIV IMPOTS DE DOUALA 1,V,ACTIVITES FOURNIES PRINCIPALEMENT AUX ENTREPRISES,0.0
1.0,54432.0,1.0,7.0,0.0,0.0,0.0,3,CENTRE DIV IMPOTS DE DOUALA 4,J,ENSEIGNEMENT,0.0
-1.0,244485.0,2.0,40.0,0.0,0.0,0.0,1,CENTRE DIV IMPOTS DE DOUALA 1,J,"IMPORTATEUR COMMERCE GENERAL,PRODUITS INDETERMINES",0.0
1.0,10290.0,0.0,2.0,0.0,0.0,0.0,1,CENTRE DIV IMPOTS DE DOUALA 2,R,ACTIVITES FOURNIES PRINCIPALEMENT AUX ENTREPRISES,0.0
-1.0,89801.0,3.0,100.0,0.0,0.0,0.0,1,CENTRE DIV IMPOTS DE DOUALA 1,V,SERV. FOURN. AUX ENTREPRISES,0.0
1.0,0.0,1.0,2.0,0.0,0.0,0.0,1,CENTRE DIV IMPOTS DE DOUALA 2,V,PRODUCTION DE CAOUTCHOUC ET FABRICATION D'ARTICLES EN CAOUTCHOUC ET MATIERES PLASTIQUES,1.0
0.0,-9043.0,2.0,81.0,0.0,0.0,0.0,3,CENTRE PRINCIPAL DES IMPOTS DU LITTORAL 1,J,ENSEIGNEMENT,0.0
0.0,-1924.0,2.0,19.0,0.0,0.0,0.0,3,CENTRE DIV DES IMPOTS DE YAOUNDE 1,J,ENSEIGNEMENT,0.0
0.0,-94581.0,2.0,81.0,0.0,0.0,0.0,3,CENTRE PRINCIPAL DES IMPOTS DU LITTORAL 1,J,ENSEIGNEMENT,0.0
44.0,8602060.0,3.0,213.0,0.0,0.0,0.0,1,CENTRE DIV IMPOTS DE DOUALA 1,V,INSTITUTIONS MONETAIRES,0.0
0.0,21796.0,2.0,63.0,0.0,0.0,0.0,1,CENTRE DIV IMPOTS DE DOUALA 1,J,SERVICES FINANCIERS,0.0
-1.0,1336516.0,3.0,343.0,0.0,0.0,0.0,1,CENTRE DIV IMPOTS DE DOUALA 1,V,SERV. FOURN. AUX ENTREPRISES,0.0
0.0,-1346.0,3.0,123.0,0.0,0.0,0.0,1,CSPLI CENTRE DIVISIONAIRE DES IMPÔTS DOUALA 1,V,SOINS MEDICAUX d a SERVICES,0.0
0.0,1189619.0,3.0,169.0,0.0,0.0,0.0,1,CENTRE DIV IMPOTS DE DOUALA 3,J,SERVICES INCLASSABLE,0.0
0.0,3.0,2.0,17.0,0.0,0.0,0.0,1,CENTRE DIV IMPOTS DE DOUALA 1,J,"INDUSTRIE DU LAIT, DES FRUITS ET LEGUMES ET AUTRES PRODUITS ALIMENTAIRES",1.0
0.0,19210.0,3.0,53.0,0.0,0.0,0.0,1,CENTRE DIV IMPOTS DE DOUALA 13,J,"HOTELS, RESTAURANTS, CAFES, BARS ET DANCING",0.0
-1.0,646089.0,2.0,25.0,0.0,0.0,0.0,1,CENTRE DIV IMPOTS DE DOUALA 1,J,ACTIVITES FOURNIES PRINCIPALEMENT AUX ENTREPRISES,1.0
2.0,-3238.0,1.0,198.0,0.0,0.0,0.0,1,CSPLI CENTRE DIVISIONAIRE DES IMPÔTS DOUALA 1,J,CONSEILS JURIDIQUES,0.0
-1.0,133289.0,3.0,28.0,0.0,0.0,0.0,1,CENTRE DIV IMPOTS DE DOUALA 1,V,"BATIMENTS ET TRAVAUX PUBLICS : ENTREPRISES GENERALES DE BATIMENT, ENTREPRISES DE PEINTURE, D?INSTALLATIONS SANITAIRES, D?INSTALLATIONS ELECTRIQUES, DE ZINGUERIE, DE PLOMBERIE, DE VITRERIE ; CONSTRUCTION ET ENTRETIEN DES ROUTES, VOIES FERREES, CANALISATION D?EAU (OUVRAGES D?ART EXCLUS)",1.0
-1.0,22616.0,2.0,1.0,0.0,0.0,0.0,1,CENTRE DIV IMPOTS DE DOUALA 1,V,ACTIVITES FOURNIES PRINCIPALEMENT AUX ENTREPRISES,0.0
0.0,311485.0,3.0,52.0,0.0,0.0,0.0,1,CENTRE PRINCIPAL DES IMPOTS DU LITTORAL 1,V,"ENTREPRISES FORESTIERES, SCIERIES",1.0
2.0,16643304.0,0.0,483.0,0.0,0.0,0.0,1,CIME CENTRE DIVISIONAIRE DES IMPÔTS DOUALA 2,R,REPARATION APPAREIL FRIGORIFIQUE,1.0
0.0,-1825.0,3.0,37.0,0.0,0.0,0.0,1,CENTRE DIV IMPOTS DE DOUALA 1,V,SERV. FOURN. AUX ENTREPRISES,1.0
-1.0,1827195.0,1.0,87.0,0.0,0.0,0.0,1,CENTRE PRINCIPAL DES IMPOTS DU LITTORAL 1,J,"SALONS DE COIFFURE, INSTITUTS DE BEAUTE, ETABLISSEMENTS DE MASSAGE",0.0
-1.0,2145241.0,3.0,134.0,0.0,0.0,0.0,1,CSPLI CENTRE DIVISIONAIRE DES IMPÔTS DOUALA 1,J,TRANSITAIRES ET AGREES EN DOUANE,1.0
-1.0,425582.0,3.0,50.0,0.0,0.0,0.0,1,CENTRE DIV IMPOTS DE DOUALA 1,V,TRANSITAIRES ET AGREES EN DOUANE,1.0
0.0,462964.0,0.0,10.0,0.0,0.0,0.0,1,CENTRE DIV IMPOTS DE DOUALA 2,R,ACTIVITES D'INFORMATION ET DE TELECOMMUNICATIONS,0.0
-1.0,431154.0,3.0,279.0,0.0,0.0,0.0,1,CSPLI CENTRE DIVISIONAIRE DES IMPÔTS DOUALA 1,J,"COMPTABILITE, VERIF. COMPTES t LIV",0.0
-1.0,-4867.0,3.0,266.0,0.0,0.0,0.0,1,CIME CENTRE DIVISIONAIRE DES IMPÔTS DOUALA 1,V,ASSURANCES,0.0
-1.0,201716.0,3.0,164.0,0.0,0.0,0.0,1,CENTRE DIV IMPOTS DE DOUALA 3,V,SERV. FOURN. AUX ENTREPRISES,1.0
0.0,32928.0,0.0,5.0,0.0,0.0,0.0,1,CIME CENTRE DIVISIONAIRE DES IMPÔTS DOUALA 2,R,ACTIVITES FOURNIES PRINCIPALEMENT AUX ENTREPRISES,0.0
-1.0,71727.0,3.0,219.0,0.0,0.0,0.0,1,CSPLI CENTRE DIVISIONAIRE DES IMPÔTS DOUALA 10,V,SERVICES FINANCIERS,0.0
0.0,11476.0,0.0,5.0,0.0,0.0,0.0,1,CENTRE DIV IMPOTS DE DOUALA 1,R,ACTIVITES FOURNIES PRINCIPALEMENT AUX ENTREPRISES,0.0
-1.0,-35232.0,3.0,255.0,0.0,0.0,0.0,1,CENTRE DIV IMPOTS DE DOUALA 10,V,ORGANISATIONS RELIGIEUSES,0.0
0.0,7326.0,3.0,56.0,0.0,0.0,0.0,1,CENTRE DIV IMPOTS DE DOUALA 1,J,AUTRES S. SOC. c FOURN A LA COLLEC,1.0
0.0,-16234.0,3.0,165.0,0.0,0.0,0.0,1,CENTRE DES IMPOTS DES MOYENNES ENTREPRISES DOUALA BONANJO,V,REPARATION ET INSTALLATION DES MACHINES ET EQUIPEMENTS,1.0
0.0,60121.0,2.0,6.0,0.0,0.0,0.0,1,CENTRE DIV IMPOTS DE DOUALA 1,J,COMMERCE DE GROS ET DE DETAIL,1.0
-1.0,582775.0,2.0,4.0,0.0,0.0,0.0,1,CENTRE DIV IMPOTS DE DOUALA 1,J,COMMERCE DE GROS ET DE DETAIL,1.0
0.0,1793362.0,3.0,33.0,0.0,0.0,0.0,1,CENTRE DIV IMPOTS DE DOUALA 1,V,"HOTELS, HOTELS MEUBLES e ANALOGUES",0.0
0.0,562812.0,2.0,146.0,0.0,0.0,0.0,1,CENTRE DIV IMPOTS DE DOUALA 2,J,"HOTELS, RESTAURANTS, CAFES, BARS ET DANCING",0.0
1.0,14195.0,3.0,77.0,0.0,0.0,0.0,1,CENTRE DIV IMPOTS DE DOUALA 1,V,COMMERCE GENERAL,0.0
-1.0,36740.0,3.0,12.0,0.0,0.0,0.0,1,CENTRE DIV IMPOTS DE DOUALA 2,V,EXTRACTION DE MINERAIS,1.0
0.0,145953.0,3.0,82.0,0.0,0.0,0.0,1,CENTRE DIV IMPOTS DE DOUALA 1,J,ACTIVITES FINANCIERES ET D'ASSURANCE,0.0
0.0,103380.0,3.0,157.0,0.0,0.0,0.0,1,CENTRE DES IMPOTS DES MOYENNES ENTREPRISES DOUALA BONANJO,V,COMMERCE DE GROS ET DE DETAIL,0.0
0.0,14338602.0,3.0,321.0,0.0,0.0,0.0,1,CENTRE DIV IMPOTS DE DOUALA 3,V,SERVICES PERSONNELS N.C.A,0.0
-1.0,174370.0,3.0,396.0,0.0,0.0,0.0,1,CSPLI CENTRE DIVISIONAIRE DES IMPÔTS DOUALA 1,V,DETAILLANT COMMERCE GENERAL,0.0
0.0,-7841341.0,3.0,445.0,0.0,0.0,0.0,1,DIRECTION DES GRANDES ENTREPRISES,V,ENTREPRISES DE GARDIENNAGE ET DE SURVEILLANCE ;,1.0
-1.0,1535538.0,2.0,44.0,0.0,0.0,0.0,1,CENTRE DIV IMPOTS DE DOUALA 1,J,SERV. FOURN. AUX ENTREPRISES,0.0
1.0,33498.0,3.0,20.0,0.0,0.0,0.0,1,CENTRE DIV IMPOTS DE DOUALA 4,J,COMMERCE DE GROS ET DE DETAIL,0.0
-1.0,-39.0,3.0,197.0,0.0,0.0,0.0,1,CENTRE DES IMPOTS DES MOYENNES ENTREPRISES DOUALA AKWA 1,V,COMMERCE GENERAL,0.0
-1.0,10281.0,3.0,4.0,0.0,0.0,0.0,1,CENTRE DIV IMPOTS DE DOUALA 1,J,ACTIVITES FOURNIES PRINCIPALEMENT AUX ENTREPRISES,0.0
5.0,0.0,3.0,9.0,0.0,0.0,0.0,1,CENTRE DES IMPOTS DES MOYENNES ENTREPRISES DOUALA AKWA 1,V,ACTIVITES FOURNIES PRINCIPALEMENT AUX ENTREPRISES,0.0
-1.0,154773.0,3.0,334.0,0.0,0.0,0.0,1,CSPLI CENTRE DIVISIONAIRE DES IMPÔTS DOUALA 3,V,"COMPTABILITE, VERIF. COMPTES t LIV",0.0
-1.0,2005955.0,3.0,236.0,0.0,0.0,0.0,1,CIME CENTRE DIVISIONAIRE DES IMPÔTS DOUALA 1,J,REPARATION AUTOMOBILES,1.0
-1.0,1095683.0,3.0,73.0,0.0,0.0,0.0,1,CENTRE DIV IMPOTS DE DOUALA 1,J,GARAGE,1.0
-1.0,787201.0,1.0,45.0,0.0,0.0,0.0,1,CENTRE DIV IMPOTS DE DOUALA 1,J,SOINS MEDICAUX d a SERVICES,0.0
-1.0,18396015.0,3.0,174.0,0.0,0.0,0.0,1,DIRECTION DES GRANDES ENTREPRISES,J,PRODUCTION ET DISTRIBUTION D'ELECTRICITE DE GAZ ET D'AIR CONDITIONNE,1.0
-1.0,38743.0,3.0,135.0,0.0,0.0,0.0,1,CENTRE DIV IMPOTS DE DOUALA 1,V,PRODUCTION ET DISTRIBUTION D'ELECTRICITE DE GAZ ET D'AIR CONDITIONNE,1.0
16.0,6080695.0,0.0,93.0,0.0,0.0,0.0,1,CENTRE PRINCIPAL DES IMPOTS DU LITTORAL 1,R,COMMERCE DE GROS,0.0
-1.0,-68.0,3.0,375.0,0.0,0.0,0.0,1,CENTRE DES IMPOTS DES MOYENNES ENTREPRISES DOUALA AKWA 1,V,"COMPTABILITE, VERIF. COMPTES t LIV",0.0
0.0,-252.0,0.0,15.0,0.0,0.0,0.0,1,CENTRE DIV IMPOTS DE DOUALA 2,R,ACTIVITES FOURNIES PRINCIPALEMENT AUX ENTREPRISES,0.0
0.0,9882530.0,2.0,277.0,0.0,0.0,0.0,1,CENTRE DES IMPOTS DES MOYENNES ENTREPRISES DOUALA BONANJO,J,SERV. FOURN. AUX ENTREPRISES,0.0
-1.0,-3.0,3.0,39.0,0.0,0.0,0.0,1,CENTRE DIV IMPOTS DE DOUALA 4,J,SERV. FOURN. AUX ENTREPRISES,0.0
-1.0,211716.0,3.0,196.0,0.0,0.0,0.0,1,CENTRE DIV IMPOTS DE DOUALA 3,V,VENTE/PRODUCTEUR PRODUIT INDETERMINE,0.0
2.0,250332.0,1.0,28.0,0.0,0.0,0.0,1,CENTRE DIV IMPOTS DE DOUALA 2,J,REPARATION DE VEHICULES,0.0
-1.0,11908.0,3.0,9.0,0.0,0.0,0.0,1,CENTRE DIV IMPOTS DE DOUALA 2,J,COMMERCE DE GROS ET DE DETAIL,1.0
-1.0,257250.0,0.0,24.0,0.0,0.0,0.0,1,CENTRE DIVISIONNAIRE DES IMPÔTS DOUALA 6 BIS,R,ACTIVITES FOURNIES PRINCIPALEMENT AUX ENTREPRISES,0.0
-1.0,-107431.0,3.0,147.0,0.0,0.0,0.0,1,CENTRE DIV IMPOTS DE DOUALA 10,V,SERV. FOURN. AUX ENTREPRISES,0.0
0.0,389836.0,1.0,155.0,0.0,0.0,0.0,1,CENTRE DIV IMPOTS DE DOUALA 1,J,BATIMENT ET TRAVAUX PUBLICS,1.0
1.0,-90.0,3.0,253.0,0.0,0.0,0.0,1,CENTRE DIV IMPOTS DE DOUALA 1,V,BANQ. ASSUR. AFF.IMMOB. sF. AUX ENT.,0.0
0.0,151606.0,3.0,45.0,0.0,0.0,0.0,1,CENTRE DIV IMPOTS DE DOUALA 1,J,SERV. FOURN. AUX ENTREPRISES,0.0
2.0,551914.0,3.0,80.0,0.0,0.0,0.0,1,CENTRE DIVI DES IMPOTS DE DOUALA 5,V,CONSEILS JURIDIQUES,1.0
13.0,30430.0,0.0,14.0,0.0,0.0,0.0,1,CENTRE DIV IMPOTS DE DOUALA 1,R,TRANSPORT ET ENTREPOSAGE,1.0
-1.0,425165.0,2.0,50.0,0.0,0.0,0.0,1,CENTRE DIV IMPOTS DE DOUALA 1,J,COMMERCE GENERAL,1.0
-1.0,109985024.0,3.0,746.0,0.0,0.0,0.0,1,DIRECTION DES GRANDES ENTREPRISES,V,BANQUE ET ETABLISSEMENTS FINANCIERS,0.0
0.0,-13.0,2.0,159.0,0.0,0.0,0.0,1,CENTRE DES IMPOTS DES MOYENNES ENTREPRISES DOUALA AKWA 1,J,COMMERCE DE GROS ET DE DETAIL,0.0
0.0,2961615.0,3.0,322.0,0.0,0.0,0.0,1,CENTRE DES IMPOTS DES MOYENNES ENTREPRISES DOUALA BONANJO,V,AUTRES S. SOC. c FOURN A LA COLLEC,1.0
0.0,-1261921.0,3.0,380.0,0.0,0.0,0.0,1,DIRECTION DES GRANDES ENTREPRISES,V,TRANSPORTS ET ENTREPOTS,1.0
-1.0,7756548.0,0.0,431.0,0.0,0.0,0.0,1,nan,R,AUTRES INDUSTRIES MANUFACTURIERES,1.0
0.0,98754.0,2.0,25.0,0.0,0.0,0.0,1,CENTRE DIV IMPOTS DE DOUALA 13,J,ACTIVITES IMMOBILIERES,0.0
-1.0,438879.0,3.0,177.0,0.0,0.0,0.0,1,CENTRE DIVISIONNAIRE DES IMPOTS DE BONABERI 2,V,COMMERCE GENERAL,0.0
-1.0,813420.0,3.0,147.0,0.0,0.0,0.0,1,CIME CENTRE DIVISIONAIRE DES IMPÔTS DOUALA 1,V,SERV. FOURN. AUX ENTREPRISES,1.0
-1.0,-222.0,3.0,30.0,0.0,0.0,0.0,1,CENTRE DIV IMPOTS DE DOUALA 2,V,"BATIMENTS ET TRAVAUX PUBLICS : ENTREPRISES GENERALES DE BATIMENT, ENTREPRISES DE PEINTURE, D?INSTALLATIONS SANITAIRES, D?INSTALLATIONS ELECTRIQUES, DE ZINGUERIE, DE PLOMBERIE, DE VITRERIE ; CONSTRUCTION ET ENTRETIEN DES ROUTES, VOIES FERREES, CANALISATION D?EAU (OUVRAGES D?ART EXCLUS)",1.0
-1.0,374591.0,2.0,71.0,0.0,0.0,0.0,1,CENTRE DIV IMPOTS DE DOUALA 1,J,SALONS DE COIFFURE i DE BEAUTE,0.0
9.0,14775.0,1.0,15.0,0.0,0.0,0.0,1,CENTRE DIV IMPOTS DE DOUALA 3,J,ACTIVITES FOURNIES PRINCIPALEMENT AUX ENTREPRISES,0.0
-1.0,-167.0,3.0,99.0,0.0,0.0,0.0,1,CENTRE DIV IMPOTS DE DOUALA 1,V,SERV. FOURN. AUX ENTREPRISES,0.0
0.0,114001.0,1.0,74.0,0.0,0.0,0.0,1,CIME CENTRE DIVISIONAIRE DES IMPÔTS DOUALA 1,J,EXPORTATEUR DE CACAO,0.0
24.0,508915.0,0.0,67.0,0.0,0.0,0.0,1,CENTRE DIV IMPOTS DE DOUALA 1,R,COMMERCE DE GROS ET DE DETAIL,1.0
0.0,44808.0,3.0,17.0,0.0,0.0,0.0,1,CENTRE DIV IMPOTS DE DOUALA 1,V,TRANSPORTS ROUTIERS DE MARCHANDISES OU DE VOYAGEURS,1.0
1.0,-93.0,2.0,4.0,0.0,0.0,0.0,1,CENTRE DIV IMPOTS DE DOUALA 1,J,COMMERCE DE GROS ET DE DETAIL,1.0
-1.0,49404.0,3.0,13.0,0.0,0.0,0.0,1,CENTRE DIV IMPOTS DE DOUALA 1,V,"BOULANGERIES, PATISSERIES, BISCUITERIES, FABRICATION DE PRODUITS A BASE DE CEREALES",1.0
-1.0,31982.0,3.0,36.0,0.0,0.0,0.0,1,CENTRE DIV IMPOTS DE DOUALA 2,V,COMMERCE GENERAL,0.0
-1.0,84200.0,3.0,102.0,0.0,0.0,0.0,1,CENTRE DIV IMPOTS DE DOUALA 2,V,COMMERCE GENERAL,0.0
0.0,-3615.0,3.0,35.0,0.0,0.0,0.0,1,CENTRE DIV IMPOTS DE DOUALA 1,V,BATIMENT ET TRAVAUX PUBLICS,1.0
1.0,26618.0,3.0,50.0,0.0,0.0,0.0,9,CENTRE DIV IMPOTS DE DOUALA 1,V,nan,0.0
34.0,2375277.0,0.0,79.0,0.0,0.0,0.0,1,CENTRE DIV IMPOTS DE DOUALA 1,R,CONSEIL JURIDIQUE,0.0
-1.0,1588716.0,3.0,218.0,0.0,0.0,0.0,1,DIRECTION DES GRANDES ENTREPRISES,V,VENTE/PRODUCTEUR LIVRES,0.0
-1.0,173597.0,3.0,23.0,0.0,0.0,0.0,1,CENTRE DIV IMPOTS DE DOUALA 2,J,ACTIVITES FOURNIES PRINCIPALEMENT AUX ENTREPRISES,0.0
2.0,-41.0,1.0,3.0,0.0,0.0,0.0,1,CENTRE DIV IMPOTS DE DOUALA 1,J,ACTIVITES FOURNIES PRINCIPALEMENT AUX ENTREPRISES,0.0
0.0,7136385.0,2.0,50.0,0.0,0.0,0.0,1,CENTRE DIV IMPOTS DE DOUALA 1,J,SERV. FOURN. AUX ENTREPRISES,0.0
-1.0,31810.0,0.0,27.0,0.0,0.0,0.0,1,CENTRE DIV IMPOTS DE DOUALA 1,R,INDUSTRIES POLYGRAPHIQUES,1.0
-1.0,21.0,3.0,12.0,0.0,0.0,0.0,1,CENTRE DIV IMPOTS DE DOUALA 1,J,"PROFESSIONS LIBERALES, CABINETS COMPTABLES ET FISCAUX, CONSEILS JURIDIQUES, OFFICIERS MINISTERIELS",0.0
0.0,-832.0,3.0,29.0,0.0,0.0,0.0,1,CENTRE DIV IMPOTS DE DOUALA 2,V,COMMERCE DE GROS ET DE DETAIL,0.0
-1.0,343396.0,3.0,71.0,0.0,0.0,0.0,1,CENTRE DIV IMPOTS DE DOUALA 1,V,COMMUNICATIONS,0.0
0.0,46282.0,1.0,44.0,0.0,0.0,0.0,9,CSI WOURI 2,J,COMMERCE GENERAL,0.0
-1.0,106916.0,0.0,18.0,0.0,0.0,0.0,1,CENTRE DIV IMPOTS DE DOUALA 4,R,"MEDECINS, PHARMACIENS, DENTISTES",0.0
0.0,3043.0,2.0,70.0,0.0,0.0,0.0,1,CENTRE DIV IMPOTS DE DOUALA 1,J,SERV. FOURN. AUX ENTREPRISES,1.0
-1.0,9174.0,3.0,32.0,0.0,0.0,0.0,3,CENTRE DIV IMPOTS DE DOUALA 2,V,ENSEIGNEMENT,0.0
1.0,116568.0,0.0,8.0,0.0,0.0,0.0,2,CENTRE DIV IMPOTS DE DOUALA 1,R,"AGRICULTURE ET ENTREPRISES AGRO-PASTORALES, HORTICULTURE, SYLVICULTURE",0.0
7.0,-294.0,0.0,50.0,0.0,0.0,0.0,1,CENTRE DIVISIONNAIRE DES IMPOTS DE BONABERI 1,R,SERV. INGENIEURS a s TECH.,0.0
0.0,68562.0,3.0,30.0,0.0,0.0,0.0,1,CENTRE DES IMPOTS DES PROFESSIONS LIBERALES DOUALA,J,ACTIVITE POUR LA SANTE HUMAINE ET ACTION SOCIALE,0.0
-1.0,171127.0,3.0,14.0,0.0,0.0,0.0,1,CENTRE DIV IMPOTS DE DOUALA 2,V,ACTIVITES D'INFORMATION ET DE TELECOMMUNICATIONS,0.0
0.0,-1137.0,3.0,7.0,0.0,0.0,0.0,1,CENTRE DIV IMPOTS DE DOUALA 1,V,ACTIVITES FOURNIES PRINCIPALEMENT AUX ENTREPRISES,0.0
-1.0,4846.0,3.0,126.0,0.0,0.0,0.0,1,DGE CENTRE DIVISIONAIRE DES IMPÔTS DOUALA 3,V,CONSEIL JURIDIQUE,0.0
1.0,-119.0,3.0,8.0,0.0,0.0,0.0,2,CENTRE DIV IMPOTS DE DOUALA 3,V,"AGRICULTURE ET ENTREPRISES AGRO-PASTORALES, HORTICULTURE, SYLVICULTURE",0.0
-2.0,247174.0,0.0,54.0,0.0,0.0,0.0,1,CENTRE DIV IMPOTS DE DOUALA 2,R,COMMERCE DE GROS ET DE DETAIL,0.0
0.0,240146.0,3.0,73.0,0.0,0.0,0.0,1,CENTRE PRINCIPAL DES IMPOTS DU LITTORAL 1,V,TRANSPORTS PAR CAMIONS,1.0
2.0,52770.0,0.0,20.0,0.0,0.0,0.0,1,CENTRE DIV IMPOTS DE DOUALA 1,R,TRANSITAIRES ET AGREES EN DOUANE,0.0
0.0,314396.0,0.0,5.0,0.0,0.0,0.0,1,CENTRE DES IMPOTS DES MOYENNES ENTREPRISES DOUALA AKWA 1,R,TRANSPORTS ROUTIERS DE MARCHANDISES OU DE VOYAGEURS,1.0
-1.0,36700.0,1.0,28.0,0.0,0.0,0.0,1,CENTRE DIV IMPOTS DE DOUALA 1,J,TRANSPORT ET ENTREPOSAGE,1.0
-1.0,1136790.0,3.0,296.0,0.0,0.0,0.0,1,CENTRE DES IMPOTS DES MOYENNES ENTREPRISES DOUALA AKWA 1,V,PUBLICITE,0.0
-1.0,747333.0,3.0,59.0,0.0,0.0,0.0,1,CENTRE DIV IMPOTS DE DOUALA 1,J,ACTIVITES FOURNIES PRINCIPALEMENT AUX ENTREPRISES,1.0
-1.0,223835.0,3.0,159.0,0.0,0.0,0.0,1,CENTRE DIV IMPOTS DE DOUALA 2,V,COMMERCE DE GROS ET DE DETAIL,0.0
-1.0,27136219.0,3.0,454.0,0.0,0.0,0.0,1,CIME CENTRE DIVISIONAIRE DES IMPÔTS DOUALA 2,V,ENTREPRISES DE GARDIENNAGE ET DE SURVEILLANCE ;,1.0
0.0,42959.0,1.0,16.0,0.0,0.0,0.0,1,CENTRE DIV IMPOTS DE DOUALA 2,J,TRANSPORT ET ENTREPOSAGE,1.0
-1.0,8798613.0,2.0,238.0,0.0,0.0,0.0,1,CENTRE DIV IMPOTS DE DOUALA 1,J,SERV. FOURN. AUX ENTREPRISES,1.0
3.0,34584.0,3.0,50.0,0.0,0.0,0.0,1,CENTRE DIV IMPOTS DE DOUALA 1,V,COMMERCE GENERAL,0.0
0.0,770320.0,0.0,73.0,0.0,0.0,0.0,1,CIME CENTRE DIVISIONAIRE DES IMPÔTS DOUALA 1,R,"GENIE CIVIL CONSTRUCTION ROUTE, PONTS",1.0
30.0,654184.0,0.0,55.0,0.0,0.0,0.0,1,CENTRE DIV IMPOTS DE DOUALA 1,R,TRANSITAIRE ET AUXILIAIRES DES TRANSPORTS,1.0
-1.0,616265.0,2.0,56.0,0.0,0.0,0.0,1,CSI WOURI 1,J,TRANSITAIRES ET AGREES EN DOUANE,1.0
-1.0,-174.0,3.0,8.0,0.0,0.0,0.0,1,CENTRE DES IMPOTS DES MOYENNES ENTREPRISES DOUALA AKWA 1,V,TRANSPORTS ROUTIERS DE MARCHANDISES OU DE VOYAGEURS,1.0
-1.0,5199808.0,3.0,121.0,0.0,0.0,0.0,1,CIME CENTRE DIVISIONAIRE DES IMPÔTS DOUALA 1,V,SERV. FOURN. AUX ENTREPRISES,1.0
-1.0,2792970.0,0.0,58.0,0.0,0.0,0.0,1,CSPLI CENTRE DIVISIONAIRE DES IMPÔTS DOUALA 5,R,COMMERCE GENERAL,0.0
-1.0,5011278.0,3.0,177.0,0.0,0.0,0.0,1,CENTRE DIV IMPOTS DE DOUALA 1,J,ACTIVITES FOURNIES PRINCIPALEMENT AUX ENTREPRISES,0.0
-1.0,30797.0,3.0,8.0,0.0,0.0,0.0,1,CENTRE DIV IMPOTS DE DOUALA 1,V,"AUTRES ACTIVITES FOURNIES A LA COLLECTIVITE, ACTIVITES SOCIALES ET PERSONNELLES",0.0
1.0,228008.0,0.0,73.0,0.0,0.0,0.0,1,CSPLI CENTRE DIVISIONAIRE DES IMPÔTS DOUALA 10,R,CONSEILS JURIDIQUES,0.0
-1.0,13347.0,3.0,3.0,0.0,0.0,0.0,1,CENTRE DIV IMPOTS DE DOUALA 1,V,ACTIVITES FOURNIES PRINCIPALEMENT AUX ENTREPRISES,0.0
1.0,-806.0,1.0,27.0,0.0,0.0,0.0,1,CENTRE DIV IMPOTS DE DOUALA 4,J,ACTIVITES FOURNIES PRINCIPALEMENT AUX ENTREPRISES,0.0
0.0,-91046.0,3.0,102.0,0.0,0.0,0.0,1,DIRECTION DES GRANDES ENTREPRISES,V,EXPORT-IMPORT ENERGIE ET LUBRIFIANT,1.0
0.0,85919.0,2.0,59.0,0.0,0.0,0.0,1,CENTRE DIV DES IMPOTS DE YAOUNDE 4,J,BATIMENT ET TRAVAUX PUBLICS,1.0
0.0,822472.0,3.0,115.0,0.0,0.0,0.0,1,CENTRE DIV IMPOTS DE DOUALA 1,V,ACTIVITES FINANCIERES ET D'ASSURANCE,0.0
-1.0,199453.0,1.0,3.0,0.0,0.0,0.0,1,CENTRE DIV IMPOTS DE DOUALA 1,J,TRANSITAIRES ET AGREES EN DOUANE,1.0
-1.0,305949.0,0.0,81.0,0.0,0.0,0.0,1,CENTRE DIV IMPOTS DE DOUALA 1,R,COMMERCE GENERAL,0.0
2.0,2677.0,0.0,21.0,0.0,0.0,0.0,1,CENTRE DIV IMPOTS DE DOUALA 2,R,TRANSPORT ET ENTREPOSAGE,1.0
22.0,239963.0,1.0,110.0,0.0,0.0,0.0,1,CENTRE DIV IMPOTS DE DOUALA 10,J,COMMERCE DE GROS ET DE DETAIL,0.0
0.0,11372.0,2.0,8.0,0.0,0.0,0.0,1,CENTRE DIV IMPOTS DE DOUALA 6,J,TRANSITAIRES ET AGREES EN DOUANE,1.0
4.0,13419.0,3.0,18.0,0.0,0.0,0.0,1,CENTRE DIV IMPOTS DE DOUALA 1,V,ACTIVITES FOURNIES PRINCIPALEMENT AUX ENTREPRISES,0.0
0.0,52910.0,3.0,135.0,0.0,0.0,0.0,1,CIME CENTRE DIVISIONAIRE DES IMPÔTS DOUALA 10,V,ASSURANCES,0.0
0.0,-35960.0,3.0,230.0,0.0,0.0,0.0,1,CENTRE DIV IMPOTS DE DOUALA 3,V,REPARATION AUTOMOBILES,1.0
-1.0,716449.0,0.0,14.0,0.0,0.0,0.0,1,CENTRE DIV IMPOTS DE DOUALA 1,R,ACTIVITES FINANCIERES ET D'ASSURANCE,0.0
-1.0,57553.0,3.0,73.0,0.0,0.0,0.0,1,CENTRE DIV IMPOTS DE DOUALA 1,V,COMMERCE GENERAL,0.0
0.0,834540.0,3.0,183.0,0.0,0.0,0.0,9,CENTRE DIV IMPOTS DE DOUALA 1,V,SERVICES DOMESTIQUES,0.0
-1.0,681427.0,3.0,57.0,0.0,0.0,0.0,9,CENTRE DIV IMPOTS DE DOUALA 1,J,nan,0.0
0.0,-24401.0,3.0,149.0,0.0,0.0,0.0,1,CENTRE DIV IMPOTS DE DOUALA 3,V,CONSTRUCTION DE BATIMENTS,0.0
0.0,-5.0,3.0,158.0,0.0,0.0,0.0,1,CENTRE DIV IMPOTS DE DOUALA 2,V,COMMERCE DE GROS ET DE DETAIL,0.0
1.0,1326.0,1.0,2.0,0.0,0.0,0.0,1,CENTRE DIV IMPOTS DE DOUALA 2,V,PRODUCTION DE CAOUTCHOUC ET FABRICATION D'ARTICLES EN CAOUTCHOUC ET MATIERES PLASTIQUES,1.0
-1.0,1133192.0,3.0,138.0,0.0,0.0,0.0,1,CSPLI CENTRE DIVISIONAIRE DES IMPÔTS DOUALA 1,J,CONSEIL JURIDIQUE,0.0
-1.0,8915067.0,3.0,433.0,0.0,0.0,0.0,1,DIRECTION DES GRANDES ENTREPRISES,V,ACTIVITES D'INFORMATION ET DE TELECOMMUNICATIONS,1.0
2.0,21151.0,1.0,114.0,0.0,0.0,0.0,1,CIME CENTRE DIVISIONAIRE DES IMPÔTS DOUALA 3,J,TRANSPORT ET ENTREPOSAGE,1.0
-1.0,81092.0,0.0,43.0,0.0,0.0,0.0,1,CENTRE DIV IMPOTS DE DOUALA 1,R,ETUDE IMPACT ENVIRONNEMENTAL,0.0
0.0,94911.0,0.0,14.0,0.0,0.0,0.0,1,CENTRE DIV IMPOTS DE DOUALA 3,R,ACTIVITES D'INFORMATION ET DE TELECOMMUNICATIONS,0.0
0.0,687.0,3.0,29.0,0.0,0.0,0.0,1,CENTRE DIV IMPOTS DE DOUALA 2,V,TRANSITAIRES ET AGREES EN DOUANE,1.0
0.0,-275.0,3.0,39.0,0.0,0.0,0.0,1,CENTRE DIV IMPOTS DE DOUALA 1,V,TRANSPORT ET ENTREPOSAGE,0.0
-1.0,6856163.0,3.0,358.0,0.0,0.0,0.0,1,DIRECTION DES GRANDES ENTREPRISES,J,EXPLOITATION FORESTIERE,1.0
-1.0,786402.0,3.0,110.0,0.0,0.0,0.0,2,CENTRE DES IMPOTS DES MOYENNES ENTREPRISES DOUALA BONANJO,V,"AGRICULTURE ET ENTREPRISES AGRO-PASTORALES, HORTICULTURE, SYLVICULTURE",0.0
-1.0,147066.0,1.0,82.0,0.0,0.0,0.0,1,CENTRE DIVISIONNAIRE DES IMPÔTS DOUALA 14,J,BATIMENT ET TRAVAUX PUBLICS,1.0
0.0,-389.0,0.0,39.0,0.0,0.0,0.0,1,CENTRE DIV IMPOTS DE DOUALA 1,R,TRANSITAIRE ET AUXILIAIRES DES TRANSPORTS,1.0
-1.0,691792.0,2.0,89.0,0.0,0.0,0.0,1,CENTRE PRINCIPAL DES IMPOTS DU LITTORAL 1,J,AUTRES S. SOC. c FOURN A LA COLLEC,0.0
9.0,735975.0,3.0,354.0,0.0,0.0,0.0,3,CENTRE DIV IMPOTS DE DOUALA 10,V,ENSEIGNEMENT,0.0
-1.0,503481.0,3.0,3.0,0.0,0.0,0.0,1,CENTRE DIV IMPOTS DE DOUALA 2,V,ACTIVITES FOURNIES PRINCIPALEMENT AUX ENTREPRISES,0.0
0.0,-418.0,3.0,26.0,0.0,0.0,0.0,1,CENTRE DIV IMPOTS DE DOUALA 1,J,ACTIVITES FOURNIES PRINCIPALEMENT AUX ENTREPRISES,0.0
2.0,1.0,1.0,7.0,0.0,0.0,0.0,1,CENTRE DIV IMPOTS DE DOUALA 1,J,"AUTRES ACTIVITES FOURNIES A LA COLLECTIVITE, ACTIVITES SOCIALES ET PERSONNELLES",0.0
-1.0,165489.0,3.0,97.0,0.0,0.0,0.0,2,CENTRE DIV IMPOTS DE DOUALA 1,V,"AGRICULTURE ET ENTREPRISES AGRO-PASTORALES, HORTICULTURE, SYLVICULTURE",1.0
-1.0,40959.0,2.0,25.0,0.0,0.0,0.0,1,CENTRE DIV IMPOTS DE DOUALA 2,J,TRANSITAIRES ET AGREES EN DOUANE,1.0
-1.0,-22099.0,1.0,145.0,0.0,0.0,0.0,1,CENTRE DIV IMPOTS DE DOUALA 3,J,"TRANSPORTS, ENTREPOTS c",1.0
-1.0,323573.0,0.0,195.0,0.0,0.0,0.0,1,CIME CENTRE DIVISIONAIRE DES IMPÔTS DOUALA 1,R,INSTITUS SCIENTIFIQUES c DE RECH.,0.0
39.0,268956.0,0.0,82.0,0.0,0.0,0.0,1,CENTRE DIV IMPOTS DE DOUALA 1,R,SERV. FOURN. AUX ENTREPRISES,1.0
1.0,36307.0,2.0,30.0,0.0,0.0,0.0,1,CENTRE DIV IMPOTS DE DOUALA 2,J,"BATIMENTS ET TRAVAUX PUBLICS : ENTREPRISES GENERALES DE BATIMENT, ENTREPRISES DE PEINTURE, D?INSTALLATIONS SANITAIRES, D?INSTALLATIONS ELECTRIQUES, DE ZINGUERIE, DE PLOMBERIE, DE VITRERIE ; CONSTRUCTION ET ENTRETIEN DES ROUTES, VOIES FERREES, CANALISATION D?EAU (OUVRAGES D?ART EXCLUS)",1.0
2.0,354373.0,0.0,67.0,0.0,0.0,0.0,1,CENTRE DIV IMPOTS DE DOUALA 1,R,SERV. FOURN. AUX ENTREPRISES,0.0
-1.0,127985.0,3.0,138.0,0.0,0.0,0.0,1,CENTRE DIV IMPOTS DE DOUALA 10,J,"BOULANGERIES, PATISSERIES, BISCUITERIES, FABRICATION DE PRODUITS A BASE DE CEREALES",1.0
1.0,23184.0,3.0,9.0,0.0,0.0,0.0,1,CIME CENTRE DIVISIONAIRE DES IMPÔTS DOUALA 2,J,"BATIMENTS ET TRAVAUX PUBLICS : ENTREPRISES GENERALES DE BATIMENT, ENTREPRISES DE PEINTURE, D?INSTALLATIONS SANITAIRES, D?INSTALLATIONS ELECTRIQUES, DE ZINGUERIE, DE PLOMBERIE, DE VITRERIE ; CONSTRUCTION ET ENTRETIEN DES ROUTES, VOIES FERREES, CANALISATION D?EAU (OUVRAGES D?ART EXCLUS)",1.0
1.0,-16313.0,3.0,78.0,0.0,0.0,0.0,1,CENTRE DIV IMPOTS DE DOUALA 1,V,TRANSITAIRE ET AUXILIAIRES DES TRANSPORTS,1.0
-1.0,74585.0,3.0,31.0,0.0,0.0,0.0,3,CENTRE DIVI DES IMPOTS DE DOUALA 5,J,ENSEIGNEMENT,0.0
-1.0,172294.0,2.0,31.0,0.0,0.0,0.0,3,CENTRE DIV IMPOTS DE DOUALA 3,J,ENSEIGNEMENT,0.0
-1.0,8010.0,3.0,7.0,0.0,0.0,0.0,3,CENTRE DIV IMPOTS DE DOUALA 4,V,ENSEIGNEMENT,0.0
0.0,613509.0,1.0,43.0,0.0,0.0,0.0,3,CENTRE DIVI DES IMPOTS DE DOUALA 5,J,ENSEIGNEMENT,0.0
0.0,144294.0,2.0,55.0,0.0,0.0,0.0,3,CENTRE DIV IMPOTS DE DOUALA 3,J,ENSEIGNEMENT,0.0
0.0,-1519.0,3.0,103.0,0.0,0.0,0.0,3,CENTRE DIV IMPOTS DE DOUALA 1,V,ENSEIGNEMENT,0.0
-1.0,45694.0,1.0,103.0,0.0,0.0,0.0,3,CENTRE DIV IMPOTS DE DOUALA 10,J,ENSEIGNEMENT,0.0
-1.0,97872.0,3.0,43.0,0.0,0.0,0.0,3,CENTRE DIV IMPOTS DE DOUALA 4,V,ENSEIGNEMENT,0.0
0.0,435901.0,0.0,19.0,0.0,0.0,0.0,3,CENTRE DIV IMPOTS DE DOUALA 3,R,ENSEIGNEMENT,0.0
1.0,6513.0,3.0,32.0,0.0,0.0,0.0,3,CENTRE DIVI DES IMPOTS DE DOUALA 5,V,ENSEIGNEMENT,0.0
-1.0,178625.0,3.0,151.0,0.0,0.0,0.0,3,CENTRE DIV IMPOTS DE DOUALA 10,J,ENSEIGNEMENT,0.0
8.0,8852031.0,2.0,400.0,0.0,0.0,0.0,3,CENTRE DIV IMPOTS DE DOUALA 2,J,ENSEIGNEMENT,0.0
-1.0,-28296.0,3.0,19.0,0.0,0.0,0.0,3,CENTRE DIVI DES IMPOTS DE DOUALA 5,V,ENSEIGNEMENT,0.0
8.0,53182.0,1.0,19.0,0.0,0.0,0.0,3,CENTRE DIV IMPOTS DE DOUALA 2,J,ENSEIGNEMENT,0.0
-1.0,765319.0,3.0,31.0,0.0,0.0,0.0,3,CENTRE DIV IMPOTS DE DOUALA 4,V,ENSEIGNEMENT,0.0
-1.0,118813.0,3.0,270.0,0.0,0.0,0.0,3,CENTRE DIV IMPOTS DE DOUALA 10,V,ENSEIGNEMENT,0.0
-1.0,6867699.0,0.0,247.0,0.0,0.0,0.0,3,CENTRE DIV IMPOTS DE DOUALA 2,R,ENSEIGNEMENT,0.0
-1.0,5144228.0,0.0,67.0,0.0,0.0,0.0,3,CENTRE DIV IMPOTS DE DOUALA 1,R,ENSEIGNEMENT,0.0
-1.0,11957.0,3.0,488.0,0.0,0.0,0.0,1,CENTRE DIV IMPOTS DE DOUALA 2,V,CONSTRUCTION,1.0
0.0,90862.0,0.0,212.0,0.0,0.0,0.0,1,CENTRE DIVI DES IMPOTS DE DOUALA 5,R,REPARATION ET INSTALLATION DES MACHINES ET EQUIPEMENTS,1.0
-1.0,13933347.0,0.0,94.0,0.0,0.0,0.0,1,DIRECTION DES GRANDES ENTREPRISES,R,BATIMENT ET TRAVAUX PUBLICS,1.0
1.0,2234334.0,3.0,16.0,0.0,0.0,0.0,1,CENTRE DIV IMPOTS DE DOUALA 1,J,"ASSOCIATIONS PROFESSIONNELLES, SYNDICATS PROFESSIONNELS, CHAMBRES CONSULAIRES, PARTIS POLITIQUES",0.0
2.0,96686.0,0.0,16.0,0.0,0.0,0.0,1,CENTRE DIV IMPOTS DE DOUALA 1,R,"ASSOCIATIONS PROFESSIONNELLES, SYNDICATS PROFESSIONNELS, CHAMBRES CONSULAIRES, PARTIS POLITIQUES",0.0
2.0,-7653.0,1.0,366.0,0.0,0.0,0.0,1,CENTRE DIV IMPOTS DE DOUALA 3,J,SERV. FOURN. AUX ENTREPRISES,0.0
2.0,0.0,1.0,3.0,0.0,0.0,0.0,1,CENTRE DIV IMPOTS DE DOUALA 1,J,ACTIVITES FOURNIES PRINCIPALEMENT AUX ENTREPRISES,0.0
7.0,473508.0,0.0,42.0,0.0,0.0,0.0,1,CENTRE DIV IMPOTS DE DOUALA 2,R,"HOTELS, RESTAURANTS, CAFES, BARS ET DANCING",0.0
-1.0,9580750.0,3.0,303.0,0.0,0.0,0.0,1,CENTRE DIV IMPOTS DE DOUALA 1,V,DETAILLANT COMMERCE GENERAL,0.0
-1.0,30521144.0,3.0,189.0,0.0,0.0,0.0,1,DIRECTION DES GRANDES ENTREPRISES,J,TRANSPORTS MARITIME LONG COURS,1.0
0.0,526839.0,2.0,50.0,0.0,0.0,0.0,1,CENTRE DIV IMPOTS DE DOUALA 2,J,COMMERCE GENERAL,0.0
-1.0,-3.0,3.0,11.0,0.0,0.0,0.0,9,CENTRE DIV IMPOTS DE DOUALA 3,J,nan,0.0
3.0,216399.0,0.0,15.0,0.0,0.0,0.0,1,CENTRE DIV IMPOTS DE DOUALA 3,R,"MEDECINS, PHARMACIENS, DENTISTES",0.0
-1.0,660319.0,1.0,51.0,0.0,0.0,0.0,1,CENTRE DIV IMPOTS DE DOUALA 1,J,RESTAURANTS ET DEBITS DE BOISSONS,0.0
21.0,460668.0,0.0,39.0,0.0,0.0,0.0,1,CENTRE DIV IMPOTS DE DOUALA 1,R,COMMERCE DE GROS ET DE DETAIL,1.0
0.0,55568.0,0.0,26.0,0.0,0.0,0.0,1,CENTRE DIV IMPOTS DE DOUALA 1,R,ACTIVITES FOURNIES PRINCIPALEMENT AUX ENTREPRISES,1.0
-1.0,24609287.0,3.0,319.0,0.0,0.0,0.0,1,DIRECTION DES GRANDES ENTREPRISES,J,DETAILLANT ENERGIE ET LUBRIFIANT,1.0
0.0,0.0,3.0,50.0,0.0,0.0,0.0,1,CENTRE DIV IMPOTS DE DOUALA 1,V,SERV. FOURN. AUX ENTREPRISES,1.0
4.0,126890.0,3.0,31.0,0.0,0.0,0.0,1,CENTRE DIV IMPOTS DE DOUALA 2,V,ENSEIGNEMENT,0.0
-1.0,65960.0,1.0,138.0,0.0,0.0,0.0,1,CENTRE DES IMPOTS DES MOYENNES ENTREPRISES DOUALA BONANJO,J,COMMERCE DE GROS ET DE DETAIL,1.0
-1.0,10443110.0,3.0,423.0,0.0,0.0,0.0,1,CIME CENTRE DIVISIONAIRE DES IMPÔTS DOUALA 1,V,AUTRES S. SOC. c FOURN A LA COLLEC,1.0
-1.0,60713.0,2.0,285.0,0.0,0.0,0.0,1,CIME CENTRE DIVISIONAIRE DES IMPÔTS DOUALA 1,J,"BATIMENTS ET TRAVAUX PUBLICS : ENTREPRISES GENERALES DE BATIMENT, ENTREPRISES DE PEINTURE, D?INSTALLATIONS SANITAIRES, D?INSTALLATIONS ELECTRIQUES, DE ZINGUERIE, DE PLOMBERIE, DE VITRERIE ; CONSTRUCTION ET ENTRETIEN DES ROUTES, VOIES FERREES, CANALISATION D?EAU (OUVRAGES D?ART EXCLUS)",1.0
0.0,10185.0,2.0,35.0,0.0,0.0,0.0,1,CENTRE DIV IMPOTS DE DOUALA 1,J,SERV. FOURN. AUX ENT. SAUF LOCATION M-M,0.0
-1.0,53315.0,3.0,38.0,0.0,0.0,0.0,1,CENTRE SPECIALISE DES IMPOTS,V,CONSEIL JURIDIQUE,0.0
12.0,67233.0,2.0,40.0,0.0,0.0,0.0,1,CENTRE DIV IMPOTS DE DOUALA 1,J,COMMERCE GENERAL,0.0
2.0,-10.0,1.0,3.0,0.0,0.0,0.0,1,CENTRE DIV IMPOTS DE DOUALA 1,J,EXTRACTION DE MINERAIS,1.0
0.0,31833.0,3.0,19.0,0.0,0.0,0.0,1,CENTRE DIV IMPOTS DE DOUALA 1,J,ACTIVITES FOURNIES PRINCIPALEMENT AUX ENTREPRISES,1.0
0.0,829126.0,0.0,64.0,0.0,0.0,0.0,1,CENTRE DIV IMPOTS DE DOUALA 1,R,SERVICES DE PUBLICITE,0.0
-1.0,-101.0,3.0,17.0,0.0,0.0,0.0,1,CENTRE DIV IMPOTS DE DOUALA 1,V,COMMERCE DE GROS ET DE DETAIL,1.0
1.0,67191.0,0.0,23.0,0.0,0.0,0.0,1,CENTRE DIV IMPOTS DE DOUALA 2,R,TRANSITAIRES ET AGREES EN DOUANE,0.0
-1.0,0.0,3.0,18.0,0.0,0.0,0.0,1,CENTRE DES IMPOTS DES MOYENNES ENTREPRISES DOUALA AKWA 1,V,COMMERCE DE GROS ET DE DETAIL,1.0
2.0,885767.0,0.0,10.0,0.0,0.0,0.0,1,CENTRE DIV IMPOTS DE DOUALA 1,R,TRANSITAIRES ET AGREES EN DOUANE,1.0
-1.0,78924.0,3.0,86.0,0.0,0.0,0.0,1,CENTRE PRINCIPAL DES IMPOTS DU LITTORAL 1,V,"VENTE/PRODUCTEUR VETEMENT, TISSUS,...",0.0
-1.0,466626.0,0.0,24.0,0.0,0.0,0.0,1,CENTRE DIV IMPOTS DE DOUALA 1,R,TRANSPORT ET ENTREPOSAGE,1.0
0.0,997989.0,0.0,199.0,0.0,0.0,0.0,1,CENTRE DIV IMPOTS DE DOUALA 10,R,SERV. FOURN. AUX ENTREPRISES,1.0
1.0,-100.0,2.0,3.0,0.0,0.0,0.0,1,CENTRE DIV IMPOTS DE DOUALA 2,V,ACTIVITES FOURNIES PRINCIPALEMENT AUX ENTREPRISES,0.0
1.0,-1321.0,2.0,70.0,0.0,0.0,0.0,1,CENTRE DIV IMPOTS DE DOUALA 1,J,COMMERCE DE GROS ET DE DETAIL,0.0
0.0,576125.0,0.0,45.0,0.0,0.0,0.0,1,CENTRE DIV IMPOTS DE DOUALA 1,R,FAB. DE PRODUITS CHIMIQUES NON CLASSES,1.0
-1.0,-16.0,2.0,7.0,0.0,0.0,0.0,1,CENTRE DIV IMPOTS DE DOUALA 1,J,"PROFESSIONS LIBERALES, CABINETS COMPTABLES ET FISCAUX, CONSEILS JURIDIQUES, OFFICIERS MINISTERIELS",0.0
-1.0,40987.0,3.0,70.0,0.0,0.0,0.0,1,CENTRE DIV IMPOTS DE DOUALA 2,V,SERV. FOURN. AUX ENTREPRISES,1.0
0.0,56487.0,2.0,9.0,0.0,0.0,0.0,1,CENTRE DIV IMPOTS DE DOUALA 3,J,ACTIVITES FOURNIES PRINCIPALEMENT AUX ENTREPRISES,0.0
-1.0,360781.0,2.0,3.0,0.0,0.0,0.0,1,CENTRE DIV IMPOTS DE DOUALA 1,J,"TRANSPORT AERIEN, SECURITE ET NAVIGATION AERIENNES",1.0
-1.0,87131.0,3.0,155.0,0.0,0.0,0.0,1,CSI BAMENDA,J,AUXILIAIRES DES TRANSPORTS,1.0
0.0,28955.0,2.0,13.0,0.0,0.0,0.0,1,CSI WOURI 1,J,ACTIVITES IMMOBILIERES,0.0
3.0,260134.0,0.0,38.0,0.0,0.0,0.0,1,CENTRE DIV IMPOTS DE DOUALA 1,R,SERV. FOURN. AUX ENTREPRISES,0.0
-1.0,325949.0,3.0,46.0,0.0,0.0,0.0,1,CENTRE DIV IMPOTS DE DOUALA 1,V,SERV. FOURN. AUX ENTREPRISES,0.0
-1.0,63814.0,2.0,212.0,0.0,0.0,0.0,1,CENTRE DIV IMPOTS DE DOUALA 1,J,"VENTE/PRODUCTEUR RADIO, PHOTO, ARMES,...",0.0
-1.0,5608615.0,3.0,77.0,0.0,0.0,0.0,1,CENTRE DIV IMPOTS DE DOUALA 1,V,SERV. FOURN. AUX ENTREPRISES,1.0
-1.0,1064.0,3.0,11.0,0.0,0.0,0.0,1,CENTRE DIV IMPOTS DE DOUALA 1,J,ACTIVITES D'INFORMATION ET DE TELECOMMUNICATIONS,0.0
2.0,-268.0,1.0,36.0,0.0,0.0,0.0,1,CENTRE DIV IMPOTS DE DOUALA 1,J,SERV. FOURN. AUX ENTREPRISES,1.0
19.0,852345.0,3.0,234.0,0.0,0.0,0.0,1,CSPLI CENTRE DIVISIONAIRE DES IMPÔTS DOUALA 1,V,SOINS MEDICAUX d a SERVICES,0.0
1.0,732097.0,3.0,30.0,0.0,0.0,0.0,1,CENTRE DIV IMPOTS DE DOUALA 1,J,ACTIVITES FOURNIES PRINCIPALEMENT AUX ENTREPRISES,1.0
-1.0,17112.0,3.0,35.0,0.0,0.0,0.0,1,CENTRE DIVI DES IMPOTS DE DOUALA 5,J,TRANSPORTS PAR CAMIONS,1.0
-1.0,1587083.0,3.0,46.0,0.0,0.0,0.0,1,DIRECTION DES GRANDES ENTREPRISES,J,BANQUE ET ETABLISSEMENTS FINANCIERS,0.0
-1.0,115532.0,2.0,63.0,0.0,0.0,0.0,1,CENTRE DIV IMPOTS DE DOUALA 2,J,COMMERCE GENERAL,0.0
4.0,64874.0,2.0,289.0,0.0,0.0,0.0,1,CENTRE DIV IMPOTS DE DOUALA 10,J,"COM. GROS d,RESTAURATION h",0.0
0.0,-27637.0,3.0,555.0,0.0,0.0,0.0,1,CENTRE DIV IMPOTS DE DOUALA 3,V,"HOTELS, RESTAURANTS, CAFES, BARS ET DANCING",0.0
0.0,-4.0,3.0,45.0,0.0,0.0,0.0,1,CENTRE DIVI DES IMPOTS DE DOUALA 5,V,"HOTELS, HOTELS MEUBLES e ANALOGUES",0.0
-1.0,5456019.0,3.0,585.0,0.0,0.0,0.0,1,DIRECTION DES GRANDES ENTREPRISES,V,"HOTELS, HOTELS MEUBLES e ANALOGUES",0.0
0.0,269893.0,2.0,51.0,0.0,0.0,0.0,1,CENTRE DIV IMPOTS DE DOUALA 3,J,COMMERCE DE GROS ET DE DETAIL,0.0
0.0,328106.0,1.0,41.0,0.0,0.0,0.0,1,CENTRE DIV IMPOTS DE DOUALA 1,J,"ABATTAGE BETAIL, FAB. c VIANDE",0.0
5.0,1258465.0,0.0,75.0,0.0,0.0,0.0,1,CENTRE DIV IMPOTS DE DOUALA 1,R,SERV. FOURN. AUX ENTREPRISES,0.0
0.0,301306.0,0.0,75.0,0.0,0.0,0.0,1,CENTRE DIV IMPOTS DE DOUALA 1,R,"AUTRES ACTIVITES FOURNIES A LA COLLECTIVITE, ACTIVITES SOCIALES ET PERSONNELLES",0.0
-1.0,319119.0,2.0,23.0,0.0,0.0,0.0,1,CENTRE DES IMPOTS DES MOYENNES ENTREPRISES DOUALA AKWA 1,J,TRAVAUX DE FOND DANS LES MINES.,1.0
0.0,602821155.0,1.0,209.0,0.0,0.0,0.0,1,nan,J,SERV. FOURN. AUX ENTREPRISES,1.0
19.0,190882.0,2.0,383.0,0.0,0.0,0.0,1,CENTRE DIV IMPOTS DE DOUALA 3,J,DETAILLANT COMMERCE GENERAL,0.0
24.0,1388682.0,3.0,247.0,0.0,0.0,0.0,1,CENTRE DIV IMPOTS DE DOUALA 3,V,SERV. FOURN. AUX ENTREPRISES,0.0
0.0,76198.0,2.0,35.0,0.0,0.0,0.0,1,CENTRE DIV IMPOTS DE DOUALA 1,J,"HOTELS, HOTELS MEUBLES e ANALOGUES",0.0
-1.0,156322.0,2.0,77.0,0.0,0.0,0.0,1,CENTRE DIV IMPOTS DE DOUALA 1,J,COMMERCE GENERAL,0.0
-1.0,2002405.0,3.0,155.0,0.0,0.0,0.0,1,DIRECTION DES GRANDES ENTREPRISES,V,SERV. FOURN. AUX ENTREPRISES,1.0
0.0,41150.0,0.0,5.0,0.0,0.0,0.0,1,CENTRE DIV IMPOTS DE DOUALA 1,R,ACTIVITES FOURNIES PRINCIPALEMENT AUX ENTREPRISES,0.0
-1.0,127127.0,3.0,30.0,0.0,0.0,0.0,9,CENTRE DIV IMPOTS DE DOUALA 1,J,nan,0.0
1.0,-187.0,2.0,13.0,0.0,0.0,0.0,1,CENTRE DIV IMPOTS DE DOUALA 1,J,ACTIVITES FOURNIES PRINCIPALEMENT AUX ENTREPRISES,0.0
1.0,13332002.0,0.0,438.0,0.0,0.0,0.0,1,CENTRE DIV IMPOTS DE DOUALA 3,R,EXPORT-IMPORT PRODUITS INDETERMINES,1.0
1.0,59911.0,0.0,17.0,0.0,0.0,0.0,1,CENTRE DIV IMPOTS DE DOUALA 3,R,COMMERCE DE GROS ET DE DETAIL,1.0
-1.0,267974.0,0.0,47.0,0.0,0.0,0.0,1,CENTRE DIV IMPOTS DE DOUALA 1,R,SERV. FOURN. AUX ENTREPRISES,1.0
-1.0,189779.0,3.0,17.0,0.0,0.0,0.0,1,CENTRE DIV IMPOTS DE DOUALA 2,J,ACTIVITES FINANCIERES ET D'ASSURANCE,0.0
-1.0,-5263.0,3.0,11.0,0.0,0.0,0.0,1,CENTRE DIVISIONNAIRE DES IMPÔTS DOUALA 14,V,STATIONS-SERVICE D?ESSENCE,0.0
-1.0,203150.0,3.0,219.0,0.0,0.0,0.0,1,CIME CENTRE DIVISIONAIRE DES IMPÔTS DOUALA 1,V,LOCATION MATERIEL ET IMMEUBLE COMMERCIAL,1.0
-1.0,297870.0,3.0,37.0,0.0,0.0,0.0,1,CENTRE DIV IMPOTS DE DOUALA 1,V,SERV. INGENIEURS a s TECH.,0.0
0.0,38234.0,0.0,31.0,0.0,0.0,0.0,1,CENTRE DIV IMPOTS DE DOUALA 1,R,SERV. FOURN. AUX ENTREPRISES,1.0
-1.0,33765.0,3.0,14.0,0.0,0.0,0.0,1,CENTRE DIV IMPOTS DE DOUALA 2,V,ACTIVITES D'INFORMATION ET DE TELECOMMUNICATIONS,0.0
0.0,-726.0,3.0,42.0,0.0,0.0,0.0,1,CENTRE DIV IMPOTS DE DOUALA 1,V,COMMUNICATIONS,0.0
0.0,232658.0,2.0,33.0,0.0,0.0,0.0,1,CENTRE DIV IMPOTS DE DOUALA 1,J,SERV. INGENIEURS a s TECH.,0.0
-1.0,63798.0,1.0,38.0,0.0,0.0,0.0,1,CENTRE DIV IMPOTS DE DOUALA 6,J,VENTE/PRODUCTEUR PRODUIT INDETERMINE,0.0
42.0,5655461.0,0.0,216.0,0.0,0.0,0.0,1,CSPLI CENTRE DIVISIONAIRE DES IMPÔTS DOUALA 1,R,AGENCES IMMOBILIERES,0.0
-1.0,36240.0,3.0,39.0,0.0,0.0,0.0,1,CENTRE DIV IMPOTS DE DOUALA 1,V,SERV. FOURN. AUX ENTREPRISES,0.0
1.0,244315.0,1.0,34.0,0.0,0.0,0.0,1,CENTRE DIV IMPOTS DE DOUALA 1,J,SERV. FOURN. AUX PARTICULIERS m,0.0
-1.0,1140495.0,3.0,318.0,0.0,0.0,0.0,1,CIME CENTRE DIVISIONAIRE DES IMPÔTS DOUALA 2,V,DETAILLANT COMMERCE GENERAL,0.0
17.0,786097.0,3.0,212.0,0.0,0.0,0.0,1,CENTRE DIV IMPOTS DE DOUALA 3,V,"FABRICATION DE PAPIER, CARTON ET D'ARTICLES EN PAPIER OU EN CARTON, IMPRIMERIE ET REPRODUCTION",1.0
-1.0,133068.0,0.0,24.0,0.0,0.0,0.0,1,CENTRE DIV IMPOTS DE DOUALA 1,R,ACTIVITES FOURNIES PRINCIPALEMENT AUX ENTREPRISES,1.0
-1.0,441543.0,3.0,25.0,0.0,0.0,0.0,1,CSI WOURI 2,V,"ORGANISMES DE SANTE, MAISONS DE RETRAITE, MAISONS DE REPOS",0.0
-1.0,865217.0,2.0,117.0,0.0,0.0,0.0,1,CENTRE DIV IMPOTS DE DOUALA 1,J,SERV. FOURN. AUX ENTREPRISES,0.0
-1.0,68502.0,3.0,23.0,0.0,0.0,0.0,1,CENTRE DIV IMPOTS DE DOUALA 3,V,TRANSITAIRES ET AGREES EN DOUANE,1.0
0.0,431675.0,0.0,43.0,0.0,0.0,0.0,1,CENTRE DIV IMPOTS DE DOUALA 1,R,ACTIVITES FOURNIES PRINCIPALEMENT AUX ENTREPRISES,0.0
2.0,1251.0,1.0,21.0,0.0,0.0,0.0,1,CENTRE DIV IMPOTS DE DOUALA 6,J,TOUS TRAVAUX DE MANUTENTION,1.0
0.0,15995.0,2.0,11.0,0.0,0.0,0.0,1,CENTRE DIV IMPOTS DE DOUALA 2,J,COMMERCE DE GROS ET DE DETAIL,1.0
-1.0,200946.0,3.0,457.0,0.0,0.0,0.0,1,CENTRE DES IMPOTS DES MOYENNES ENTREPRISES DOUALA AKWA 1,V,CONSEIL JURIDIQUE,0.0
-1.0,-264.0,3.0,80.0,0.0,0.0,0.0,1,CENTRE PRINCIPAL DES IMPOTS DU LITTORAL 1,J,COMMERCE GENERAL,0.0
-1.0,24942.0,3.0,8.0,0.0,0.0,0.0,1,CENTRE DIV IMPOTS DE DOUALA 3,V,ACTIVITES FOURNIES PRINCIPALEMENT AUX ENTREPRISES,0.0
-1.0,585697.0,3.0,31.0,0.0,0.0,0.0,1,CENTRE DIV IMPOTS DE DOUALA 2,V,ASSISTANCE TECHNOLOGIQUE AUX ENTREPRISES,0.0
-1.0,209678.0,2.0,22.0,0.0,0.0,0.0,1,CENTRE DIV IMPOTS DE DOUALA 1,J,SERV. FOURN. AUX ENTREPRISES,1.0
-1.0,21873.0,2.0,33.0,0.0,0.0,0.0,1,CIME CENTRE DIVISIONAIRE DES IMPÔTS DOUALA 14,J,SERV. FOURN. AUX PARTICULIERS m,1.0
-1.0,600685.0,3.0,227.0,0.0,0.0,0.0,1,CIME CENTRE DIVISIONAIRE DES IMPÔTS DOUALA 1,V,SERV. FOURN. AUX ENTREPRISES,1.0
-1.0,1793992.0,3.0,529.0,0.0,0.0,0.0,1,CSPLI CENTRE DIVISIONAIRE DES IMPÔTS DOUALA 1,V,REPRESENTANT PHARMACEUTIQUE,0.0
0.0,3278.0,3.0,10.0,0.0,0.0,0.0,1,CENTRE DIV IMPOTS DE DOUALA 1,V,ACTIVITES FOURNIES PRINCIPALEMENT AUX ENTREPRISES,0.0
0.0,-1104.0,3.0,8.0,0.0,0.0,0.0,3,CENTRE DIV IMPOTS DE DOUALA 1,V,ACTIVITES EDUCATIVES,0.0
0.0,292.0,3.0,20.0,0.0,0.0,0.0,3,CENTRE DIV IMPOTS DE DOUALA 1,J,ENSEIGNEMENT,0.0
0.0,22585.0,1.0,26.0,0.0,0.0,0.0,3,CENTRE DIVI DES IMPOTS DE DOUALA 5,J,ENSEIGNEMENT,0.0
1.0,-5361.0,2.0,31.0,0.0,0.0,0.0,3,CENTRE DIV IMPOTS DE DOUALA 2,J,ENSEIGNEMENT,0.0
0.0,2146.0,3.0,4.0,0.0,0.0,0.0,3,CENTRE DIV IMPOTS DE DOUALA 3,J,ACTIVITES EDUCATIVES,0.0
0.0,-3682.0,3.0,399.0,0.0,0.0,0.0,1,CENTRE PRINCIPAL DES IMPOTS DU LITTORAL 1,V,ORG. INTERN. a EXTRATERRITORIAUX,0.0
-1.0,20108.0,0.0,31.0,0.0,0.0,0.0,3,CENTRE DIV IMPOTS DE DOUALA 1,R,ACTIVITES FOURNIES PRINCIPALEMENT AUX ENTREPRISES,0.0
0.0,843984.0,0.0,42.0,0.0,0.0,0.0,3,CENTRE DIVI DES IMPOTS DE DOUALA 5,R,ENSEIGNEMENT,0.0
3.0,6341265.0,2.0,226.0,0.0,0.0,0.0,3,CENTRE DES IMPOTS DES MOYENNES ENTREPRISES DOUALA AKWA 1,J,ENSEIGNEMENT,0.0
-1.0,35328.0,3.0,54.0,0.0,0.0,0.0,3,CENTRE DIV IMPOTS DE DOUALA 1,V,ENSEIGNEMENT,0.0
-1.0,105581.0,3.0,14.0,0.0,0.0,0.0,3,CENTRE DIV IMPOTS DE DOUALA 1,V,ENSEIGNEMENT,0.0
-1.0,188607.0,2.0,18.0,0.0,0.0,0.0,3,CENTRE DIV IMPOTS DE DOUALA 1,J,ENSEIGNEMENT,0.0
0.0,2067.0,3.0,46.0,0.0,0.0,0.0,1,CENTRE DIV IMPOTS DE DOUALA 1,J,AUTRES S. SOC. c FOURN A LA COLLEC,0.0
-1.0,20571.0,3.0,14.0,0.0,0.0,0.0,1,CENTRE DIV IMPOTS DE DOUALA 2,J,ACTIVITES FOURNIES PRINCIPALEMENT AUX ENTREPRISES,0.0
-1.0,2512795.0,3.0,90.0,0.0,0.0,0.0,1,CSI WOURI 1,V,ACTIVITES FOURNIES PRINCIPALEMENT AUX ENTREPRISES,0.0
-1.0,29523.0,3.0,84.0,0.0,0.0,0.0,1,CENTRE DIV IMPOTS DE DOUALA 1,V,SERV. FOURN. AUX ENTREPRISES,0.0
-1.0,19211.0,2.0,46.0,0.0,0.0,0.0,1,CENTRE DIV IMPOTS DE DOUALA 3,J,COMMUNICATIONS,0.0
-1.0,170206.0,2.0,339.0,0.0,0.0,0.0,1,CIME CENTRE DIVISIONAIRE DES IMPÔTS DOUALA 2,J,DETAILLANT COMMERCE GENERAL,0.0
-1.0,1591288.0,2.0,72.0,0.0,0.0,0.0,1,CSPLI CENTRE DIVISIONAIRE DES IMPÔTS DOUALA 1,J,SOINS MEDICAUX d a SERVICES,0.0
-1.0,32079765.0,0.0,369.0,0.0,0.0,0.0,1,DIVISION DES GRANDES ENTREPRISES,R,EXPORTATEUR PRODUITS INDETERMINES,0.0
0.0,41381.0,3.0,95.0,0.0,0.0,0.0,1,CIME CENTRE DIVISIONAIRE DES IMPÔTS DOUALA 2,V,"IMPORTATEUR COMMERCE GENERAL,PRODUITS INDETERMINES",0.0
-1.0,-17444.0,3.0,31.0,0.0,0.0,0.0,1,CENTRE DIV IMPOTS DE DOUALA 2,V,EXPORT-IMPORT PRODUITS INDETERMINES,0.0
-1.0,19110.0,2.0,96.0,0.0,0.0,0.0,1,CENTRE DIV IMPOTS DE DOUALA 1,J,ACTIVITES FOURNIES PRINCIPALEMENT AUX ENTREPRISES,0.0
2.0,-431.0,1.0,106.0,0.0,0.0,0.0,1,CENTRE DIV IMPOTS DE DOUALA 2,J,COMMERCE GENERAL,0.0
1.0,54317.0,3.0,180.0,0.0,0.0,0.0,1,CENTRE DIV IMPOTS DE DOUALA 10,V,COMMERCE DE GROS,0.0
0.0,295643.0,3.0,49.0,0.0,0.0,0.0,1,CENTRE DIV IMPOTS DE DOUALA 2,J,TRANSITAIRE ET AUXILIAIRES DES TRANSPORTS,1.0
-1.0,1147065.0,2.0,1.0,0.0,0.0,0.0,1,CENTRE DIV IMPOTS DE DOUALA 1,R,ACTIVITES FINANCIERES ET D'ASSURANCE,0.0
2.0,360652.0,0.0,16.0,0.0,0.0,0.0,1,CSPLI CENTRE DIVISIONAIRE DES IMPÔTS DOUALA 1,R,ACTIVITES FOURNIES PRINCIPALEMENT AUX ENTREPRISES,0.0
-1.0,170220.0,3.0,204.0,0.0,0.0,0.0,1,CENTRE DES IMPOTS DES MOYENNES ENTREPRISES DOUALA BONANJO,J,ACTIVITES FOURNIES PRINCIPALEMENT AUX ENTREPRISES,1.0
-1.0,695420.0,2.0,169.0,0.0,0.0,0.0,1,CENTRE DES IMPOTS DES MOYENNES ENTREPRISES DOUALA AKWA 1,J,LOCATION MATERIEL ET IMMEUBLE COMMERCIAL,0.0
8.0,1365243.0,0.0,254.0,0.0,0.0,0.0,1,CIME CENTRE DIVISIONAIRE DES IMPÔTS DOUALA 1,R,SERV. FOURN. AUX ENTREPRISES,0.0
0.0,311752.0,3.0,38.0,0.0,0.0,0.0,1,CENTRE PRINCIPAL DES IMPOTS DU LITTORAL 1,J,SERV. FOURN. AUX ENTREPRISES,0.0
-1.0,33990.0,3.0,33.0,0.0,0.0,0.0,1,CENTRE DIV IMPOTS DE DOUALA 1,V,TRANSITAIRE ET AUXILIAIRES DES TRANSPORTS,1.0
-1.0,223958.0,3.0,34.0,0.0,0.0,0.0,1,CENTRE DIV IMPOTS DE DOUALA 1,J,TRANSITAIRE ET AUXILIAIRES DES TRANSPORTS,1.0
1.0,56374.0,2.0,49.0,0.0,0.0,0.0,1,CENTRE DIV IMPOTS DE DOUALA 1,J,ACTIVITES FOURNIES PRINCIPALEMENT AUX ENTREPRISES,0.0
1.0,244837.0,3.0,18.0,0.0,0.0,0.0,1,CENTRE DIV IMPOTS DE DOUALA 1,V,ACTIVITES FOURNIES PRINCIPALEMENT AUX ENTREPRISES,0.0
-1.0,234188.0,0.0,32.0,0.0,0.0,0.0,1,CENTRE DIV IMPOTS DE DOUALA 4,R,ACTIVITES FOURNIES PRINCIPALEMENT AUX ENTREPRISES,0.0
0.0,4354665.0,0.0,213.0,0.0,0.0,0.0,1,CIME CENTRE DIVISIONAIRE DES IMPÔTS DOUALA 1,R,TRANSPORT ET ENTREPOSAGE,1.0
0.0,-477.0,3.0,296.0,0.0,0.0,0.0,1,CENTRE DES IMPOTS DES MOYENNES ENTREPRISES DOUALA BONANJO,V,SERV. FOURN. AUX ENTREPRISES,1.0
0.0,224673.0,2.0,11.0,0.0,0.0,0.0,1,CENTRE DIV IMPOTS DE DOUALA 1,J,ACTIVITES FOURNIES PRINCIPALEMENT AUX ENTREPRISES,0.0
56.0,115775.0,3.0,216.0,0.0,0.0,0.0,1,CENTRE DIV IMPOTS DE DOUALA 3,V,"VENTE/PRODUCTEUR VETEMENT, TISSUS,...",0.0
-1.0,109675.0,3.0,229.0,0.0,0.0,0.0,1,CIME CENTRE DIVISIONAIRE DES IMPÔTS DOUALA 1,J,COMMERCE DE GROS ET DE DETAIL,0.0
0.0,1979453.0,2.0,84.0,0.0,0.0,0.0,1,CENTRE PRINCIPAL DES IMPOTS DU LITTORAL 1,J,COMMERCE GENERAL,0.0
-1.0,1050625.0,3.0,17.0,0.0,0.0,0.0,1,CENTRE DIV IMPOTS DE DOUALA 1,V,ACTIVITES FOURNIES PRINCIPALEMENT AUX ENTREPRISES,0.0
-1.0,-26552.0,3.0,61.0,0.0,0.0,0.0,1,CENTRE DIV IMPOTS DE DOUALA 10,V,EXPORT-IMPORT PRODUITS INDETERMINES,0.0
-1.0,655340.0,3.0,165.0,0.0,0.0,0.0,1,CIME CENTRE DIVISIONAIRE DES IMPÔTS DOUALA 1,J,PUBLICITE,0.0
-1.0,2057.0,2.0,20.0,0.0,0.0,0.0,1,CENTRE DES IMPOTS DES MOYENNES ENTREPRISES DOUALA BONANJO,J,ACTIVITES FOURNIES PRINCIPALEMENT AUX ENTREPRISES,0.0
0.0,1766237.0,1.0,135.0,0.0,0.0,0.0,1,CENTRE DIV IMPOTS DE DOUALA 2,J,SERV. FOURN. AUX ENTREPRISES,1.0
1.0,80994.0,0.0,12.0,0.0,0.0,0.0,1,CENTRE DIV IMPOTS DE DOUALA 1,R,ACTIVITES D'INFORMATION ET DE TELECOMMUNICATIONS,0.0
0.0,235639.0,1.0,15.0,0.0,0.0,0.0,1,CSPLI CENTRE DIVISIONAIRE DES IMPÔTS DOUALA 1,J,ACTIVITES FOURNIES PRINCIPALEMENT AUX ENTREPRISES,0.0
0.0,-520165.0,2.0,74.0,0.0,0.0,0.0,1,CENTRE DIV IMPOTS DE DOUALA 1,J,EXPORT-IMPORT PRODUITS INDETERMINES,1.0
6.0,0.0,3.0,59.0,0.0,0.0,0.0,1,CENTRE DIV IMPOTS DE DOUALA 3,J,AMUSEMENTS s RECREATIFS NON CL.,0.0
-1.0,0.0,2.0,2.0,0.0,0.0,0.0,1,CENTRE DIV IMPOTS DE DOUALA 2,V,COMMERCE DE GROS ET DE DETAIL,1.0
-1.0,189139.0,2.0,41.0,0.0,0.0,0.0,3,CENTRE DIV IMPOTS DE DOUALA 1,J,ENSEIGNEMENT,0.0
2.0,0.0,1.0,3.0,0.0,0.0,0.0,1,CENTRE DIV IMPOTS DE DOUALA 2,J,ACTIVITES FOURNIES PRINCIPALEMENT AUX ENTREPRISES,0.0
1.0,0.0,2.0,6.0,0.0,0.0,0.0,1,CENTRE DIV IMPOTS DE DOUALA 1,J,COMMERCE DE GROS ET DE DETAIL,1.0
0.0,-7393.0,3.0,39.0,0.0,0.0,0.0,1,CENTRE DIV IMPOTS DE DOUALA 10,V,SERV. FOURN. AUX ENTREPRISES,1.0
0.0,32449.0,2.0,13.0,0.0,0.0,0.0,2,CENTRE DES IMPOTS DES MOYENNES ENTREPRISES DOUALA AKWA 1,J,"AGRICULTURE ET ENTREPRISES AGRO-PASTORALES, HORTICULTURE, SYLVICULTURE",0.0
2.0,70976.0,3.0,62.0,0.0,0.0,0.0,1,CENTRE DIV IMPOTS DE DOUALA 2,V,ASSURANCES,0.0
-1.0,0.0,3.0,9.0,0.0,0.0,0.0,1,CENTRE DIV IMPOTS DE DOUALA 3,V,COMMERCE DE GROS ET DE DETAIL,1.0
0.0,-112.0,1.0,1.0,0.0,0.0,0.0,1,CENTRE DES IMPOTS DES MOYENNES ENTREPRISES DOUALA AKWA 1,V,FABRICATION DE MEUBLES ACTIVITES DE FABRICATION N.C.A,1.0
-1.0,64875.0,3.0,42.0,0.0,0.0,0.0,1,CSPLI CENTRE DIVISIONAIRE DES IMPÔTS DOUALA 1,J,"COMPTABILITE, VERIF. COMPTES t LIV",0.0
0.0,288425.0,0.0,19.0,0.0,0.0,0.0,1,CENTRE DIV IMPOTS DE DOUALA 1,R,ACTIVITES FOURNIES PRINCIPALEMENT AUX ENTREPRISES,0.0
-1.0,99927.0,1.0,18.0,0.0,0.0,0.0,1,CENTRE DIV IMPOTS DE DOUALA 1,J,ACTIVITES FOURNIES PRINCIPALEMENT AUX ENTREPRISES,0.0
0.0,41535.0,3.0,28.0,0.0,0.0,0.0,1,CENTRE DIV IMPOTS DE DOUALA 1,J,COMMERCE DE GROS ET DE DETAIL,0.0
-1.0,10740.0,3.0,3.0,0.0,0.0,0.0,1,CENTRE DIV IMPOTS DE DOUALA 1,V,"BATIMENTS ET TRAVAUX PUBLICS : ENTREPRISES GENERALES DE BATIMENT, ENTREPRISES DE PEINTURE, D?INSTALLATIONS SANITAIRES, D?INSTALLATIONS ELECTRIQUES, DE ZINGUERIE, DE PLOMBERIE, DE VITRERIE ; CONSTRUCTION ET ENTRETIEN DES ROUTES, VOIES FERREES, CANALISATION D?EAU (OUVRAGES D?ART EXCLUS)",1.0
0.0,-1.0,1.0,1.0,0.0,0.0,0.0,1,CENTRE DIV IMPOTS DE DOUALA 1,V,ACTIVITES FOURNIES PRINCIPALEMENT AUX ENTREPRISES,0.0
-1.0,213831.0,3.0,60.0,0.0,0.0,0.0,1,CENTRE DIV IMPOTS DE DOUALA 1,V,"HOTELS, RESTAURANTS, CAFES, BARS ET DANCING",0.0
-1.0,-378459.0,3.0,182.0,0.0,0.0,0.0,1,CSPLI CENTRE DIVISIONAIRE DES IMPÔTS DOUALA 1,V,"PROFESSIONS LIBERALES, CABINETS COMPTABLES ET FISCAUX, CONSEILS JURIDIQUES, OFFICIERS MINISTERIELS",0.0
-1.0,-2498.0,0.0,201.0,0.0,0.0,0.0,1,CENTRE DES IMPOTS DES MOYENNES ENTREPRISES DOUALA AKWA 1,R,SERV. FOURN. AUX ENTREPRISES,0.0
-1.0,0.0,3.0,3.0,0.0,0.0,0.0,1,CENTRE DIV IMPOTS DE DOUALA 1,J,ACTIVITES FOURNIES PRINCIPALEMENT AUX ENTREPRISES,0.0
-1.0,24726.0,3.0,11.0,0.0,0.0,0.0,1,CENTRE DIV IMPOTS DE DOUALA 1,V,ENTREPRISES DE GARDIENNAGE ET DE SURVEILLANCE ;,1.0
-1.0,6807123.0,3.0,49.0,0.0,0.0,0.0,1,CENTRE DIV IMPOTS DE DOUALA 1,V,"HOTELS, HOTELS MEUBLES e ANALOGUES",0.0
0.0,-3.0,3.0,15.0,0.0,0.0,0.0,1,CENTRE DIV IMPOTS DE DOUALA 4,V,ACTIVITES FOURNIES PRINCIPALEMENT AUX ENTREPRISES,0.0
0.0,51240.0,0.0,6.0,0.0,0.0,0.0,1,CENTRE DIV IMPOTS DE DOUALA 1,R,ACTIVITES FOURNIES PRINCIPALEMENT AUX ENTREPRISES,0.0
0.0,103791.0,2.0,20.0,0.0,0.0,0.0,1,CIME CENTRE DIVISIONAIRE DES IMPÔTS DOUALA 2,J,COMMERCE DE GROS ET DE DETAIL,1.0
-1.0,696792.0,3.0,63.0,0.0,0.0,0.0,1,CENTRE DIV IMPOTS DE DOUALA 1,V,"HOTELS, RESTAURANTS, CAFES, BARS ET DANCING",0.0
-1.0,-119833.0,3.0,89.0,0.0,0.0,0.0,1,CENTRE PRINCIPAL DES IMPOTS DU LITTORAL 1,V,BARS,0.0
5.0,14346.0,3.0,13.0,0.0,0.0,0.0,1,CENTRE DIV IMPOTS DE DOUALA 1,J,ACTIVITES FOURNIES PRINCIPALEMENT AUX ENTREPRISES,0.0
0.0,109322.0,3.0,102.0,0.0,0.0,0.0,1,CENTRE DIVISIONNAIRE DES IMPÔTS DOUALA 12,J,TRANSPORTS PAR CAMIONS,1.0
-1.0,166635.0,3.0,11.0,0.0,0.0,0.0,2,CENTRE DES IMPOTS DES MOYENNES ENTREPRISES DOUALA AKWA 1,V,"AGRICULTURE ET ENTREPRISES AGRO-PASTORALES, HORTICULTURE, SYLVICULTURE",0.0
-1.0,101999.0,3.0,25.0,0.0,0.0,0.0,1,CENTRE DIV IMPOTS DE DOUALA 1,V,TRANSPORTS ROUTIERS DE MARCHANDISES OU DE VOYAGEURS,1.0
-1.0,1582423.0,3.0,169.0,0.0,0.0,0.0,9,CENTRE DIV IMPOTS DE DOUALA 1,V,nan,0.0
-1.0,147400.0,3.0,39.0,0.0,0.0,0.0,1,CENTRE DIV IMPOTS DE DOUALA 1,V,SERV. FOURN. AUX ENTREPRISES,0.0
-1.0,95003.0,1.0,18.0,0.0,0.0,0.0,1,CENTRE DIV IMPOTS DE DOUALA 1,J,ACTIVITES FOURNIES PRINCIPALEMENT AUX ENTREPRISES,0.0
1.0,17907.0,1.0,12.0,0.0,0.0,0.0,3,CENTRE DIV IMPOTS DE DOUALA 2,J,ENSEIGNEMENT,0.0
-1.0,20988.0,3.0,27.0,0.0,0.0,0.0,1,CENTRE DES IMPOTS DES PROFESSIONS LIBERALES DOUALA,V,"MEDECINS, PHARMACIENS, DENTISTES",0.0
-1.0,620516.0,3.0,114.0,0.0,0.0,0.0,1,CENTRE DES IMPOTS DES MOYENNES ENTREPRISES DOUALA BONANJO,J,COMMERCE DE GROS ET DE DETAIL,1.0
0.0,-350.0,1.0,1.0,0.0,0.0,0.0,1,CENTRE DIV IMPOTS DE DOUALA 1,V,ACTIVITES FOURNIES PRINCIPALEMENT AUX ENTREPRISES,0.0
-1.0,89017.0,0.0,176.0,0.0,0.0,0.0,1,DGE CENTRE DIVISIONAIRE DES IMPÔTS DOUALA 3,R,ASSURANCES,0.0
38.0,-12.0,1.0,42.0,0.0,0.0,0.0,1,CENTRE DIV IMPOTS DE DOUALA 1,J,ACTIVITES FINANCIERES ET D'ASSURANCE,0.0
-1.0,823016.0,0.0,190.0,0.0,0.0,0.0,1,CSPLI CENTRE DIVISIONAIRE DES IMPÔTS DOUALA 1,R,BANQUE ET ETABLISSEMENTS FINANCIERS,0.0
2.0,2238881.0,1.0,33.0,0.0,0.0,0.0,1,CENTRE DIV IMPOTS DE DOUALA 1,J,SERV. INGENIEURS a s TECH.,0.0
1.0,23948.0,3.0,23.0,0.0,0.0,0.0,1,CENTRE DIV IMPOTS DE DOUALA 2,V,COMMERCE DE GROS ET DE DETAIL,1.0
0.0,556312.0,3.0,70.0,0.0,0.0,0.0,1,CENTRE DIV IMPOTS DE DOUALA 2,V,SERV. FOURN. AUX ENTREPRISES,1.0
2.0,21452.0,1.0,10.0,0.0,0.0,0.0,1,CENTRE DIV IMPOTS DE DOUALA 1,J,COMMERCE DE GROS ET DE DETAIL,1.0
3.0,425655.0,0.0,23.0,0.0,0.0,0.0,1,CENTRE DIV IMPOTS DE DOUALA 2,R,COMMERCE DE GROS ET DE DETAIL,1.0
-1.0,314307.0,1.0,42.0,0.0,0.0,0.0,1,CENTRE DIV IMPOTS DE DOUALA 1,J,SERV. FOURN. AUX ENTREPRISES,0.0
0.0,209005.0,2.0,140.0,0.0,0.0,0.0,1,CSPLI CENTRE DIVISIONAIRE DES IMPÔTS DOUALA 1,J,SERV. FOURN. AUX ENTREPRISES,0.0
-1.0,10120.0,3.0,67.0,0.0,0.0,0.0,1,CENTRE DIV IMPOTS DE DOUALA 1,V,SERV. FOURN. AUX ENTREPRISES,0.0
-1.0,9693.0,3.0,14.0,0.0,0.0,0.0,1,CENTRE DIV IMPOTS DE DOUALA 1,V,ACTIVITES FOURNIES PRINCIPALEMENT AUX ENTREPRISES,0.0
-1.0,11319.0,3.0,74.0,0.0,0.0,0.0,1,CENTRE DIV IMPOTS DE DOUALA 1,J,AUTRES S. SOC. c FOURN A LA COLLEC,0.0
-1.0,-107118.0,3.0,120.0,0.0,0.0,0.0,1,CENTRE DIV IMPOTS DE DOUALA 10,V,RESTAURANTS ET DEBITS DE BOISSONS,0.0
-1.0,20474.0,3.0,39.0,0.0,0.0,0.0,1,CENTRE DIV IMPOTS DE DOUALA 1,V,SERV. FOURN. AUX ENTREPRISES,0.0
-1.0,12344.0,3.0,15.0,0.0,0.0,0.0,1,CENTRE DIV IMPOTS DE DOUALA 3,V,COMMERCE DE GROS ET DE DETAIL,1.0
2.0,-1576.0,1.0,92.0,0.0,0.0,0.0,1,CENTRE DIVISIONNAIRE DES IMPÔTS DOUALA 12,J,SERV. FOURN. AUX ENTREPRISES,1.0
-1.0,4107818.0,2.0,293.0,0.0,0.0,0.0,1,CIME CENTRE DIVISIONAIRE DES IMPÔTS DOUALA 1,J,TRANSPORTS AERIENS,1.0
0.0,32774.0,3.0,117.0,0.0,0.0,0.0,1,CENTRE DIV IMPOTS DE DOUALA 2,V,SERV. FOURN. AUX ENTREPRISES,1.0
-1.0,67232.0,3.0,101.0,0.0,0.0,0.0,1,CENTRE DIV IMPOTS DE DOUALA 2,V,COMMERCE DE GROS ET DE DETAIL,0.0
-1.0,60004.0,3.0,37.0,0.0,0.0,0.0,1,CENTRE DIV IMPOTS DE DOUALA 1,V,SERVICES FINANCIERS,0.0
-1.0,63163.0,3.0,100.0,0.0,0.0,0.0,1,CENTRE DIV IMPOTS DE DOUALA 1,V,FABRICAT. CONSERVES DE FRUITS l,1.0
-1.0,12114.0,3.0,33.0,0.0,0.0,0.0,1,CIME CENTRE DIVISIONAIRE DES IMPÔTS DOUALA 2,J,ASSURANCES,0.0
-1.0,26506.0,3.0,11.0,0.0,0.0,0.0,1,CENTRE DES IMPOTS DES MOYENNES ENTREPRISES DOUALA AKWA 1,J,ACTIVITES FINANCIERES ET D'ASSURANCE,0.0
0.0,804969.0,2.0,56.0,0.0,0.0,0.0,1,CENTRE DIV IMPOTS DE DOUALA 1,J,COMMERCE DE GROS ET DE DETAIL,0.0
-1.0,139526.0,3.0,107.0,0.0,0.0,0.0,1,CENTRE DIV IMPOTS DE DOUALA 1,V,COMMERCE DE GROS ET DE DETAIL,1.0
0.0,-2586.0,3.0,333.0,0.0,0.0,0.0,1,CSPLI CENTRE DIVISIONAIRE DES IMPÔTS DOUALA 2,V,VENTE/PRODUCTEUR PHARMACEUTIQUE,0.0
-1.0,188962.0,2.0,23.0,0.0,0.0,0.0,1,CENTRE DIV IMPOTS DE DOUALA 3,J,ACTIVITES IMMOBILIERES,0.0
-1.0,14279.0,3.0,9.0,0.0,0.0,0.0,1,CENTRE DIV IMPOTS DE DOUALA 1,J,CONSTRUCTION,1.0
2.0,13686.0,0.0,5.0,0.0,0.0,0.0,1,CENTRE DIVI DES IMPOTS DE DOUALA 5,R,"BATIMENTS ET TRAVAUX PUBLICS : ENTREPRISES GENERALES DE BATIMENT, ENTREPRISES DE PEINTURE, D?INSTALLATIONS SANITAIRES, D?INSTALLATIONS ELECTRIQUES, DE ZINGUERIE, DE PLOMBERIE, DE VITRERIE ; CONSTRUCTION ET ENTRETIEN DES ROUTES, VOIES FERREES, CANALISATION D?EAU (OUVRAGES D?ART EXCLUS)",1.0
0.0,-60510.0,3.0,50.0,0.0,0.0,0.0,1,CENTRE DIV IMPOTS DE DOUALA 1,J,SERV. FOURN. AUX ENTREPRISES,0.0
2.0,12251.0,3.0,33.0,0.0,0.0,0.0,1,CENTRE DIV IMPOTS DE DOUALA 1,V,SERV. FOURN. AUX PARTICULIERS m,0.0
0.0,0.0,3.0,13.0,0.0,0.0,0.0,1,CENTRE DIV IMPOTS DE DOUALA 2,V,ACTIVITES FOURNIES PRINCIPALEMENT AUX ENTREPRISES,0.0
-1.0,64379.0,3.0,17.0,0.0,0.0,0.0,1,CENTRE DIV IMPOTS DE DOUALA 1,V,"AUTRES ACTIVITES FOURNIES A LA COLLECTIVITE, ACTIVITES SOCIALES ET PERSONNELLES",0.0
1.0,50894.0,2.0,67.0,0.0,0.0,0.0,1,CENTRE SPECIALISE DES IMPOTS,J,CONSEILS JURIDIQUES,0.0
1.0,45970.0,3.0,40.0,0.0,0.0,0.0,1,CENTRE DIV IMPOTS DE DOUALA 1,J,SERV. FOURN. AUX ENTREPRISES,1.0
-1.0,10060.0,3.0,3.0,0.0,0.0,0.0,1,CENTRE DIV IMPOTS DE DOUALA 1,V,ACTIVITES FOURNIES PRINCIPALEMENT AUX ENTREPRISES,0.0
-1.0,91213.0,1.0,39.0,0.0,0.0,0.0,1,CSPLI CENTRE DIVISIONAIRE DES IMPÔTS DOUALA 1,J,CONSEILS JURIDIQUES,0.0
0.0,920358.0,3.0,50.0,0.0,0.0,0.0,1,CENTRE DES IMPOTS DES MOYENNES ENTREPRISES DOUALA BONANJO,J,ACTIVITES D'INFORMATION ET DE TELECOMMUNICATIONS,0.0
-1.0,94348.0,3.0,54.0,0.0,0.0,0.0,3,CENTRE DIV IMPOTS DE DOUALA 2,V,ENSEIGNEMENT,0.0
10.0,3631246.0,3.0,195.0,0.0,0.0,0.0,1,CSPLI CENTRE DIVISIONAIRE DES IMPÔTS DOUALA 1,V,SOINS MEDICAUX d a SERVICES,0.0
0.0,1006295.0,3.0,198.0,0.0,0.0,0.0,9,CENTRE DIV IMPOTS DE DOUALA 3,V,nan,0.0
17.0,569222.0,0.0,51.0,0.0,0.0,0.0,1,CSPLI CENTRE DIVISIONAIRE DES IMPÔTS DOUALA 2,R,CONSEILS JURIDIQUES,0.0
0.0,-3.0,3.0,3.0,0.0,0.0,0.0,1,CENTRE DES IMPOTS DES MOYENNES ENTREPRISES DOUALA BONANJO,V,CONSTRUCTION,1.0
0.0,291922.0,2.0,56.0,0.0,0.0,0.0,1,CSPLI CENTRE DIVISIONAIRE DES IMPÔTS DOUALA 10,J,SERVICES FINANCIERS,0.0
0.0,7294991.0,1.0,17.0,0.0,0.0,0.0,1,CENTRE DIV IMPOTS DE DOUALA 1,J,"AUTRES ACTIVITES FOURNIES A LA COLLECTIVITE, ACTIVITES SOCIALES ET PERSONNELLES",0.0
-1.0,2624734.0,3.0,267.0,0.0,0.0,0.0,1,CSPLI CENTRE DIVISIONAIRE DES IMPÔTS DOUALA 6,V,ACTIVITES FOURNIES PRINCIPALEMENT AUX ENTREPRISES,0.0
-1.0,1035782.0,3.0,35.0,0.0,0.0,0.0,1,CENTRE DIV IMPOTS DE DOUALA 1,V,CONSEIL JURIDIQUE,0.0
2.0,71600.0,0.0,3.0,0.0,0.0,0.0,1,CENTRE DIV IMPOTS DE DOUALA 2,R,COMMERCE DE GROS ET DE DETAIL,1.0
0.0,172298.0,3.0,387.0,0.0,0.0,0.0,1,CENTRE DIVISIONNAIRE DES IMPÔTS DOUALA 9,V,COMMERCE DE GROS ET DE DETAIL,1.0
0.0,-16.0,3.0,23.0,0.0,0.0,0.0,1,CIME CENTRE DIVISIONAIRE DES IMPÔTS DOUALA 2,J,"BATIMENTS ET TRAVAUX PUBLICS : ENTREPRISES GENERALES DE BATIMENT, ENTREPRISES DE PEINTURE, D?INSTALLATIONS SANITAIRES, D?INSTALLATIONS ELECTRIQUES, DE ZINGUERIE, DE PLOMBERIE, DE VITRERIE ; CONSTRUCTION ET ENTRETIEN DES ROUTES, VOIES FERREES, CANALISATION D?EAU (OUVRAGES D?ART EXCLUS)",1.0
-1.0,581379.0,3.0,69.0,0.0,0.0,0.0,1,CENTRE DIV IMPOTS DE DOUALA 1,V,COMMERCE GENERAL,0.0
-1.0,42571.0,2.0,2.0,0.0,0.0,0.0,2,CENTRE DIV IMPOTS DE DOUALA 1,V,"AGRICULTURE ET ENTREPRISES AGRO-PASTORALES, HORTICULTURE, SYLVICULTURE",0.0
-1.0,-86.0,3.0,191.0,0.0,0.0,0.0,1,DIRECTION DES GRANDES ENTREPRISES,V,"ENTREPRISES DE PRODUCTION, DE TRANSPORT ET DE DISTRIBUTION D?ELECTRICITE",1.0
-1.0,13638.0,3.0,58.0,0.0,0.0,0.0,1,CENTRE DIV IMPOTS DE DOUALA 1,V,COMMUNICATIONS,0.0
0.0,61909.0,1.0,41.0,0.0,0.0,0.0,1,DIRECTION DES GRANDES ENTREPRISES,J,SERV. FOURN. AUX ENTREPRISES,0.0
92.0,4021753.0,0.0,144.0,0.0,0.0,0.0,1,CENTRE DES IMPOTS DES MOYENNES ENTREPRISES DOUALA BONANJO,R,ACTIVITES FOURNIES PRINCIPALEMENT AUX ENTREPRISES,0.0
14.0,57948.0,0.0,26.0,0.0,0.0,0.0,1,CENTRE DES IMPOTS DES MOYENNES ENTREPRISES DOUALA AKWA 2,R,COMMERCE DE GROS ET DE DETAIL,1.0
0.0,23617.0,2.0,7.0,0.0,0.0,0.0,1,CENTRE DIV IMPOTS DE DOUALA 1,J,ACTIVITES FOURNIES PRINCIPALEMENT AUX ENTREPRISES,0.0
10.0,121424.0,2.0,186.0,0.0,0.0,0.0,1,CSPLI CENTRE DIVISIONAIRE DES IMPÔTS DOUALA 1,J,SERV. FOURN. AUX ENTREPRISES,0.0
-1.0,25256.0,3.0,10.0,0.0,0.0,0.0,1,CENTRE DIV IMPOTS DE DOUALA 1,V,"ENTREPRISES DE FABRICATION D?OBJETS EN BOIS, IVOIRE ET OR",1.0
-1.0,234864.0,1.0,167.0,0.0,0.0,0.0,1,CIME CENTRE DIVISIONAIRE DES IMPÔTS DOUALA 1,J,CONSTRUCTION,1.0
0.0,63978.0,1.0,6.0,0.0,0.0,0.0,1,CENTRE PRINCIPAL DES IMPOTS DU LITTORAL 1,J,COMMERCE DE GROS ET DE DETAIL,1.0
0.0,-173722.0,2.0,159.0,0.0,0.0,0.0,1,CENTRE DES IMPOTS DES MOYENNES ENTREPRISES DOUALA BONANJO,J,RESTAURANTS ET DEBITS DE BOISSONS,0.0
0.0,79970.0,3.0,31.0,0.0,0.0,0.0,1,CENTRE DIV IMPOTS DE DOUALA 2,V,SERV. FOURN. AUX ENTREPRISES,1.0
0.0,578510.0,2.0,3.0,0.0,0.0,0.0,1,CENTRE DIV IMPOTS DE DOUALA 1,J,ACTIVITES FOURNIES PRINCIPALEMENT AUX ENTREPRISES,0.0
0.0,12465888.0,0.0,241.0,0.0,0.0,0.0,1,CIME CENTRE DIVISIONAIRE DES IMPÔTS DOUALA 1,R,TRANSPORTS PAR CAMIONS,1.0
-1.0,84434.0,3.0,28.0,0.0,0.0,0.0,1,CSPLI CENTRE DIVISIONAIRE DES IMPÔTS DOUALA 1,V,TRANSITAIRES ET AGREES EN DOUANE,0.0
5.0,222981.0,3.0,39.0,0.0,0.0,0.0,1,CENTRE DIV IMPOTS DE DOUALA 4,V,SERV. FOURN. AUX ENTREPRISES,1.0
1.0,-232.0,2.0,15.0,0.0,0.0,0.0,1,CENTRE DIV IMPOTS DE DOUALA 1,J,ACTIVITES FOURNIES PRINCIPALEMENT AUX ENTREPRISES,0.0
0.0,54726.0,3.0,140.0,0.0,0.0,0.0,1,CENTRE DIV IMPOTS DE DOUALA 8,V,SERV. FOURN. AUX ENTREPRISES,0.0
0.0,1428642.0,3.0,36.0,0.0,0.0,0.0,1,CENTRE DIV IMPOTS DE DOUALA 1,J,"ENTREPRISES FORESTIERES, SCIERIES",1.0
2.0,37176.0,2.0,151.0,0.0,0.0,0.0,1,CENTRE DES IMPOTS DES MOYENNES ENTREPRISES DOUALA BONANJO,J,EXPLOITATION FORESTIERE,1.0
1.0,7850.0,2.0,51.0,0.0,0.0,0.0,1,CENTRE DIV IMPOTS DE DOUALA 2,J,COMMERCE GENERAL,0.0
0.0,182635.0,3.0,82.0,0.0,0.0,0.0,1,CENTRE DIV IMPOTS DE DOUALA 3,V,SERV. FOURN. AUX ENTREPRISES,0.0
-1.0,42145.0,3.0,90.0,0.0,0.0,0.0,1,CENTRE PRINCIPAL DES IMPOTS DU LITTORAL 1,V,COMMERCE DE DETAIL,0.0
1.0,220194.0,0.0,36.0,0.0,0.0,0.0,1,CENTRE DIV IMPOTS DE DOUALA 1,R,IMPORTATEUR BOISSONS,0.0
0.0,8007417.0,0.0,118.0,0.0,0.0,0.0,1,CIME CENTRE DIVISIONAIRE DES IMPÔTS DOUALA 1,R,INDUSTRIE DU TEXTILE ET DE LA CONFECTION,1.0
-1.0,424699.0,3.0,271.0,0.0,0.0,0.0,1,CIME CENTRE DIVISIONAIRE DES IMPÔTS DOUALA 1,V,"HOTELS, RESTAURANTS, CAFES, BARS ET DANCING",0.0
-1.0,-84431.0,3.0,195.0,0.0,0.0,0.0,1,CIME CENTRE DIVISIONAIRE DES IMPÔTS DOUALA 1,V,ACTIVITES FINANCIERES ET D'ASSURANCE,0.0
-1.0,57710.0,3.0,126.0,0.0,0.0,0.0,1,CENTRE DIV IMPOTS DE DOUALA 1,V,"HOTELS, RESTAURANTS, CAFES, BARS ET DANCING",0.0
-1.0,93742.0,3.0,42.0,0.0,0.0,0.0,1,CENTRE DIV IMPOTS DE DOUALA 1,V,"HOTELS, RESTAURANTS, CAFES, BARS ET DANCING",0.0
-1.0,-934.0,3.0,407.0,0.0,0.0,0.0,1,CIME CENTRE DIVISIONAIRE DES IMPÔTS DOUALA 3,J,TRANSITAIRE ET AUXILIAIRES DES TRANSPORTS,1.0
0.0,34690.0,2.0,19.0,0.0,0.0,0.0,1,CENTRE DIV IMPOTS DE DOUALA 3,J,"BATIMENTS ET TRAVAUX PUBLICS : ENTREPRISES GENERALES DE BATIMENT, ENTREPRISES DE PEINTURE, D?INSTALLATIONS SANITAIRES, D?INSTALLATIONS ELECTRIQUES, DE ZINGUERIE, DE PLOMBERIE, DE VITRERIE ; CONSTRUCTION ET ENTRETIEN DES ROUTES, VOIES FERREES, CANALISATION D?EAU (OUVRAGES D?ART EXCLUS)",1.0
-1.0,1658966.0,3.0,41.0,0.0,0.0,0.0,1,CENTRE DIV IMPOTS DE DOUALA 1,J,BATIMENT ET TRAVAUX PUBLICS,1.0
-1.0,83532.0,3.0,247.0,0.0,0.0,0.0,1,CSPLI CENTRE DIVISIONAIRE DES IMPÔTS DOUALA 1,V,SOINS MEDICAUX d a SERVICES,0.0
0.0,50034.0,1.0,10.0,0.0,0.0,0.0,1,CENTRE DIV IMPOTS DE DOUALA 3,J,COMMERCE DE GROS ET DE DETAIL,1.0
-1.0,365897.0,2.0,462.0,0.0,0.0,0.0,1,CIME CENTRE DIVISIONAIRE DES IMPÔTS DOUALA 3,J,SOINS MEDICAUX d a SERVICES,0.0
2.0,2826266.0,2.0,44.0,0.0,0.0,0.0,1,CENTRE DIV IMPOTS DE DOUALA 1,J,ATELIER DE CONFECTION,0.0
-1.0,17465.0,2.0,15.0,0.0,0.0,0.0,9,CENTRE DIV IMPOTS DE DOUALA 1,J,nan,0.0
1.0,41172.0,2.0,15.0,0.0,0.0,0.0,9,CENTRE DIV IMPOTS DE DOUALA 1,J,nan,0.0
0.0,215707.0,2.0,15.0,0.0,0.0,0.0,1,CENTRE DIV IMPOTS DE DOUALA 1,J,ACTIVITES FOURNIES PRINCIPALEMENT AUX ENTREPRISES,0.0
-1.0,5109702.0,3.0,265.0,0.0,0.0,0.0,1,CIME CENTRE DIVISIONAIRE DES IMPÔTS DOUALA 1,V,TRANSPORTS FLUVIAL ET CABOTAGE,1.0
2.0,491610.0,0.0,63.0,0.0,0.0,0.0,1,CENTRE DIV IMPOTS DE DOUALA 1,R,COMMERCE GENERAL,0.0
-1.0,641602.0,0.0,178.0,0.0,0.0,0.0,1,CENTRE DIV IMPOTS DE DOUALA 10,R,"BLANCHISSERIE, TEINTURERIE",0.0
0.0,6290.0,3.0,7.0,0.0,0.0,0.0,1,CENTRE DIV IMPOTS DE DOUALA 3,J,ACTIVITES FOURNIES PRINCIPALEMENT AUX ENTREPRISES,0.0
0.0,0.0,3.0,7.0,0.0,0.0,0.0,1,CENTRE DIV IMPOTS DE DOUALA 1,J,TRANSITAIRES ET AGREES EN DOUANE,1.0
0.0,307577.0,3.0,15.0,0.0,0.0,0.0,1,CENTRE DIV IMPOTS DE DOUALA 1,J,"BATIMENTS ET TRAVAUX PUBLICS : ENTREPRISES GENERALES DE BATIMENT, ENTREPRISES DE PEINTURE, D?INSTALLATIONS SANITAIRES, D?INSTALLATIONS ELECTRIQUES, DE ZINGUERIE, DE PLOMBERIE, DE VITRERIE ; CONSTRUCTION ET ENTRETIEN DES ROUTES, VOIES FERREES, CANALISATION D?EAU (OUVRAGES D?ART EXCLUS)",1.0
0.0,32315.0,1.0,9.0,0.0,0.0,0.0,1,CENTRE DIV IMPOTS DE DOUALA 1,J,ACTIVITES FOURNIES PRINCIPALEMENT AUX ENTREPRISES,0.0
0.0,-50715.0,2.0,369.0,0.0,0.0,0.0,1,CIME CENTRE DIVISIONAIRE DES IMPÔTS DOUALA 1,J,"HOTELS, RESTAURANTS, CAFES, BARS ET DANCING",0.0
60.0,3089842.0,2.0,231.0,0.0,0.0,0.0,1,CENTRE DIV IMPOTS DE DOUALA 2,J,ENSEIGNEMENT,0.0
-1.0,64297.0,2.0,517.0,0.0,0.0,0.0,1,CENTRE DIV IMPOTS DE DOUALA 3,J,COMMERCE DE GROS ET DE DETAIL,0.0
-1.0,106996.0,3.0,78.0,0.0,0.0,0.0,1,CENTRE DIV IMPOTS DE DOUALA 10,V,SERV. FOURN. AUX ENTREPRISES,0.0
8.0,202560.0,0.0,28.0,0.0,0.0,0.0,1,CENTRE DIV IMPOTS DE DOUALA 2,R,COMMERCE DE GROS ET DE DETAIL,1.0
0.0,981606.0,2.0,159.0,0.0,0.0,0.0,1,CENTRE DES IMPOTS DES MOYENNES ENTREPRISES DOUALA AKWA 1,J,"BOULANGERIES, PATISSERIES, BISCUITERIES, FABRICATION DE PRODUITS A BASE DE CEREALES",1.0
0.0,139082.0,1.0,93.0,0.0,0.0,0.0,1,CSPLI CENTRE DIVISIONAIRE DES IMPÔTS DOUALA 1,J,SOINS MEDICAUX d a SERVICES,0.0
0.0,2996.0,3.0,110.0,0.0,0.0,0.0,1,CENTRE DIV IMPOTS DE DOUALA 1,J,COMMERCE DE GROS ET DE DETAIL,0.0
0.0,-14922.0,1.0,134.0,0.0,0.0,0.0,1,CENTRE DIV IMPOTS DE DOUALA 3,J,SERV. FOURN. AUX ENTREPRISES,0.0
0.0,81302.0,0.0,10.0,0.0,0.0,0.0,1,CENTRE DIV IMPOTS DE DOUALA 1,R,TRANSITAIRES ET AGREES EN DOUANE,1.0
0.0,489699.0,0.0,32.0,0.0,0.0,0.0,1,CENTRE DES IMPOTS DES MOYENNES ENTREPRISES DOUALA BONANJO,R,COMMERCE GENERAL,0.0
-1.0,78521.0,3.0,35.0,0.0,0.0,0.0,1,CENTRE DIV IMPOTS DE DOUALA 1,J,TRANSITAIRE ET AUXILIAIRES DES TRANSPORTS,1.0
0.0,1378990.0,2.0,126.0,0.0,0.0,0.0,1,CENTRE DIV IMPOTS DE DOUALA 3,J,BANQUE ET ETABLISSEMENTS FINANCIERS,0.0
-1.0,18371.0,2.0,177.0,0.0,0.0,0.0,9,CENTRE DIV IMPOTS DE DOUALA 1,J,nan,0.0
0.0,291.0,3.0,11.0,0.0,0.0,0.0,1,CENTRE DIV IMPOTS DE DOUALA 1,J,ACTIVITES FOURNIES PRINCIPALEMENT AUX ENTREPRISES,0.0
-1.0,36499.0,3.0,42.0,0.0,0.0,0.0,1,CENTRE DIV IMPOTS DE DOUALA 2,V,COMMERCE GENERAL,0.0
0.0,3944441.0,2.0,402.0,0.0,0.0,0.0,1,CSPLI CENTRE DIVISIONAIRE DES IMPÔTS DOUALA 1,J,ACTIVITES FINANCIERES ET D'ASSURANCE,0.0
-1.0,-51869.0,3.0,99.0,0.0,0.0,0.0,1,CENTRE DIV IMPOTS DE DOUALA 1,V,SERV. FOURN. AUX ENTREPRISES,1.0
13.0,56593.0,1.0,24.0,0.0,0.0,0.0,1,CENTRE DIV IMPOTS DE DOUALA 2,J,TRANSPORT ET ENTREPOSAGE,1.0
0.0,-490.0,3.0,9.0,0.0,0.0,0.0,1,CENTRE DIV IMPOTS DE DOUALA 1,V,"BATIMENTS ET TRAVAUX PUBLICS : ENTREPRISES GENERALES DE BATIMENT, ENTREPRISES DE PEINTURE, D?INSTALLATIONS SANITAIRES, D?INSTALLATIONS ELECTRIQUES, DE ZINGUERIE, DE PLOMBERIE, DE VITRERIE ; CONSTRUCTION ET ENTRETIEN DES ROUTES, VOIES FERREES, CANALISATION D?EAU (OUVRAGES D?ART EXCLUS)",1.0
-1.0,204871.0,2.0,93.0,0.0,0.0,0.0,1,CENTRE DIV IMPOTS DE DOUALA 1,J,"HOTELS, RESTAURANTS, CAFES, BARS ET DANCING",0.0
2.0,-680.0,1.0,3.0,0.0,0.0,0.0,1,CENTRE DIV IMPOTS DE DOUALA 1,J,"AUTRES ACTIVITES FOURNIES A LA COLLECTIVITE, ACTIVITES SOCIALES ET PERSONNELLES",0.0
0.0,25433.0,2.0,535.0,0.0,0.0,0.0,3,CENTRE DIV IMPOTS DE DOUALA 2,J,ENSEIGNEMENT,0.0
-1.0,554371.0,3.0,16.0,0.0,0.0,0.0,1,CENTRE DIV IMPOTS DE DOUALA 1,V,ASSISTANCE TECHNOLOGIQUE AUX ENTREPRISES,0.0
-1.0,581554.0,3.0,39.0,0.0,0.0,0.0,1,CENTRE DIVI DES IMPOTS DE DOUALA 5,V,"AUTRES ACTIVITES FOURNIES A LA COLLECTIVITE, ACTIVITES SOCIALES ET PERSONNELLES",0.0
-1.0,10684.0,3.0,15.0,0.0,0.0,0.0,1,CENTRE DIV IMPOTS DE DOUALA 2,V,COMMERCE DE GROS ET DE DETAIL,1.0
-1.0,9677.0,3.0,72.0,0.0,0.0,0.0,1,CENTRE DIV IMPOTS DE DOUALA 1,V,COMMERCE GENERAL,0.0
-1.0,585383.0,3.0,123.0,0.0,0.0,0.0,1,CENTRE DIV IMPOTS DE DOUALA 3,V,SERV. FOURN. AUX PARTICULIERS m,0.0
-1.0,96303.0,2.0,12.0,0.0,0.0,0.0,1,CENTRE DIV IMPOTS DE DOUALA 2,J,ACTIVITES FINANCIERES ET D'ASSURANCE,0.0
1.0,-3368.0,3.0,15.0,0.0,0.0,0.0,1,CENTRE DIV IMPOTS DE DOUALA 2,V,ACTIVITES FOURNIES PRINCIPALEMENT AUX ENTREPRISES,0.0
2.0,-2652.0,1.0,3.0,0.0,0.0,0.0,1,CENTRE DIV IMPOTS DE DOUALA 2,J,ACTIVITES FOURNIES PRINCIPALEMENT AUX ENTREPRISES,0.0
-1.0,26974.0,2.0,12.0,0.0,0.0,0.0,1,CENTRE DIV IMPOTS DE DOUALA 2,J,COMMERCE DE GROS ET DE DETAIL,1.0
-1.0,61039.0,3.0,46.0,0.0,0.0,0.0,1,CSPLI CENTRE DIVISIONAIRE DES IMPÔTS DOUALA 1,V,"PROFESSIONS LIBERALES, CABINETS COMPTABLES ET FISCAUX, CONSEILS JURIDIQUES, OFFICIERS MINISTERIELS",0.0
0.0,0.0,1.0,1.0,0.0,0.0,0.0,1,CENTRE DIV IMPOTS DE DOUALA 4,V,ACTIVITES FOURNIES PRINCIPALEMENT AUX ENTREPRISES,0.0
-1.0,5513.0,3.0,75.0,0.0,0.0,0.0,1,CENTRE PRINCIPAL DES IMPOTS DU LITTORAL 2,V,COMMERCE GENERAL,0.0
-1.0,-3284.0,0.0,71.0,0.0,0.0,0.0,1,CENTRE DIV IMPOTS DE DOUALA 10,R,COMMERCE GENERAL,0.0
-1.0,24141.0,3.0,51.0,0.0,0.0,0.0,1,CENTRE DIV IMPOTS DE DOUALA 1,V,COMMERCE GENERAL,0.0
-1.0,-25.0,3.0,18.0,0.0,0.0,0.0,9,CENTRE DIV IMPOTS DE DOUALA 1,V,nan,0.0
-1.0,375101.0,2.0,134.0,0.0,0.0,0.0,1,CENTRE DES IMPOTS DES MOYENNES ENTREPRISES DOUALA BONANJO,J,ACTIVITES FOURNIES PRINCIPALEMENT AUX ENTREPRISES,1.0
2.0,3488550.0,0.0,264.0,0.0,0.0,0.0,1,CIME CENTRE DIVISIONAIRE DES IMPÔTS DOUALA 2,R,AGENCES IMMOBILIERES,0.0
-1.0,156082.0,3.0,34.0,0.0,0.0,0.0,1,CENTRE DIV IMPOTS DE DOUALA 1,V,TRANSPORTS PAR LA VOIE TERRESTRE,1.0
0.0,-964444.0,3.0,275.0,0.0,0.0,0.0,1,CIME CENTRE DIVISIONAIRE DES IMPÔTS DOUALA 1,V,FABRICATION DE PRODUITS CHIMIQUES ET PHARMACEUTIQUES,0.0
0.0,57470.0,3.0,156.0,0.0,0.0,0.0,1,CENTRE PRINCIPAL DES IMPOTS DU LITTORAL 2,V,TRANSITAIRE ET AUXILIAIRES DES TRANSPORTS,1.0
-1.0,29813.0,1.0,15.0,0.0,0.0,0.0,1,CENTRE SPECIALISE DES IMPOTS,J,ACTIVITES IMMOBILIERES,0.0
1.0,106707.0,0.0,12.0,0.0,0.0,0.0,1,CENTRE DIV IMPOTS DE DOUALA 2,R,ASSOCIATIONS SPORTIVES,0.0
-1.0,236377.0,2.0,30.0,0.0,0.0,0.0,1,CENTRE DIV DES IMPOTS DE YAOUNDE 1,J,COMMERCE DE GROS ET DE DETAIL,0.0
-1.0,2784534.0,2.0,89.0,0.0,0.0,0.0,1,DIRECTION DES GRANDES ENTREPRISES,J,COMMERCE DE GROS ET DE DETAIL,1.0
-1.0,2968804.0,0.0,507.0,0.0,0.0,0.0,1,CENTRE DIV IMPOTS DE DOUALA 2,R,REPARATION ET INSTALLATION DES MACHINES ET EQUIPEMENTS,1.0
-1.0,39160.0,3.0,17.0,0.0,0.0,0.0,1,CENTRE DIV IMPOTS DE DOUALA 1,J,"TRAVAUX PUBLICS, GENIE CIVIL : CARRIERE A CIEL OUVERT, TRAVAUX SOUTERRAINS DANS LA CONSTRUCTION ET L?ENTRETIEN DES EGOUTS ET CANALISATIONS D?EAU, CONSTRUCTION ET ENTRETIEN D?OUVRAGES D?ART (PONTS, AQUEDUCS, QUAIS, JETEES, DIGUES ET BARRAGES), ENTREPRISES DE CONSTRUCTION ET D?ENTRETIEN DE LIGNES EXTERIEURES DE TRANSPORT D?ENERGIE, ENTREPRISES DE DEMOLITION, CONSTRUCTION DE TUNNELS",1.0
-1.0,49948.0,2.0,49.0,0.0,0.0,0.0,1,CENTRE DIV IMPOTS DE DOUALA 10,J,COMMERCE GENERAL,0.0
-1.0,12469.0,3.0,61.0,0.0,0.0,0.0,1,CENTRE DIV IMPOTS DE DOUALA 1,V,BATIMENT ET TRAVAUX PUBLICS,1.0
1.0,-10.0,1.0,2.0,0.0,0.0,0.0,1,CENTRE DIV IMPOTS DE DOUALA 2,J,ACTIVITES FOURNIES PRINCIPALEMENT AUX ENTREPRISES,0.0
-1.0,171680.0,3.0,120.0,0.0,0.0,0.0,1,CENTRE DES IMPOTS DES MOYENNES ENTREPRISES DOUALA AKWA 1,V,SERV. FOURN. AUX ENTREPRISES,0.0
2.0,731577.0,0.0,467.0,0.0,0.0,0.0,1,CSPLI CENTRE DIVISIONAIRE DES IMPÔTS DOUALA 1,R,"PROFESSIONS LIBERALES, CABINETS COMPTABLES ET FISCAUX, CONSEILS JURIDIQUES, OFFICIERS MINISTERIELS",0.0
-1.0,-2.0,3.0,20.0,0.0,0.0,0.0,1,CENTRE DIV IMPOTS DE DOUALA 2,J,ACTIVITES FOURNIES PRINCIPALEMENT AUX ENTREPRISES,0.0
-1.0,31682.0,3.0,10.0,0.0,0.0,0.0,1,CENTRE DIV IMPOTS DE DOUALA 1,V,COMMERCE DE GROS ET DE DETAIL,1.0
-1.0,3412700.0,3.0,29.0,0.0,0.0,0.0,1,CENTRE PRINCIPAL DES IMPOTS DU CENTRE 1,V,REPARATION DE VEHICULES,0.0
-1.0,81171.0,2.0,112.0,0.0,0.0,0.0,1,CSI WOURI 1,J,CONSEIL JURIDIQUE,0.0
0.0,32090918.0,0.0,474.0,0.0,0.0,0.0,1,CENTRE DIV IMPOTS DE DOUALA 3,R,ACTIVITE POUR LA SANTE HUMAINE ET ACTION SOCIALE,0.0
-1.0,309072.0,3.0,142.0,0.0,0.0,0.0,1,DGE CENTRE DIVISIONAIRE DES IMPÔTS DOUALA 3,J,SERV. FOURN. AUX ENTREPRISES,1.0
0.0,105057.0,3.0,10.0,0.0,0.0,0.0,1,CENTRE DIV IMPOTS DE DOUALA 1,J,TRANSPORTS ROUTIERS DE MARCHANDISES OU DE VOYAGEURS,1.0
219.0,57547.0,3.0,267.0,0.0,0.0,0.0,9,CENTRE DIVISIONNAIRE DES IMPOTS DE BAFOUSSAM 1,V,SERVICES DOMESTIQUES,0.0
1.0,29756.0,2.0,25.0,0.0,0.0,0.0,1,CENTRE DIV IMPOTS DE DOUALA 1,J,ASSISTANCE TECHNOLOGIQUE AUX ENTREPRISES,0.0
-1.0,347182.0,1.0,27.0,0.0,0.0,0.0,1,CENTRE DIV IMPOTS DE DOUALA 1,J,ACTIVITES FOURNIES PRINCIPALEMENT AUX ENTREPRISES,1.0
-1.0,2100676.0,1.0,13.0,0.0,0.0,0.0,1,CENTRE DIV IMPOTS DE DOUALA 1,J,ACTIVITES FOURNIES PRINCIPALEMENT AUX ENTREPRISES,0.0
-1.0,-297282.0,3.0,276.0,0.0,0.0,0.0,1,CENTRE PRINCIPAL DES IMPOTS DU LITTORAL 1,V,COMMERCE DE GROS ET DE DETAIL,0.0
0.0,24350.0,3.0,18.0,0.0,0.0,0.0,1,CIME CENTRE DIVISIONAIRE DES IMPÔTS DOUALA 3,V,TRANSPORTS ROUTIERS DE MARCHANDISES OU DE VOYAGEURS,1.0
0.0,10372.0,3.0,37.0,0.0,0.0,0.0,1,CENTRE DIV IMPOTS DE DOUALA 2,V,SERV. FOURN. AUX ENTREPRISES,0.0
-1.0,133779574.0,0.0,155.0,0.0,0.0,0.0,1,CIME CENTRE DIVISIONAIRE DES IMPÔTS DOUALA 1,R,TRANSPORTS PAR LA VOIE TERRESTRE,1.0
1.0,1953472.0,0.0,179.0,0.0,0.0,0.0,1,CIME CENTRE DIVISIONAIRE DES IMPÔTS DOUALA 1,R,BATIMENT ET TRAVAUX PUBLICS,1.0
-1.0,633498.0,1.0,168.0,0.0,0.0,0.0,1,CENTRE PRINCIPAL DES IMPOTS DU CENTRE 1,J,"PLOMBERIE, MIROITERIE,...",1.0
1.0,2647463.0,0.0,86.0,0.0,0.0,0.0,1,CENTRE DIV IMPOTS DE DOUALA 1,R,ACTIVITES FOURNIES PRINCIPALEMENT AUX ENTREPRISES,0.0
1.0,1408010.0,0.0,243.0,0.0,0.0,0.0,1,CENTRE PRINCIPAL DES IMPOTS DU LITTORAL 1,R,"COM. GROS d,RESTAURATION h",0.0
0.0,13.0,3.0,74.0,0.0,0.0,0.0,1,CENTRE DIV IMPOTS DE DOUALA 2,V,AUTRES ETABLISEMENTS FINANCIERS,0.0
0.0,549726.0,1.0,57.0,0.0,0.0,0.0,1,CENTRE DIV IMPOTS DE DOUALA 10,J,COMMERCE GENERAL,0.0
0.0,70526.0,0.0,178.0,0.0,0.0,0.0,1,CENTRE DIV IMPOTS DE DOUALA 1,R,SERV. FOURN. AUX ENTREPRISES,0.0
2.0,70075.0,0.0,7.0,0.0,0.0,0.0,1,CENTRE DIV IMPOTS DE DOUALA 2,R,ACTIVITES FOURNIES PRINCIPALEMENT AUX ENTREPRISES,0.0
-1.0,135290.0,3.0,35.0,0.0,0.0,0.0,1,CENTRE DIV IMPOTS DE DOUALA 1,V,"DETAILLANT VEHICULES, ENGINS, PNEU",1.0
2.0,210490.0,0.0,12.0,0.0,0.0,0.0,1,CENTRE DIV IMPOTS DE DOUALA 1,R,ACTIVITES FOURNIES PRINCIPALEMENT AUX ENTREPRISES,0.0
0.0,88950.0,0.0,92.0,0.0,0.0,0.0,9,CENTRE DES IMPOTS DES MOYENNES ENTREPRISES DOUALA BONANJO,R,nan,0.0
-1.0,11402586.0,3.0,127.0,0.0,0.0,0.0,1,DIRECTION DES GRANDES ENTREPRISES,V,TRANSPORTS MARITIME LONG COURS,1.0
-1.0,992857.0,3.0,127.0,0.0,0.0,0.0,1,DIRECTION DES GRANDES ENTREPRISES,J,TRANSITAIRE ET AUXILIAIRES DES TRANSPORTS,1.0
0.0,168555.0,2.0,431.0,0.0,0.0,0.0,1,CSPLI CENTRE DIVISIONAIRE DES IMPÔTS DOUALA 3,J,ACTIVITE POUR LA SANTE HUMAINE ET ACTION SOCIALE,0.0
-1.0,123869.0,3.0,87.0,0.0,0.0,0.0,1,CIME CENTRE DIVISIONAIRE DES IMPÔTS DOUALA 2,V,COMMERCE GENERAL,0.0
0.0,551250.0,0.0,15.0,0.0,0.0,0.0,1,CENTRE DIV IMPOTS DE DOUALA 1,R,ACTIVITES FOURNIES PRINCIPALEMENT AUX ENTREPRISES,0.0
0.0,50928.0,0.0,9.0,0.0,0.0,0.0,3,CENTRE DIV IMPOTS DE DOUALA 2,R,ENSEIGNEMENT,0.0
1.0,10290.0,0.0,2.0,0.0,0.0,0.0,1,CENTRE DIV IMPOTS DE DOUALA 1,R,ACTIVITES FOURNIES PRINCIPALEMENT AUX ENTREPRISES,0.0
-1.0,79810.0,3.0,52.0,0.0,0.0,0.0,1,CENTRE DIV IMPOTS DE DOUALA 1,V,COMMERCE DE GROS ET DE DETAIL,0.0
-1.0,12429.0,3.0,19.0,0.0,0.0,0.0,1,CENTRE DIV IMPOTS DE DOUALA 1,J,"TRAVAUX PUBLICS, GENIE CIVIL : CARRIERE A CIEL OUVERT, TRAVAUX SOUTERRAINS DANS LA CONSTRUCTION ET L?ENTRETIEN DES EGOUTS ET CANALISATIONS D?EAU, CONSTRUCTION ET ENTRETIEN D?OUVRAGES D?ART (PONTS, AQUEDUCS, QUAIS, JETEES, DIGUES ET BARRAGES), ENTREPRISES DE CONSTRUCTION ET D?ENTRETIEN DE LIGNES EXTERIEURES DE TRANSPORT D?ENERGIE, ENTREPRISES DE DEMOLITION, CONSTRUCTION DE TUNNELS",1.0
-1.0,137867.0,3.0,31.0,0.0,0.0,0.0,1,CENTRE DIVI DES IMPOTS DE DOUALA 5,V,COMMERCE GENERAL,0.0
4.0,255292.0,1.0,32.0,0.0,0.0,0.0,1,CENTRE DIV IMPOTS DE DOUALA 2,J,CONSEILS JURIDIQUES,0.0
1.0,629657.0,0.0,295.0,0.0,0.0,0.0,1,CSPLI CENTRE DIVISIONAIRE DES IMPÔTS DOUALA 3,R,"PROFESSIONS LIBERALES, CABINETS COMPTABLES ET FISCAUX, CONSEILS JURIDIQUES, OFFICIERS MINISTERIELS",0.0
-1.0,81804.0,1.0,255.0,0.0,0.0,0.0,1,CSPLI CENTRE DIVISIONAIRE DES IMPÔTS DOUALA 2,J,CONSEIL JURIDIQUE,0.0
7.0,1918192.0,0.0,282.0,0.0,0.0,0.0,1,CSPLI CENTRE DIVISIONAIRE DES IMPÔTS DOUALA 1,R,CONSEILS JURIDIQUES,0.0
0.0,54394.0,3.0,209.0,0.0,0.0,0.0,1,CSPLI CENTRE DIVISIONAIRE DES IMPÔTS DOUALA 1,V,CONSEILS JURIDIQUES,0.0
-1.0,728221.0,2.0,469.0,0.0,0.0,0.0,1,CSPLI CENTRE DIVISIONAIRE DES IMPÔTS DOUALA 2,J,"PROFESSIONS LIBERALES, CABINETS COMPTABLES ET FISCAUX, CONSEILS JURIDIQUES, OFFICIERS MINISTERIELS",0.0
111.0,135175.0,0.0,230.0,0.0,0.0,0.0,1,CSPLI CENTRE DIVISIONAIRE DES IMPÔTS DOUALA 2,R,"PROFESSIONS LIBERALES, CABINETS COMPTABLES ET FISCAUX, CONSEILS JURIDIQUES, OFFICIERS MINISTERIELS",0.0
0.0,4756146.0,0.0,207.0,0.0,0.0,0.0,1,CSPLI CENTRE DIVISIONAIRE DES IMPÔTS DOUALA 1,R,CONSEILS JURIDIQUES,0.0
-1.0,197018.0,3.0,179.0,0.0,0.0,0.0,1,CENTRE PRINCIPAL DES IMPOTS DU LITTORAL 1,V,TRANSITAIRE ET AUXILIAIRES DES TRANSPORTS,1.0
0.0,95338.0,3.0,27.0,0.0,0.0,0.0,1,CIME CENTRE DIVISIONAIRE DES IMPÔTS DOUALA 1,J,TRANSPORTS URBAINS,1.0
-1.0,460871.0,3.0,137.0,0.0,0.0,0.0,1,CENTRE DIV IMPOTS DE DOUALA 10,V,SERV. FOURN. AUX ENTREPRISES,0.0
4.0,-13304.0,3.0,51.0,0.0,0.0,0.0,1,CSPLI CENTRE DIVISIONAIRE DES IMPÔTS DOUALA 1,V,"MEDECINS, PHARMACIENS, DENTISTES",0.0
-1.0,6951.0,3.0,25.0,0.0,0.0,0.0,1,CENTRE DIV IMPOTS DE DOUALA 1,V,ACTIVITES FINANCIERES ET D'ASSURANCE,0.0
-1.0,-1811.0,2.0,15.0,0.0,0.0,0.0,1,CSPLI CENTRE DIVISIONAIRE DES IMPÔTS DOUALA 1,J,ACTIVITES IMMOBILIERES,0.0
0.0,392.0,3.0,44.0,0.0,0.0,0.0,2,CENTRE DIVI DES IMPOTS DE DOUALA 5,V,"AGRICULTURE ET ENTREPRISES AGRO-PASTORALES, HORTICULTURE, SYLVICULTURE",0.0
-1.0,11998.0,3.0,6.0,0.0,0.0,0.0,9,CENTRE DIV IMPOTS DE DOUALA 1,V,HEBERGEMENT ET RESTAURATION,0.0
0.0,0.0,3.0,4.0,0.0,0.0,0.0,1,CENTRE DIVI DES IMPOTS DE DOUALA 5,V,ACTIVITES FOURNIES PRINCIPALEMENT AUX ENTREPRISES,0.0
-1.0,106162.0,2.0,21.0,0.0,0.0,0.0,1,CENTRE DIV IMPOTS DE DOUALA 1,J,COMMERCE DE GROS ET DE DETAIL,0.0
-1.0,28868.0,3.0,7.0,0.0,0.0,0.0,1,CENTRE DIV IMPOTS DE DOUALA 1,J,ACTIVITES FOURNIES PRINCIPALEMENT AUX ENTREPRISES,0.0
0.0,92238.0,3.0,96.0,0.0,0.0,0.0,1,CENTRE PRINCIPAL DES IMPOTS DU LITTORAL 1,V,COMMERCE GENERAL,0.0
0.0,65949.0,2.0,9.0,0.0,0.0,0.0,1,CENTRE DES IMPOTS DES MOYENNES ENTREPRISES DOUALA BONANJO,J,ACTIVITES FOURNIES PRINCIPALEMENT AUX ENTREPRISES,0.0
-1.0,2332.0,3.0,19.0,0.0,0.0,0.0,1,CENTRE DIV IMPOTS DE DOUALA 1,J,ACTIVITES FOURNIES PRINCIPALEMENT AUX ENTREPRISES,0.0
0.0,0.0,3.0,7.0,0.0,0.0,0.0,1,CENTRE DIV IMPOTS DE DOUALA 3,V,ACTIVITES IMMOBILIERES,0.0
-1.0,12243.0,3.0,5.0,0.0,0.0,0.0,1,CENTRE DIV IMPOTS DE DOUALA 1,J,ACTIVITES FINANCIERES ET D'ASSURANCE,0.0
0.0,3130448.0,3.0,244.0,0.0,0.0,0.0,1,CIME CENTRE DIVISIONAIRE DES IMPÔTS DOUALA 1,J,SERV. FOURN. AUX ENTREPRISES,0.0
2.0,433471.0,1.0,76.0,0.0,0.0,0.0,1,CENTRE DIV IMPOTS DE DOUALA 1,J,SERV. FOURN. AUX ENTREPRISES,1.0
3.0,1145.0,2.0,8.0,0.0,0.0,0.0,1,CENTRE DIV IMPOTS DE DOUALA 1,J,ACTIVITES FOURNIES PRINCIPALEMENT AUX ENTREPRISES,0.0
0.0,-52.0,2.0,0.0,0.0,0.0,0.0,1,CENTRE DIV IMPOTS DE DOUALA 1,R,ACTIVITES FOURNIES PRINCIPALEMENT AUX ENTREPRISES,0.0
14.0,116314.0,2.0,27.0,0.0,0.0,0.0,1,CENTRE DIV DES IMPOTS DE YAOUNDE 5,J,TRANSITAIRES ET AGREES EN DOUANE,1.0
4.0,910873.0,0.0,270.0,0.0,0.0,0.0,1,CENTRE SPECIALISE DES IMPOTS,R,AGENCES IMMOBILIAIRES,0.0
-1.0,26832.0,3.0,138.0,0.0,0.0,0.0,1,CENTRE DES IMPOTS DES MOYENNES ENTREPRISES DOUALA AKWA 1,V,SERV. FOURN. AUX ENTREPRISES,1.0
0.0,15262.0,3.0,18.0,0.0,0.0,0.0,1,CENTRE DIV IMPOTS DE DOUALA 1,V,ASSOCIATIONS SPORTIVES,0.0
5.0,12548.0,3.0,22.0,0.0,0.0,0.0,1,CENTRE DIV IMPOTS DE DOUALA 2,V,COMMERCE DE GROS ET DE DETAIL,1.0
-1.0,58244.0,3.0,122.0,0.0,0.0,0.0,1,CENTRE DIV IMPOTS DE DOUALA 10,V,COMMERCE GENERAL,0.0
-1.0,38117.0,3.0,9.0,0.0,0.0,0.0,1,CENTRE DIV IMPOTS DE DOUALA 1,V,SYLVICULTURE ET EXPLOITATION FORRESTIERE,1.0
-1.0,2076069.0,3.0,349.0,0.0,0.0,0.0,1,CSPLI CENTRE DIVISIONAIRE DES IMPÔTS DOUALA 1,V,"OPERATIONS DE TRANSIT, CONSIGNATION DE NAVIRES",1.0
-1.0,-222982.0,3.0,43.0,0.0,0.0,0.0,1,CENTRE DIV IMPOTS DE DOUALA 2,V,COMMERCE GENERAL,0.0
2.0,743210.0,0.0,39.0,0.0,0.0,0.0,1,CSPLI CENTRE DIVISIONAIRE DES IMPÔTS DOUALA 1,R,CONSEILS JURIDIQUES,0.0
-1.0,565884.0,3.0,18.0,0.0,0.0,0.0,1,CENTRE DIV IMPOTS DE DOUALA 4,J,COMMERCE DE GROS ET DE DETAIL,0.0
0.0,200746.0,3.0,87.0,0.0,0.0,0.0,1,CENTRE PRINCIPAL DES IMPOTS DU LITTORAL 1,V,PRODUCTION DE FILMS CINEMATOGRAPHIQUES,0.0
-1.0,32192.0,1.0,1.0,0.0,0.0,0.0,1,CENTRE DES IMPOTS DES MOYENNES ENTREPRISES DOUALA AKWA 1,V,COMMERCE DE GROS ET DE DETAIL,1.0
0.0,-3722.0,2.0,311.0,0.0,0.0,0.0,1,CENTRE DIV IMPOTS DE DOUALA 6,J,FAB. OUVRAGES BOIS l NON CLASSES,1.0
0.0,9056.0,3.0,26.0,0.0,0.0,0.0,1,CENTRE DIV IMPOTS DE DOUALA 1,J,ACTIVITES FOURNIES PRINCIPALEMENT AUX ENTREPRISES,0.0
-1.0,0.0,0.0,0.0,0.0,0.0,0.0,1,CENTRE DIVI DES IMPOTS DE DOUALA 5,R,SERV. FOURN. AUX ENTREPRISES,0.0
-1.0,125226.0,2.0,30.0,0.0,0.0,0.0,9,CENTRE DIV IMPOTS DE DOUALA 1,J,nan,0.0
2.0,198430.0,0.0,18.0,0.0,0.0,0.0,1,CENTRE DIV IMPOTS DE DOUALA 3,R,CONSTRUCTION,1.0
-1.0,157059.0,3.0,22.0,0.0,0.0,0.0,1,CENTRE DES IMPOTS DES MOYENNES ENTREPRISES DOUALA AKWA 1,V,COMMERCE DE GROS ET DE DETAIL,1.0
3.0,47400.0,2.0,12.0,0.0,0.0,0.0,2,CENTRE DIV IMPOTS DE DOUALA 1,J,"AGRICULTURE ET ENTREPRISES AGRO-PASTORALES, HORTICULTURE, SYLVICULTURE",0.0
25.0,-885.0,3.0,142.0,0.0,0.0,0.0,1,CENTRE DIV IMPOTS DE DOUALA 2,J,COMMERCE GENERAL,0.0
-1.0,0.0,2.0,0.0,0.0,0.0,0.0,9,CENTRE DIV IMPOTS DE DOUALA 2,R,nan,0.0
0.0,-1760.0,3.0,18.0,0.0,0.0,0.0,1,CENTRE DIV IMPOTS DE DOUALA 1,J,ASSISTANCE TECHNOLOGIQUE AUX ENTREPRISES,0.0
-1.0,2823641.0,1.0,51.0,0.0,0.0,0.0,1,CENTRE DIV IMPOTS DE DOUALA 10,J,SERV. FOURN. AUX ENTREPRISES,0.0
-1.0,92155.0,0.0,44.0,0.0,0.0,0.0,1,CENTRE DIV IMPOTS DE DOUALA 1,R,COMMERCE GENERAL,0.0
-1.0,290649.0,1.0,150.0,0.0,0.0,0.0,1,CENTRE DES IMPOTS DES MOYENNES ENTREPRISES DOUALA BONANJO,J,"HOTELS, RESTAURANTS, CAFES, BARS ET DANCING",0.0
-1.0,347536.0,1.0,58.0,0.0,0.0,0.0,1,CENTRE DIV IMPOTS DE DOUALA 1,J,SERV. FOURN. AUX ENTREPRISES,0.0
-1.0,79848.0,3.0,18.0,0.0,0.0,0.0,1,CENTRE DIV IMPOTS DE DOUALA 2,V,STATIONS-SERVICE D?ESSENCE,0.0
17.0,93959.0,3.0,241.0,0.0,0.0,0.0,1,CSI LIMBE,V,VENTE/PRODUCTEUR ENERGIE ET LUBRIFIANT,0.0
-1.0,9700.0,3.0,267.0,0.0,0.0,0.0,1,CENTRE PRINCIPAL DES IMPOTS DU LITTORAL 2,V,COMMUNICATIONS,0.0
0.0,-20.0,2.0,2.0,0.0,0.0,0.0,1,CENTRE DIV IMPOTS DE DOUALA 3,V,ACTIVITES FOURNIES PRINCIPALEMENT AUX ENTREPRISES,0.0
-1.0,186444.0,0.0,8.0,0.0,0.0,0.0,1,CENTRE DIV IMPOTS DE DOUALA 1,R,ACTIVITES FOURNIES PRINCIPALEMENT AUX ENTREPRISES,0.0
-1.0,-1164.0,3.0,247.0,0.0,0.0,0.0,1,CSPLI CENTRE DIVISIONAIRE DES IMPÔTS DOUALA 1,V,CONSEIL JURIDIQUE,0.0
1.0,123039.0,0.0,122.0,0.0,0.0,0.0,1,CENTRE DIV IMPOTS DE DOUALA 2,R,"ORGANISMES DE SANTE, MAISONS DE RETRAITE, MAISONS DE REPOS",0.0
0.0,20408.0,1.0,31.0,0.0,0.0,0.0,9,CENTRE DIVI DES IMPOTS DE DOUALA 5,J,nan,0.0
-1.0,573008.0,2.0,15.0,0.0,0.0,0.0,1,CENTRE DIV IMPOTS DE DOUALA 1,J,"TRAVAUX PUBLICS, GENIE CIVIL : CARRIERE A CIEL OUVERT, TRAVAUX SOUTERRAINS DANS LA CONSTRUCTION ET L?ENTRETIEN DES EGOUTS ET CANALISATIONS D?EAU, CONSTRUCTION ET ENTRETIEN D?OUVRAGES D?ART (PONTS, AQUEDUCS, QUAIS, JETEES, DIGUES ET BARRAGES), ENTREPRISES DE CONSTRUCTION ET D?ENTRETIEN DE LIGNES EXTERIEURES DE TRANSPORT D?ENERGIE, ENTREPRISES DE DEMOLITION, CONSTRUCTION DE TUNNELS",1.0
-1.0,95265.0,2.0,80.0,0.0,0.0,0.0,1,CENTRE DIV IMPOTS DE DOUALA 1,J,SERV. FOURN. AUX ENTREPRISES,0.0
1.0,149.0,2.0,84.0,0.0,0.0,0.0,1,CENTRE PRINCIPAL DES IMPOTS DU LITTORAL 1,J,AUTRES S. SOC. c FOURN A LA COLLEC,0.0
-1.0,-11381.0,3.0,24.0,0.0,0.0,0.0,1,CENTRE DIV IMPOTS DE DOUALA 2,V,TRANSITAIRES ET AGREES EN DOUANE,1.0
-1.0,-75.0,2.0,0.0,0.0,0.0,0.0,1,CENTRE DIV IMPOTS DE DOUALA 1,R,ACTIVITES FOURNIES PRINCIPALEMENT AUX ENTREPRISES,0.0
-1.0,-24.0,3.0,16.0,0.0,0.0,0.0,1,CENTRE DIV IMPOTS DE DOUALA 2,V,STATIONS-SERVICE D?ESSENCE,0.0
-1.0,2320802.0,0.0,221.0,0.0,0.0,0.0,1,CSPLI CENTRE DIVISIONAIRE DES IMPÔTS DOUALA 3,R,CONSEILS JURIDIQUES,0.0
0.0,-913.0,3.0,24.0,0.0,0.0,0.0,1,CENTRE DIV IMPOTS DE DOUALA 1,V,TRANSPORTS ROUTIERS DE MARCHANDISES OU DE VOYAGEURS,1.0
0.0,7640774.0,0.0,303.0,0.0,0.0,0.0,1,CSPLI CENTRE DIVISIONAIRE DES IMPÔTS DOUALA 1,R,PUBLICITE,0.0
-1.0,161898.0,3.0,149.0,0.0,0.0,0.0,1,CENTRE DIV IMPOTS DE DOUALA 1,J,TRANSITAIRES ET AGREES EN DOUANE,1.0
1.0,-3706.0,3.0,11.0,0.0,0.0,0.0,1,CENTRE DIV IMPOTS DE DOUALA 2,V,ACTIVITES IMMOBILIERES,0.0
-1.0,30237.0,3.0,25.0,0.0,0.0,0.0,1,CENTRE DES IMPOTS DES MOYENNES ENTREPRISES DOUALA AKWA 2,V,COMMERCE DE GROS ET DE DETAIL,1.0
0.0,354890.0,0.0,221.0,0.0,0.0,0.0,1,CSPLI CENTRE DIVISIONAIRE DES IMPÔTS DOUALA 1,R,CONSEILS JURIDIQUES,0.0
-1.0,49885.0,3.0,243.0,0.0,0.0,0.0,1,CSPLI CENTRE DIVISIONAIRE DES IMPÔTS DOUALA 2,V,CONSEIL JURIDIQUE,0.0
6.0,623747.0,0.0,89.0,0.0,0.0,0.0,1,CENTRE PRINCIPAL DES IMPOTS DU LITTORAL 1,R,CONSEIL JURIDIQUE,0.0
0.0,-1044187.0,2.0,123.0,0.0,0.0,0.0,1,CSPLI CENTRE DIVISIONAIRE DES IMPÔTS DOUALA 3,J,CONSEIL JURIDIQUE,0.0
0.0,12387.0,3.0,38.0,0.0,0.0,0.0,1,CENTRE DIV IMPOTS DE DOUALA 1,J,SERV. FOURN. AUX ENTREPRISES,1.0
-1.0,88591.0,3.0,36.0,0.0,0.0,0.0,1,CENTRE DIV IMPOTS DE DOUALA 2,J,GARAGE,1.0
-1.0,81112.0,3.0,147.0,0.0,0.0,0.0,1,CENTRE DIV IMPOTS DE DOUALA 1,V,AUTRES S. SOC. c FOURN A LA COLLEC,0.0
-1.0,2103181.0,3.0,132.0,0.0,0.0,0.0,1,DIRECTION DES GRANDES ENTREPRISES,J,FABRICATION D'AUTRES PRODUITS CHIMIQUES,1.0
-1.0,11870.0,3.0,265.0,0.0,0.0,0.0,1,CIME CENTRE DIVISIONAIRE DES IMPÔTS DOUALA 1,V,SOINS MEDICAUX d a SERVICES,0.0
-1.0,423117.0,3.0,103.0,0.0,0.0,0.0,1,CENTRE DIV IMPOTS DE DOUALA 1,V,VENTE/PRODUCTEUR PHARMACEUTIQUE,0.0
-1.0,4708240.0,1.0,60.0,0.0,0.0,0.0,1,CIME CENTRE DIVISIONAIRE DES IMPÔTS DOUALA 1,J,COMMUNICATIONS,0.0
-1.0,226349.0,3.0,295.0,0.0,0.0,0.0,1,CIME CENTRE DIVISIONAIRE DES IMPÔTS DOUALA 2,J,PUBLICITE,0.0
0.0,-770.0,3.0,35.0,0.0,0.0,0.0,1,CENTRE DIV IMPOTS DE DOUALA 1,V,"GROSSITE COMMERCE GENERAL,PRODUITS INDETERMINES",0.0
0.0,-164523.0,3.0,243.0,0.0,0.0,0.0,1,CENTRE DES IMPOTS DES MOYENNES ENTREPRISES DOUALA AKWA 1,V,"MEDECINS, PHARMACIENS, DENTISTES",0.0
0.0,23495.0,3.0,23.0,0.0,0.0,0.0,1,CENTRE DIV IMPOTS DE DOUALA 2,V,COMMERCE DE GROS ET DE DETAIL,1.0
-1.0,48559782.0,3.0,132.0,0.0,0.0,0.0,1,DIRECTION DES GRANDES ENTREPRISES,V,TRANSPORT N.C.A,1.0
-1.0,26287.0,3.0,49.0,0.0,0.0,0.0,1,CENTRE DIV IMPOTS DE DOUALA 1,V,BATIMENT ET TRAVAUX PUBLICS,1.0
-1.0,11785.0,3.0,15.0,0.0,0.0,0.0,1,CENTRE DIV IMPOTS DE DOUALA 2,V,ACTIVITES FOURNIES PRINCIPALEMENT AUX ENTREPRISES,0.0
0.0,527844.0,2.0,97.0,0.0,0.0,0.0,1,CSPLI CENTRE DIVISIONAIRE DES IMPÔTS DOUALA 1,J,"IMPORTATEUR FRIOD, MECANOG, QUINC",1.0
-1.0,171843.0,0.0,14.0,0.0,0.0,0.0,1,CENTRE DIV IMPOTS DE DOUALA 3,R,ACTIVITES FOURNIES PRINCIPALEMENT AUX ENTREPRISES,0.0
0.0,46365.0,0.0,12.0,0.0,0.0,0.0,1,CENTRE DIV IMPOTS DE DOUALA 1,R,ACTIVITES FOURNIES PRINCIPALEMENT AUX ENTREPRISES,0.0
-1.0,155469.0,3.0,387.0,0.0,0.0,0.0,1,CIME CENTRE DIVISIONAIRE DES IMPÔTS DOUALA 1,J,COMMERCE DE GROS ET DE DETAIL,0.0
3.0,1510654.0,1.0,135.0,0.0,0.0,0.0,1,CENTRE DIV IMPOTS DE DOUALA 2,J,RESTAURANTS ET DEBITS DE BOISSONS,0.0
-1.0,1973082.0,3.0,127.0,0.0,0.0,0.0,1,CENTRE DIV IMPOTS DE DOUALA 10,V,SERV. FOURN. AUX ENTREPRISES,1.0
-1.0,-2.0,3.0,3.0,0.0,0.0,0.0,1,CENTRE DIVI DES IMPOTS DE DOUALA 5,J,ASSISTANCE TECHNOLOGIQUE AUX ENTREPRISES,0.0
-1.0,162078.0,2.0,66.0,0.0,0.0,0.0,1,CENTRE DES IMPOTS DES MOYENNES ENTREPRISES DOUALA AKWA 2,J,"BATIMENTS ET TRAVAUX PUBLICS : ENTREPRISES GENERALES DE BATIMENT, ENTREPRISES DE PEINTURE, D?INSTALLATIONS SANITAIRES, D?INSTALLATIONS ELECTRIQUES, DE ZINGUERIE, DE PLOMBERIE, DE VITRERIE ; CONSTRUCTION ET ENTRETIEN DES ROUTES, VOIES FERREES, CANALISATION D?EAU (OUVRAGES D?ART EXCLUS)",1.0
0.0,7609.0,3.0,4.0,0.0,0.0,0.0,1,CENTRE DIV IMPOTS DE DOUALA 4,J,COMMERCE DE GROS ET DE DETAIL,1.0
-1.0,24731.0,2.0,9.0,0.0,0.0,0.0,1,CENTRE DIV IMPOTS DE DOUALA 2,J,"AUTRES ACTIVITES FOURNIES A LA COLLECTIVITE, ACTIVITES SOCIALES ET PERSONNELLES",0.0
-1.0,2450346.0,2.0,25.0,0.0,0.0,0.0,1,CENTRE DIV IMPOTS DE DOUALA 1,J,TRANSPORTS URBAINS,1.0
-1.0,117425.0,1.0,13.0,0.0,0.0,0.0,1,CENTRE DIV IMPOTS DE DOUALA 1,J,COMMERCE DE GROS ET DE DETAIL,1.0
0.0,-51397.0,3.0,111.0,0.0,0.0,0.0,1,CENTRE DIV IMPOTS DE DOUALA 1,V,COMMERCE DE GROS ET DE DETAIL,0.0
-1.0,325776.0,3.0,118.0,0.0,0.0,0.0,1,CENTRE DIV IMPOTS DE DOUALA 1,V,VENTE/PRODUCTEUR ENERGIE ET LUBRIFIANT,0.0
-1.0,-3456.0,3.0,13.0,0.0,0.0,0.0,1,CENTRE DIV IMPOTS DE DOUALA 1,V,"BATIMENTS ET TRAVAUX PUBLICS : ENTREPRISES GENERALES DE BATIMENT, ENTREPRISES DE PEINTURE, D?INSTALLATIONS SANITAIRES, D?INSTALLATIONS ELECTRIQUES, DE ZINGUERIE, DE PLOMBERIE, DE VITRERIE ; CONSTRUCTION ET ENTRETIEN DES ROUTES, VOIES FERREES, CANALISATION D?EAU (OUVRAGES D?ART EXCLUS)",1.0
-1.0,48615.0,3.0,7.0,0.0,0.0,0.0,1,CENTRE DIV IMPOTS DE DOUALA 2,V,ACTIVITES FOURNIES PRINCIPALEMENT AUX ENTREPRISES,0.0
-1.0,15987.0,2.0,11.0,0.0,0.0,0.0,1,CENTRE DIV IMPOTS DE DOUALA 2,J,COMMERCE DE GROS ET DE DETAIL,1.0
-1.0,218658.0,2.0,64.0,0.0,0.0,0.0,1,CENTRE DIV IMPOTS DE DOUALA 1,J,FABRICATION DE PRODUITS CHIMIQUES ET PHARMACEUTIQUES,1.0
-1.0,529167.0,3.0,571.0,0.0,0.0,0.0,1,CENTRE DES IMPOTS DES MOYENNES ENTREPRISES DOUALA BONANJO,V,PECHE ET AQUACULTURE,0.0
-1.0,598011.0,3.0,11.0,0.0,0.0,0.0,1,CENTRE DIV IMPOTS DE DOUALA 2,V,COMMERCE DE GROS ET DE DETAIL,1.0
0.0,20097.0,2.0,19.0,0.0,0.0,0.0,1,CENTRE DIV IMPOTS DE DOUALA 3,J,ACTIVITES FOURNIES PRINCIPALEMENT AUX ENTREPRISES,0.0
0.0,-20.0,2.0,50.0,0.0,0.0,0.0,1,CENTRE DIV IMPOTS DE DOUALA 2,R,COMMERCE DE GROS ET DE DETAIL,1.0
2.0,41018.0,3.0,67.0,0.0,0.0,0.0,1,CENTRE DIV IMPOTS DE DOUALA 1,V,TRANSPORTS ROUTIERS DE MARCHANDISES OU DE VOYAGEURS,0.0
-1.0,2640095.0,3.0,285.0,0.0,0.0,0.0,1,CIME CENTRE DIVISIONAIRE DES IMPÔTS DOUALA 3,V,BANQUE ET ETABLISSEMENTS FINANCIERS,0.0
4.0,1634679.0,0.0,614.0,0.0,0.0,0.0,1,CENTRE DIV IMPOTS DE DOUALA 1,R,TRANSITAIRE ET AUXILIAIRES DES TRANSPORTS,1.0
2.0,73225.0,3.0,142.0,0.0,0.0,0.0,1,CSPLI CENTRE DIVISIONAIRE DES IMPÔTS DOUALA 1,V,SERVICES FINANCIERS,0.0
0.0,-871.0,3.0,40.0,0.0,0.0,0.0,1,CSI WOURI 1,V,SOINS MEDICAUX d a SERVICES,0.0
1.0,128028.0,0.0,47.0,0.0,0.0,0.0,1,CENTRE DES IMPOTS DES MOYENNES ENTREPRISES DOUALA AKWA 1,R,BATIMENT ET TRAVAUX PUBLICS,1.0
-1.0,1660362.0,0.0,58.0,0.0,0.0,0.0,1,CENTRE DIV IMPOTS DE DOUALA 2,R,INDUSTRIE BOIS f OUVRAGES EN BOIS,1.0
-1.0,-19795.0,3.0,108.0,0.0,0.0,0.0,1,CENTRE DIV IMPOTS DE DOUALA 3,V,"IMPORTATEUR COMMERCE GENERAL,PRODUITS INDETERMINES",1.0
0.0,32758.0,1.0,45.0,0.0,0.0,0.0,1,CENTRE DIV IMPOTS DE DOUALA 2,J,ETUDE IMPACT ENVIRONNEMENTAL,0.0
2.0,6684.0,0.0,44.0,0.0,0.0,0.0,1,CENTRE DIV IMPOTS DE DOUALA 1,R,TRANSITAIRE ET AUXILIAIRES DES TRANSPORTS,1.0
1.0,914074.0,3.0,253.0,0.0,0.0,0.0,1,CSPLI CENTRE DIVISIONAIRE DES IMPÔTS DOUALA 1,J,SOINS MEDICAUX d a SERVICES,0.0
-1.0,17515.0,3.0,13.0,0.0,0.0,0.0,1,CENTRE DIV IMPOTS DE DOUALA 1,V,ACTIVITES FOURNIES PRINCIPALEMENT AUX ENTREPRISES,0.0
-1.0,-469389.0,3.0,146.0,0.0,0.0,0.0,1,CENTRE DIV IMPOTS DE DOUALA 10,J,SERV. FOURN. AUX ENTREPRISES,1.0
0.0,4.0,3.0,38.0,0.0,0.0,0.0,1,CENTRE DIV IMPOTS DE DOUALA 1,V,COMMERCE GENERAL,0.0
0.0,0.0,3.0,25.0,0.0,0.0,0.0,9,CENTRE DIV IMPOTS DE DOUALA 1,J,nan,0.0
-1.0,23454.0,2.0,82.0,0.0,0.0,0.0,1,CENTRE DIV IMPOTS DE DOUALA 1,J,AUTRES S. SOC. c FOURN A LA COLLEC,0.0
-1.0,1270845.0,3.0,87.0,0.0,0.0,0.0,1,CENTRE DES IMPOTS DES MOYENNES ENTREPRISES DOUALA BONANJO,J,BATIMENT ET TRAVAUX PUBLICS,1.0
-1.0,159296.0,3.0,53.0,0.0,0.0,0.0,1,CENTRE PRINCIPAL DES IMPOTS DU LITTORAL 1,V,TRANSPORT ET ENTREPOSAGE,1.0
-1.0,12478.0,1.0,3.0,0.0,0.0,0.0,1,CENTRE DIVISIONNAIRE DES IMPOTS DE MBANGA,J,"BATIMENTS ET TRAVAUX PUBLICS : ENTREPRISES GENERALES DE BATIMENT, ENTREPRISES DE PEINTURE, D?INSTALLATIONS SANITAIRES, D?INSTALLATIONS ELECTRIQUES, DE ZINGUERIE, DE PLOMBERIE, DE VITRERIE ; CONSTRUCTION ET ENTRETIEN DES ROUTES, VOIES FERREES, CANALISATION D?EAU (OUVRAGES D?ART EXCLUS)",1.0
-1.0,119482.0,3.0,295.0,0.0,0.0,0.0,9,CENTRE DIV IMPOTS DE DOUALA 3,V,SERV. FOURN. AUX PARTICULIERS m,0.0
-1.0,22116.0,3.0,15.0,0.0,0.0,0.0,1,CENTRE DIV IMPOTS DE DOUALA 3,V,ACTIVITES FOURNIES PRINCIPALEMENT AUX ENTREPRISES,0.0
-1.0,349166.0,3.0,252.0,0.0,0.0,0.0,1,CIME CENTRE DIVISIONAIRE DES IMPÔTS DOUALA 1,V,SERVICES PERSONNELS NON CLASSES AILLEURS,0.0
-1.0,45498.0,3.0,7.0,0.0,0.0,0.0,1,CENTRE DIV IMPOTS DE DOUALA 1,V,"ENTREPRISES ET AGENCES DE PRESSE, STUDIOS PHOTOGRAPHIQUES",0.0
-1.0,37721.0,3.0,182.0,0.0,0.0,0.0,1,CENTRE DIV IMPOTS DE DOUALA 1,V,SERV. FOURN. AUX ENT. SAUF LOCATION M-M,0.0
-1.0,719637.0,2.0,61.0,0.0,0.0,0.0,1,CENTRE DIV IMPOTS DE DOUALA 1,J,TRANSPORT N.C.A,1.0
-1.0,7694030.0,3.0,591.0,0.0,0.0,0.0,1,DIRECTION DES GRANDES ENTREPRISES,J,TRANSITAIRE ET AUXILIAIRES DES TRANSPORTS,1.0
-1.0,115364.0,0.0,132.0,0.0,0.0,0.0,1,CSPLI CENTRE DIVISIONAIRE DES IMPÔTS DOUALA 10,R,SOINS MEDICAUX d a SERVICES,0.0
1.0,157780.0,0.0,13.0,0.0,0.0,0.0,9,CENTRE DIV IMPOTS DE DOUALA 3,R,nan,0.0
-1.0,1372926.0,3.0,248.0,0.0,0.0,0.0,1,CSPLI CENTRE DIVISIONAIRE DES IMPÔTS DOUALA 2,V,ACTIVITES FOURNIES PRINCIPALEMENT AUX ENTREPRISES,0.0
3.0,9932.0,2.0,36.0,0.0,0.0,0.0,1,CENTRE DIV IMPOTS DE DOUALA 3,J,"IMPORTATEUR COMMERCE GENERAL,PRODUITS INDETERMINES",0.0
60.0,907776.0,1.0,87.0,0.0,0.0,0.0,1,CENTRE DIV IMPOTS DE DOUALA 2,J,COMMERCE DE GROS ET DE DETAIL,0.0
2.0,41160.0,0.0,4.0,0.0,0.0,0.0,1,CENTRE DIV IMPOTS DE DOUALA 2,R,"SALONS DE COIFFURE, INSTITUTS DE BEAUTE, ETABLISSEMENTS DE MASSAGE",0.0
-1.0,92392.0,1.0,72.0,0.0,0.0,0.0,1,CENTRE DIVISIONNAIRE DES IMPÔTS DOUALA 14,J,TRANSPORT ET ENTREPOSAGE,1.0
0.0,30501.0,3.0,17.0,0.0,0.0,0.0,1,CENTRE DIV IMPOTS DE DOUALA 1,V,ACTIVITES D'INFORMATION ET DE TELECOMMUNICATIONS,0.0
11.0,10396731.0,0.0,297.0,0.0,0.0,0.0,1,CENTRE DIV IMPOTS DE DOUALA 1,R,TRANSITAIRE ET AUXILIAIRES DES TRANSPORTS,1.0
0.0,-38794.0,3.0,195.0,0.0,0.0,0.0,1,CSPLI CENTRE DIVISIONAIRE DES IMPÔTS DOUALA 1,V,SOINS MEDICAUX d a SERVICES,0.0
1.0,38690.0,0.0,24.0,0.0,0.0,0.0,1,CENTRE DIV IMPOTS DE DOUALA 1,R,ACTIVITES FINANCIERES ET D'ASSURANCE,0.0
-1.0,109213.0,3.0,181.0,0.0,0.0,0.0,1,CIME CENTRE DIVISIONAIRE DES IMPÔTS DOUALA 1,J,SERVICES INCLASSABLE,0.0
-1.0,643446.0,3.0,311.0,0.0,0.0,0.0,1,CENTRE DIV IMPOTS DE DOUALA 3,V,AUTRES ETABLISEMENTS FINANCIERS,0.0
0.0,-142399.0,3.0,263.0,0.0,0.0,0.0,1,CIME CENTRE DIVISIONAIRE DES IMPÔTS DOUALA 1,V,AUTRES ETABLISEMENTS FINANCIERS,0.0
0.0,3204429.0,1.0,312.0,0.0,0.0,0.0,1,CENTRE DES IMPOTS DES MOYENNES ENTREPRISES DOUALA AKWA 1,J,VENTE/PRODUCTEUR PRODUIT INDETERMINE,0.0
27.0,355341.0,3.0,253.0,0.0,0.0,0.0,1,CSPLI CENTRE DIVISIONAIRE DES IMPÔTS DOUALA 3,V,CONSEIL JURIDIQUE,0.0
3.0,87713.0,3.0,42.0,0.0,0.0,0.0,1,CENTRE DIV IMPOTS DE DOUALA 1,V,COMMERCE GENERAL,0.0
-1.0,1417306.0,3.0,318.0,0.0,0.0,0.0,1,CSPLI CENTRE DIVISIONAIRE DES IMPÔTS DOUALA 1,V,AGENCE DE PRESSE,0.0
-1.0,69362.0,3.0,19.0,0.0,0.0,0.0,1,CENTRE DIV IMPOTS DE DOUALA 1,V,"BATIMENTS ET TRAVAUX PUBLICS : ENTREPRISES GENERALES DE BATIMENT, ENTREPRISES DE PEINTURE, D?INSTALLATIONS SANITAIRES, D?INSTALLATIONS ELECTRIQUES, DE ZINGUERIE, DE PLOMBERIE, DE VITRERIE ; CONSTRUCTION ET ENTRETIEN DES ROUTES, VOIES FERREES, CANALISATION D?EAU (OUVRAGES D?ART EXCLUS)",1.0
-1.0,91094.0,3.0,18.0,0.0,0.0,0.0,1,CENTRE DIV IMPOTS DE DOUALA 1,J,ACTIVITES FOURNIES PRINCIPALEMENT AUX ENTREPRISES,0.0
0.0,-1379.0,3.0,24.0,0.0,0.0,0.0,1,CIME CENTRE DIVISIONAIRE DES IMPÔTS DOUALA 2,V,COMMERCE DE GROS ET DE DETAIL,1.0
0.0,76965.0,0.0,7.0,0.0,0.0,0.0,1,CENTRE DIV IMPOTS DE DOUALA 4,R,ASSISTANCE TECHNOLOGIQUE AUX ENTREPRISES,0.0
0.0,0.0,1.0,1.0,0.0,0.0,0.0,1,CENTRE DIV IMPOTS DE DOUALA 1,V,ACTIVITES FOURNIES PRINCIPALEMENT AUX ENTREPRISES,0.0
-1.0,55630.0,3.0,57.0,0.0,0.0,0.0,1,CENTRE DIV IMPOTS DE DOUALA 1,V,TRANSITAIRE ET AUXILIAIRES DES TRANSPORTS,1.0
-1.0,2452215.0,0.0,75.0,0.0,0.0,0.0,1,CENTRE DIV IMPOTS DE DOUALA 1,R,SERV. FOURN. AUX ENTREPRISES,1.0
0.0,-27.0,3.0,25.0,0.0,0.0,0.0,1,DIRECTION DES GRANDES ENTREPRISES,V,TRANSITAIRES ET AGREES EN DOUANE,1.0
24.0,315563.0,2.0,364.0,0.0,0.0,0.0,9,CENTRE DIV IMPOTS DE DOUALA 2,J,PERSONNEL DOMESTIQUE,0.0
0.0,16124.0,2.0,10.0,0.0,0.0,0.0,1,CENTRE DIV IMPOTS DE DOUALA 2,J,ACTIVITES FOURNIES PRINCIPALEMENT AUX ENTREPRISES,0.0
-1.0,-1826.0,3.0,51.0,0.0,0.0,0.0,1,CENTRE PRINCIPAL DES IMPOTS DU LITTORAL 2,V,COMMERCE DE GROS ET DE DETAIL,0.0
7.0,11319.0,1.0,9.0,0.0,0.0,0.0,1,CENTRE DES IMPOTS DES MOYENNES ENTREPRISES DOUALA AKWA 1,J,ACTIVITES FINANCIERES ET D'ASSURANCE,0.0
0.0,6201.0,3.0,18.0,0.0,0.0,0.0,1,CENTRE DIV IMPOTS DE DOUALA 2,J,ACTIVITES D'INFORMATION ET DE TELECOMMUNICATIONS,0.0
-1.0,220397.0,3.0,87.0,0.0,0.0,0.0,1,CENTRE PRINCIPAL DES IMPOTS DU LITTORAL 1,V,COMMERCE GENERAL,0.0
-1.0,1196335.0,3.0,152.0,0.0,0.0,0.0,1,CENTRE DIV IMPOTS DE DOUALA 1,V,VENTE/PRODUCTEUR PRODUIT INDETERMINE,1.0
-1.0,102898.0,1.0,2.0,0.0,0.0,0.0,1,CENTRE DIV IMPOTS DE DOUALA 1,J,"AUTRES ACTIVITES FOURNIES A LA COLLECTIVITE, ACTIVITES SOCIALES ET PERSONNELLES",0.0
0.0,44903.0,3.0,110.0,0.0,0.0,0.0,1,CENTRE DIV IMPOTS DE DOUALA 1,V,"BATIMENTS ET TRAVAUX PUBLICS : ENTREPRISES GENERALES DE BATIMENT, ENTREPRISES DE PEINTURE, D?INSTALLATIONS SANITAIRES, D?INSTALLATIONS ELECTRIQUES, DE ZINGUERIE, DE PLOMBERIE, DE VITRERIE ; CONSTRUCTION ET ENTRETIEN DES ROUTES, VOIES FERREES, CANALISATION D?EAU (OUVRAGES D?ART EXCLUS)",1.0
0.0,-14865356.0,3.0,98.0,0.0,0.0,0.0,1,CIME CENTRE DIVISIONAIRE DES IMPÔTS DOUALA 1,V,"BOULANGERIES, PATISSERIES, BISCUITERIES, FABRICATION DE PRODUITS A BASE DE CEREALES",1.0
-1.0,250834.0,2.0,9.0,0.0,0.0,0.0,1,CENTRE DIV IMPOTS DE DOUALA 1,J,ACTIVITES FOURNIES PRINCIPALEMENT AUX ENTREPRISES,0.0
-1.0,0.0,2.0,0.0,0.0,0.0,0.0,1,CENTRE DIV IMPOTS DE DOUALA 3,R,ACTIVITES FOURNIES PRINCIPALEMENT AUX ENTREPRISES,0.0
0.0,1670.0,3.0,39.0,0.0,0.0,0.0,1,CSPLI CENTRE DIVISIONAIRE DES IMPÔTS DOUALA 1,V,SERV. FOURN. AUX ENTREPRISES,0.0
0.0,68737.0,3.0,240.0,0.0,0.0,0.0,1,CENTRE DIV IMPOTS DE DOUALA 1,J,"SALONS DE COIFFURE, INSTITUTS DE BEAUTE, ETABLISSEMENTS DE MASSAGE",0.0
0.0,10108.0,2.0,21.0,0.0,0.0,0.0,1,CENTRE DIV IMPOTS DE DOUALA 1,J,STATIONS-SERVICE D?ESSENCE,0.0
-1.0,-16415.0,3.0,109.0,0.0,0.0,0.0,1,CENTRE DIVISIONNAIRE DES IMPOTS DU MOUNGO(NKONGSAMBA),V,COMMERCE DE GROS ET DE DETAIL,0.0
0.0,-1.0,3.0,27.0,0.0,0.0,0.0,1,CENTRE DIV IMPOTS DE DOUALA 1,J,COMMERCE DE GROS ET DE DETAIL,0.0
-1.0,41164.0,3.0,59.0,0.0,0.0,0.0,1,CIME CENTRE DIVISIONAIRE DES IMPÔTS DOUALA 1,J,AUTRES S. SOC. c FOURN A LA COLLEC,0.0
-1.0,329904.0,0.0,10.0,0.0,0.0,0.0,2,CENTRE DIVI DES IMPOTS DE DOUALA 5,R,"AGRICULTURE ET ENTREPRISES AGRO-PASTORALES, HORTICULTURE, SYLVICULTURE",0.0
0.0,525614.0,1.0,291.0,0.0,0.0,0.0,1,CIME CENTRE DIVISIONAIRE DES IMPÔTS DOUALA 1,J,REPARATION D'APPAREILS ELECTRIQUES,1.0
0.0,1612974.0,1.0,250.0,0.0,0.0,0.0,1,CIME CENTRE DIVISIONAIRE DES IMPÔTS DOUALA 1,J,TRANSITAIRE ET AUXILIAIRES DES TRANSPORTS,1.0
-1.0,-14066.0,2.0,96.0,0.0,0.0,0.0,1,CENTRE DIV IMPOTS DE DOUALA 2,J,COMMERCE GENERAL,1.0
-1.0,386430.0,2.0,71.0,0.0,0.0,0.0,1,DIRECTION DES GRANDES ENTREPRISES,J,TRAVAUX ANNEXES DU BATIMENT,1.0
-1.0,148753.0,3.0,3.0,0.0,0.0,0.0,1,CENTRE DES IMPOTS DES MOYENNES ENTREPRISES DOUALA AKWA 1,V,ACTIVITES FINANCIERES ET D'ASSURANCE,0.0
0.0,69967.0,3.0,87.0,0.0,0.0,0.0,1,CSPLI CENTRE DIVISIONAIRE DES IMPÔTS DOUALA 2,J,"PROFESSIONS LIBERALES, CABINETS COMPTABLES ET FISCAUX, CONSEILS JURIDIQUES, OFFICIERS MINISTERIELS",0.0
-1.0,1219129.0,3.0,240.0,0.0,0.0,0.0,1,CENTRE DES IMPOTS DES MOYENNES ENTREPRISES DOUALA BONANJO,J,COMMERCE DE GROS ET DE DETAIL,0.0
-1.0,68542.0,2.0,45.0,0.0,0.0,0.0,1,CENTRE DIV IMPOTS DE DOUALA 1,J,AGENCES DE VOYAGE,0.0
-1.0,72879.0,3.0,26.0,0.0,0.0,0.0,1,CENTRE DIV IMPOTS DE DOUALA 3,J,"INDUSTRIE DU LAIT, DES FRUITS ET LEGUMES ET AUTRES PRODUITS ALIMENTAIRES",1.0
-1.0,-2162.0,3.0,23.0,0.0,0.0,0.0,1,CENTRE DIV IMPOTS DE DOUALA 1,V,ACTIVITES FOURNIES PRINCIPALEMENT AUX ENTREPRISES,1.0
-1.0,10259.0,3.0,20.0,0.0,0.0,0.0,1,CENTRE DIV IMPOTS DE DOUALA 1,V,ACTIVITES FOURNIES PRINCIPALEMENT AUX ENTREPRISES,0.0
0.0,517915.0,3.0,212.0,0.0,0.0,0.0,3,CENTRE DIV IMPOTS DE DOUALA 1,V,ENSEIGNEMENT,0.0
1.0,-2.0,2.0,20.0,0.0,0.0,0.0,1,CENTRE DIV IMPOTS DE DOUALA 2,J,ACTIVITES FOURNIES PRINCIPALEMENT AUX ENTREPRISES,0.0
0.0,198821.0,3.0,158.0,0.0,0.0,0.0,1,CENTRE DIV IMPOTS DE DOUALA 2,V,COMMERCE GENERAL,0.0
0.0,1430427.0,2.0,65.0,0.0,0.0,0.0,1,CENTRE DIV IMPOTS DE DOUALA 2,J,TRANSITAIRES ET AGREES EN DOUANE,0.0
-1.0,610319.0,3.0,49.0,0.0,0.0,0.0,1,CENTRE DIV IMPOTS DE DOUALA 1,V,COMMERCE GENERAL,0.0
0.0,-373.0,3.0,219.0,0.0,0.0,0.0,1,CSPLI CENTRE DIVISIONAIRE DES IMPÔTS DOUALA 1,V,"PROFESSIONS LIBERALES, CABINETS COMPTABLES ET FISCAUX, CONSEILS JURIDIQUES, OFFICIERS MINISTERIELS",0.0
-1.0,13983.0,2.0,60.0,0.0,0.0,0.0,1,CENTRE DIV IMPOTS DE DOUALA 2,J,SERV. FOURN. AUX ENTREPRISES,0.0
0.0,37112.0,2.0,37.0,0.0,0.0,0.0,1,CENTRE DIV IMPOTS DE DOUALA 1,J,SERV. FOURN. AUX ENTREPRISES,0.0
0.0,52691739.0,0.0,388.0,0.0,0.0,0.0,1,CENTRE DIV IMPOTS DE DOUALA 3,R,SERV. FOURN. AUX ENTREPRISES,0.0
0.0,1017.0,2.0,3.0,0.0,0.0,0.0,1,CENTRE DIV IMPOTS DE DOUALA 2,J,ACTIVITES FOURNIES PRINCIPALEMENT AUX ENTREPRISES,0.0
-1.0,42936.0,3.0,174.0,0.0,0.0,0.0,1,CSPLI CENTRE DIVISIONAIRE DES IMPÔTS DOUALA 1,V,CONSEILS JURIDIQUES,0.0
-1.0,21313.0,3.0,173.0,0.0,0.0,0.0,1,CENTRE DIV IMPOTS DE DOUALA 10,V,CONFECTION,1.0
0.0,1731961.0,0.0,73.0,0.0,0.0,0.0,1,CENTRE DES IMPOTS DES PROFESSIONS LIBERALES DOUALA,R,"COMPTABILITE, VERIF. COMPTES t LIV",0.0
0.0,320520.0,0.0,39.0,0.0,0.0,0.0,1,CENTRE DIV IMPOTS DE DOUALA 4,R,COMMERCE GENERAL,0.0
-1.0,79461.0,2.0,70.0,0.0,0.0,0.0,2,CENTRE DIV IMPOTS DE DOUALA 1,J,"AGRICULTURE ET ENTREPRISES AGRO-PASTORALES, HORTICULTURE, SYLVICULTURE",0.0
2.0,99562.0,1.0,183.0,0.0,0.0,0.0,1,CENTRE DIV IMPOTS DE DOUALA 1,J,COMMERCE DE GROS ET DE DETAIL,0.0
-1.0,83951.0,3.0,351.0,0.0,0.0,0.0,1,CSPLI CENTRE DIVISIONAIRE DES IMPÔTS DOUALA 3,J,CONSEIL JURIDIQUE,0.0
5.0,27565.0,0.0,9.0,0.0,0.0,0.0,1,CENTRE DIV IMPOTS DE DOUALA 1,R,COMMERCE DE GROS ET DE DETAIL,1.0
55.0,848577.0,0.0,222.0,0.0,0.0,0.0,1,CENTRE DIV IMPOTS DE DOUALA 10,R,"HOTELS, HOTELS MEUBLES e ANALOGUES",0.0
-1.0,-70.0,0.0,18.0,0.0,0.0,0.0,1,CENTRE DIV IMPOTS DE DOUALA 2,R,ACTIVITES FOURNIES PRINCIPALEMENT AUX ENTREPRISES,0.0
0.0,572710.0,0.0,22.0,0.0,0.0,0.0,1,CENTRE DIV IMPOTS DE DOUALA 2,R,STATIONS-SERVICE D?ESSENCE,0.0
0.0,309423.0,2.0,95.0,0.0,0.0,0.0,1,CENTRE DIV IMPOTS DE DOUALA 1,J,COMMERCE DE GROS ET DE DETAIL,0.0
-1.0,1363818.0,0.0,256.0,0.0,0.0,0.0,1,CSPLI CENTRE DIVISIONAIRE DES IMPÔTS DOUALA 2,R,SERVICE TECHNIQUE ET LABORATOIRES,0.0
1.0,21270.0,2.0,49.0,0.0,0.0,0.0,9,CENTRE DIV IMPOTS DE DOUALA 1,J,nan,0.0
-1.0,-147134.0,3.0,81.0,0.0,0.0,0.0,1,CENTRE PRINCIPAL DES IMPOTS DU LITTORAL 1,V,COMMERCE GENERAL,0.0
-1.0,-41880.0,3.0,14.0,0.0,0.0,0.0,1,CENTRE DIV IMPOTS DE DOUALA 2,V,STATIONS-SERVICE D?ESSENCE,0.0
1.0,0.0,3.0,4.0,0.0,0.0,0.0,9,CENTRE DIV IMPOTS DE DOUALA 1,V,nan,0.0
-1.0,83389.0,3.0,99.0,0.0,0.0,0.0,1,CENTRE PRINCIPAL DES IMPOTS DU LITTORAL 1,V,COMMERCE GENERAL,0.0
-1.0,10043.0,3.0,155.0,0.0,0.0,0.0,1,CENTRE DIV IMPOTS DE DOUALA 8,J,COMMERCE DE GROS ET DE DETAIL,0.0
-1.0,20168.0,3.0,3.0,0.0,0.0,0.0,1,CSPLI CENTRE DIVISIONAIRE DES IMPÔTS DOUALA 2,V,"PROFESSIONS LIBERALES, CABINETS COMPTABLES ET FISCAUX, CONSEILS JURIDIQUES, OFFICIERS MINISTERIELS",0.0
-1.0,29787.0,3.0,290.0,0.0,0.0,0.0,1,CENTRE DIV IMPOTS DE DOUALA 3,V,COMMERCE GENERAL,0.0
-1.0,15510.0,3.0,97.0,0.0,0.0,0.0,1,CENTRE DIV IMPOTS DE DOUALA 1,V,SERV. FOURN. AUX ENTREPRISES,0.0
-1.0,61119.0,3.0,14.0,0.0,0.0,0.0,1,CENTRE DIV IMPOTS DE DOUALA 1,J,ACTIVITES FOURNIES PRINCIPALEMENT AUX ENTREPRISES,0.0
1.0,2149241.0,3.0,360.0,0.0,0.0,0.0,1,CSPLI CENTRE DIVISIONAIRE DES IMPÔTS DOUALA 1,V,"PROFESSIONS LIBERALES, CABINETS COMPTABLES ET FISCAUX, CONSEILS JURIDIQUES, OFFICIERS MINISTERIELS",0.0
0.0,115698.0,1.0,458.0,0.0,0.0,0.0,9,CENTRE DIV IMPOTS DE DOUALA 1,J,SERV. FOURN. AUX PARTICULIERS m,0.0
-1.0,97909.0,3.0,440.0,0.0,0.0,0.0,3,CENTRE DIV IMPOTS DE DOUALA 2,V,ENSEIGNEMENT,0.0
-1.0,70689.0,2.0,47.0,0.0,0.0,0.0,1,CENTRE DIV IMPOTS DE DOUALA 2,J,COMPTABILITE,0.0
-1.0,-214.0,2.0,11.0,0.0,0.0,0.0,9,CENTRE DIV IMPOTS DE DOUALA 1,J,nan,0.0
-1.0,215759.0,3.0,254.0,0.0,0.0,0.0,1,CENTRE DIV IMPOTS DE DOUALA 2,V,"COM. GROS d,RESTAURATION h",0.0
1.0,116143.0,2.0,61.0,0.0,0.0,0.0,1,CENTRE PRINCIPAL DES IMPOTS DU LITTORAL 1,J,AUTRES S. SOC. c FOURN A LA COLLEC,0.0
0.0,226531.0,2.0,123.0,0.0,0.0,0.0,1,CSPLI CENTRE DIVISIONAIRE DES IMPÔTS DOUALA 1,J,SOINS MEDICAUX d a SERVICES,0.0
8.0,19901.0,2.0,19.0,0.0,0.0,0.0,1,CENTRE DIV IMPOTS DE DOUALA 1,J,ACTIVITES FOURNIES PRINCIPALEMENT AUX ENTREPRISES,0.0
4.0,34621.0,2.0,47.0,0.0,0.0,0.0,1,CENTRE DIV IMPOTS DE DOUALA 1,J,"IMPORTATEUR COMMERCE GENERAL,PRODUITS INDETERMINES",0.0
-1.0,11189.0,3.0,19.0,0.0,0.0,0.0,1,CENTRE DIV IMPOTS DE DOUALA 2,V,COMMERCE DE GROS ET DE DETAIL,0.0
1.0,422099.0,3.0,75.0,0.0,0.0,0.0,1,CENTRE PRINCIPAL DES IMPOTS DU LITTORAL 2,V,BATIMENT ET TRAVAUX PUBLICS,1.0
0.0,1416.0,2.0,21.0,0.0,0.0,0.0,1,CENTRE DIV IMPOTS DE DOUALA 1,J,ACTIVITES FOURNIES PRINCIPALEMENT AUX ENTREPRISES,0.0
-1.0,54960.0,3.0,6.0,0.0,0.0,0.0,1,CENTRE DIV IMPOTS DE DOUALA 1,J,COMMERCE DE GROS ET DE DETAIL,1.0
-1.0,33917.0,3.0,6.0,0.0,0.0,0.0,1,CENTRE DIV IMPOTS DE DOUALA 3,J,ACTIVITES FOURNIES PRINCIPALEMENT AUX ENTREPRISES,0.0
1.0,-40.0,1.0,2.0,0.0,0.0,0.0,1,CENTRE DIV IMPOTS DE DOUALA 1,J,ACTIVITES FOURNIES PRINCIPALEMENT AUX ENTREPRISES,0.0
-1.0,175796.0,3.0,43.0,0.0,0.0,0.0,1,CENTRE DIV IMPOTS DE DOUALA 2,V,VENTE/PRODUCTEUR ENERGIE ET LUBRIFIANT,0.0
0.0,2116.0,3.0,33.0,0.0,0.0,0.0,1,CENTRE DIV IMPOTS DE DOUALA 1,V,COMMERCE GENERAL,0.0
-1.0,631954.0,2.0,27.0,0.0,0.0,0.0,1,CENTRE DIV DES IMPOTS DE YAOUNDE 6,J,"ENTREPRISES FORESTIERES, SCIERIES",1.0
-1.0,44979781.0,3.0,308.0,0.0,0.0,0.0,1,CIME CENTRE DIVISIONAIRE DES IMPÔTS DOUALA 1,V,COMMERCE GENERAL,1.0
-1.0,4656274.0,3.0,145.0,0.0,0.0,0.0,1,DIRECTION DES GRANDES ENTREPRISES,J,COMMUNICATIONS,1.0
-1.0,37914.0,3.0,7.0,0.0,0.0,0.0,1,CENTRE DIV IMPOTS DE DOUALA 2,J,ACTIVITES FOURNIES PRINCIPALEMENT AUX ENTREPRISES,0.0
0.0,420013.0,2.0,3.0,0.0,0.0,0.0,1,CENTRE DES IMPOTS DES MOYENNES ENTREPRISES DOUALA AKWA 1,J,COMMERCE DE GROS ET DE DETAIL,1.0
-1.0,605540.0,3.0,271.0,0.0,0.0,0.0,1,CSPLI CENTRE DIVISIONAIRE DES IMPÔTS DOUALA 3,V,SERVICES PERSONNELS NON CLASSES AILLEURS,0.0
-1.0,-2348.0,3.0,42.0,0.0,0.0,0.0,1,DGE CENTRE DIVISIONAIRE DES IMPÔTS DOUALA 2,V,COMMERCE GENERAL,0.0
2.0,-210.0,1.0,3.0,0.0,0.0,0.0,1,CENTRE DIV IMPOTS DE DOUALA 1,J,ACTIVITES FOURNIES PRINCIPALEMENT AUX ENTREPRISES,0.0
0.0,0.0,3.0,79.0,0.0,0.0,0.0,1,CENTRE DIV IMPOTS DE DOUALA 1,V,ASSURANCES,0.0
-1.0,-10.0,3.0,208.0,0.0,0.0,0.0,1,DIRECTION DES GRANDES ENTREPRISES,J,ASSURANCES,0.0
0.0,123903.0,3.0,32.0,0.0,0.0,0.0,1,CENTRE DIV IMPOTS DE DOUALA 1,V,COMMERCE DE GROS,0.0
1.0,371.0,2.0,16.0,0.0,0.0,0.0,1,CENTRE DES IMPOTS DES PROFESSIONS LIBERALES DOUALA,J,ACTIVITES FOURNIES PRINCIPALEMENT AUX ENTREPRISES,0.0
-1.0,732031.0,3.0,114.0,0.0,0.0,0.0,1,CSPLI CENTRE DIVISIONAIRE DES IMPÔTS DOUALA 10,J,CONSEIL JURIDIQUE,0.0
4.0,240227.0,3.0,251.0,0.0,0.0,0.0,1,CSPLI CENTRE DIVISIONAIRE DES IMPÔTS DOUALA 1,V,ACTIVITES IMMOBILIERES,0.0
-1.0,39494.0,3.0,17.0,0.0,0.0,0.0,1,CENTRE DIV IMPOTS DE DOUALA 1,J,COMMERCE DE GROS ET DE DETAIL,1.0
1.0,24425.0,3.0,17.0,0.0,0.0,0.0,1,CENTRE DIV IMPOTS DE DOUALA 1,J,ACTIVITES IMMOBILIERES,0.0
-1.0,2757589.0,3.0,45.0,0.0,0.0,0.0,1,CENTRE DES IMPOTS DES MOYENNES ENTREPRISES DOUALA AKWA 1,V,ACTIVITES D'INFORMATION ET DE TELECOMMUNICATIONS,0.0
0.0,-660.0,3.0,83.0,0.0,0.0,0.0,1,CENTRE DIV IMPOTS DE DOUALA 1,J,SERV. FOURN. AUX ENTREPRISES,0.0
-1.0,400844.0,3.0,44.0,0.0,0.0,0.0,1,CENTRE DIV IMPOTS DE DOUALA 1,V,CONSEILS JURIDIQUES,0.0
-1.0,76133.0,3.0,243.0,0.0,0.0,0.0,1,CENTRE DES IMPOTS DES MOYENNES ENTREPRISES DOUALA BONANJO,V,"COM. GROS d,RESTAURATION h",0.0
-1.0,365188.0,3.0,42.0,0.0,0.0,0.0,1,CENTRE DIV IMPOTS DE DOUALA 1,J,VENTE/PRODUCTEUR ENERGIE ET LUBRIFIANT,0.0
-1.0,35281.0,3.0,46.0,0.0,0.0,0.0,1,CENTRE DIV IMPOTS DE DOUALA 3,V,AUTRES S. SOC. c FOURN A LA COLLEC,0.0
2.0,3656336.0,0.0,381.0,0.0,0.0,0.0,1,CSPLI CENTRE DIVISIONAIRE DES IMPÔTS DOUALA 1,R,DETAILLANT COMMERCE GENERAL,0.0
0.0,225493.0,3.0,200.0,0.0,0.0,0.0,1,CENTRE PRINCIPAL DES IMPOTS DU LITTORAL 1,V,SALLES ET TERRAINS DE SPORT,1.0
0.0,2080589.0,3.0,278.0,0.0,0.0,0.0,1,CIME CENTRE DIVISIONAIRE DES IMPÔTS DOUALA 2,V,ASSURANCES,0.0
2.0,480140.0,0.0,17.0,0.0,0.0,0.0,9,CENTRE DIV IMPOTS DE DOUALA 1,R,HEBERGEMENT ET RESTAURATION,0.0
0.0,-452.0,3.0,41.0,0.0,0.0,0.0,1,CENTRE DIV IMPOTS DE DOUALA 1,V,TRANSITAIRE ET AUXILIAIRES DES TRANSPORTS,1.0
-1.0,145351.0,3.0,50.0,0.0,0.0,0.0,1,CENTRE DIV IMPOTS DE DOUALA 10,V,COMMERCE GENERAL,0.0
-1.0,17924736.0,3.0,406.0,0.0,0.0,0.0,1,CIME CENTRE DIVISIONAIRE DES IMPÔTS DOUALA 1,V,"INDUSTRIE DU CACAO, DU CAFE, DU THE, ET DU SUCRE",0.0
-1.0,315847.0,0.0,3.0,0.0,0.0,0.0,1,CSI WOURI 1,R,"PROFESSIONS LIBERALES, CABINETS COMPTABLES ET FISCAUX, CONSEILS JURIDIQUES, OFFICIERS MINISTERIELS",0.0
0.0,123144.0,3.0,120.0,0.0,0.0,0.0,1,DIRECTION DES GRANDES ENTREPRISES,V,"TRANSPORTS MARITIMES, TRANSPORTS FLUVIAUX, BACS",1.0
-1.0,3389020.0,2.0,408.0,0.0,0.0,0.0,1,CIME CENTRE DIVISIONAIRE DES IMPÔTS DOUALA 1,J,SERVICES ADMINISTRATIFS INCLASSABLES,0.0
-1.0,347255.0,2.0,183.0,0.0,0.0,0.0,1,CENTRE DIV IMPOTS DE DOUALA 3,J,"VENTE/PRODUCTEUR VEHICULE, ENGIN, PNEU",0.0
-1.0,-390.0,3.0,163.0,0.0,0.0,0.0,1,CENTRE DIV IMPOTS DE DOUALA 1,V,COMMERCE DE GROS ET DE DETAIL,0.0
-1.0,43575141.0,3.0,365.0,0.0,0.0,0.0,1,DIRECTION DES GRANDES ENTREPRISES,V,"INDUSTRIE DU CACAO, DU CAFE, DU THE, ET DU SUCRE",1.0
-1.0,2267851.0,3.0,94.0,0.0,0.0,0.0,1,CENTRE DIV IMPOTS DE DOUALA 1,V,ACTIVITES FINANCIERES ET D'ASSURANCE,0.0
-1.0,72811.0,3.0,46.0,0.0,0.0,0.0,1,CENTRE PRINCIPAL DES IMPOTS DU LITTORAL 1,V,CONSTRUCTION DE BATIMENTS,1.0
0.0,559620.0,1.0,53.0,0.0,0.0,0.0,1,CENTRE DIVI DES IMPOTS DE DOUALA 5,J,COMMERCE GENERAL,0.0
-1.0,13803084.0,3.0,49.0,0.0,0.0,0.0,1,CENTRE DIV IMPOTS DE DOUALA 1,J,ACTIVITES FOURNIES PRINCIPALEMENT AUX ENTREPRISES,1.0
0.0,136273.0,3.0,21.0,0.0,0.0,0.0,1,CENTRE DIV IMPOTS DE DOUALA 1,V,COMMERCE DE GROS ET DE DETAIL,1.0
-1.0,3845735.0,3.0,243.0,0.0,0.0,0.0,1,CIME CENTRE DIVISIONAIRE DES IMPÔTS DOUALA 1,J,ACTIVITES FOURNIES PRINCIPALEMENT AUX ENTREPRISES,1.0
0.0,-1.0,3.0,5.0,0.0,0.0,0.0,1,CENTRE DIV IMPOTS DE DOUALA 2,J,COMMERCE DE GROS ET DE DETAIL,1.0
-1.0,441732.0,3.0,314.0,0.0,0.0,0.0,1,CSPLI CENTRE DIVISIONAIRE DES IMPÔTS DOUALA 1,V,ACTIVITES FOURNIES PRINCIPALEMENT AUX ENTREPRISES,0.0
-1.0,182740.0,3.0,23.0,0.0,0.0,0.0,1,CENTRE DIV IMPOTS DE DOUALA 3,J,ACTIVITES FOURNIES PRINCIPALEMENT AUX ENTREPRISES,0.0
-1.0,28307.0,3.0,48.0,0.0,0.0,0.0,1,CENTRE DIV IMPOTS DE DOUALA 1,V,COMMUNICATIONS,0.0
7.0,47794.0,2.0,255.0,0.0,0.0,0.0,1,CSPLI CENTRE DIVISIONAIRE DES IMPÔTS DOUALA 2,J,SOINS MEDICAUX d a SERVICES,0.0
1.0,42488.0,0.0,41.0,0.0,0.0,0.0,9,CENTRE DIV IMPOTS DE DOUALA 1,R,nan,0.0
0.0,103919.0,0.0,9.0,0.0,0.0,0.0,1,CENTRE DIV IMPOTS DE DOUALA 2,R,ACTIVITES FINANCIERES ET D'ASSURANCE,0.0
-1.0,145308.0,2.0,9.0,0.0,0.0,0.0,1,CENTRE DIVI DES IMPOTS DE DOUALA 5,J,ACTIVITES FOURNIES PRINCIPALEMENT AUX ENTREPRISES,0.0
3.0,17735.0,1.0,61.0,0.0,0.0,0.0,1,CENTRE DIV IMPOTS DE DOUALA 2,J,SERV. FOURN. AUX ENTREPRISES,1.0
0.0,29655.0,2.0,46.0,0.0,0.0,0.0,1,CENTRE DIV IMPOTS DE DOUALA 1,J,TRANSITAIRE ET AUXILIAIRES DES TRANSPORTS,1.0
-1.0,25596.0,3.0,12.0,0.0,0.0,0.0,1,CENTRE DIV IMPOTS DE DOUALA 1,V,"BOULANGERIES, PATISSERIES, BISCUITERIES, FABRICATION DE PRODUITS A BASE DE CEREALES",1.0
0.0,-15665.0,2.0,149.0,0.0,0.0,0.0,1,CENTRE DIV IMPOTS DE DOUALA 13,J,SERV. FOURN. AUX ENTREPRISES,0.0
0.0,45906.0,2.0,171.0,0.0,0.0,0.0,1,CENTRE DIV IMPOTS DE DOUALA 3,J,COMMERCE GENERAL,0.0
-1.0,268264.0,3.0,19.0,0.0,0.0,0.0,1,CENTRE DIV IMPOTS DE DOUALA 2,V,"ORGANISMES DE SANTE, MAISONS DE RETRAITE, MAISONS DE REPOS",0.0
-1.0,87468.0,0.0,5.0,0.0,0.0,0.0,1,CENTRE DIV IMPOTS DE DOUALA 1,R,"AUTRES ACTIVITES FOURNIES A LA COLLECTIVITE, ACTIVITES SOCIALES ET PERSONNELLES",0.0
5.0,23612.0,3.0,331.0,0.0,0.0,0.0,1,CIME CENTRE DIVISIONAIRE DES IMPÔTS DOUALA 1,V,ACTIVITES FINANCIERES ET D'ASSURANCE,0.0
-1.0,271675.0,2.0,14.0,0.0,0.0,0.0,1,CENTRE DES IMPOTS DES MOYENNES ENTREPRISES DOUALA AKWA 2,J,INDUSTRIE DU TEXTILE ET DE LA CONFECTION,1.0
-1.0,-2303.0,3.0,633.0,0.0,0.0,0.0,1,DIRECTION DES GRANDES ENTREPRISES,V,EXPLOITATION FORESTIERE,1.0
0.0,19337.0,1.0,11.0,0.0,0.0,0.0,1,CENTRE DIV IMPOTS DE DOUALA 1,J,ACTIVITES FOURNIES PRINCIPALEMENT AUX ENTREPRISES,0.0
-1.0,242471.0,2.0,14.0,0.0,0.0,0.0,9,CENTRE DIV IMPOTS DE DOUALA 1,J,ENTREPRISES D?ENTRETIEN ET DE NETTOYAGE D?IMMEUBLES,0.0
0.0,21477.0,2.0,15.0,0.0,0.0,0.0,1,CENTRE DIV IMPOTS DE DOUALA 2,J,COMMERCE DE GROS ET DE DETAIL,1.0
0.0,80176.0,1.0,16.0,0.0,0.0,0.0,1,CENTRE DIV IMPOTS DE DOUALA 1,J,COMMERCE DE GROS ET DE DETAIL,1.0
1.0,7842343.0,3.0,183.0,0.0,0.0,0.0,1,CENTRE DES IMPOTS DES MOYENNES ENTREPRISES DOUALA BONANJO,V,BANQUE ET ETABLISSEMENTS FINANCIERS,0.0
-1.0,-76915.0,3.0,24.0,0.0,0.0,0.0,1,CENTRE DIV IMPOTS DE DOUALA 3,V,ACTIVITES D'INFORMATION ET DE TELECOMMUNICATIONS,0.0
0.0,53452.0,1.0,20.0,0.0,0.0,0.0,1,CENTRE DIV IMPOTS DE DOUALA 2,J,ACTIVITES FOURNIES PRINCIPALEMENT AUX ENTREPRISES,1.0
-1.0,-29.0,3.0,165.0,0.0,0.0,0.0,1,CENTRE DES IMPOTS DES MOYENNES ENTREPRISES DOUALA BONANJO,V,"BATIMENTS ET TRAVAUX PUBLICS : ENTREPRISES GENERALES DE BATIMENT, ENTREPRISES DE PEINTURE, D?INSTALLATIONS SANITAIRES, D?INSTALLATIONS ELECTRIQUES, DE ZINGUERIE, DE PLOMBERIE, DE VITRERIE ; CONSTRUCTION ET ENTRETIEN DES ROUTES, VOIES FERREES, CANALISATION D?EAU (OUVRAGES D?ART EXCLUS)",1.0
61.0,644709.0,3.0,270.0,0.0,0.0,0.0,9,CENTRE DIV IMPOTS DE DOUALA 2,V,SERVICES DOMESTIQUES,0.0
0.0,545779.0,2.0,175.0,0.0,0.0,0.0,9,CENTRE DIV IMPOTS DE DOUALA 3,J,nan,0.0
0.0,131658.0,3.0,474.0,0.0,0.0,0.0,1,CENTRE DIV IMPOTS DE DOUALA 2,V,ORGANISATIONS RELIGIEUSES,1.0
2.0,1093258.0,0.0,170.0,0.0,0.0,0.0,1,CENTRE DIV IMPOTS DE DOUALA 2,R,COMMERCE GENERAL,0.0
-1.0,101054.0,3.0,70.0,0.0,0.0,0.0,1,CENTRE DIV IMPOTS DE DOUALA 1,J,ACTIVITES FINANCIERES ET D'ASSURANCE,0.0
0.0,0.0,3.0,20.0,0.0,0.0,0.0,1,CENTRE DIV IMPOTS DE DOUALA 2,J,ACTIVITES FINANCIERES ET D'ASSURANCE,0.0
-1.0,38665.0,3.0,32.0,0.0,0.0,0.0,1,CENTRE DIVI DES IMPOTS DE DOUALA 5,V,COMMERCE GENERAL,0.0
0.0,-5132.0,3.0,22.0,0.0,0.0,0.0,1,CENTRE DIV IMPOTS DE DOUALA 3,V,ACTIVITES FOURNIES PRINCIPALEMENT AUX ENTREPRISES,0.0
2.0,-2.0,1.0,3.0,0.0,0.0,0.0,1,CENTRE DIV IMPOTS DE DOUALA 1,J,ACTIVITES D'INFORMATION ET DE TELECOMMUNICATIONS,0.0
-1.0,190308.0,2.0,266.0,0.0,0.0,0.0,1,CENTRE DIV IMPOTS DE DOUALA 3,J,"COM. GROS d,RESTAURATION h",0.0
0.0,-3375.0,2.0,36.0,0.0,0.0,0.0,1,CSPLI CENTRE DIVISIONAIRE DES IMPÔTS DOUALA 1,J,TRANSITAIRE ET AUXILIAIRES DES TRANSPORTS,1.0
-1.0,52871.0,3.0,39.0,0.0,0.0,0.0,1,CENTRE DIV IMPOTS DE DOUALA 1,V,"TRANSPORTS MARITIMES, TRANSPORTS FLUVIAUX, BACS",1.0
-1.0,38970.0,3.0,9.0,0.0,0.0,0.0,1,CENTRE DIV IMPOTS DE DOUALA 2,V,"TRANSPORTS MARITIMES, TRANSPORTS FLUVIAUX, BACS",1.0
-1.0,31899.0,1.0,5.0,0.0,0.0,0.0,1,CENTRE DIV IMPOTS DE DOUALA 1,J,ACTIVITES FOURNIES PRINCIPALEMENT AUX ENTREPRISES,0.0
-1.0,451852.0,3.0,238.0,0.0,0.0,0.0,1,CSPLI CENTRE DIVISIONAIRE DES IMPÔTS DOUALA 3,V,"COMPTABILITE, VERIF. COMPTES t LIV",0.0
-1.0,-1798.0,1.0,41.0,0.0,0.0,0.0,1,CENTRE DIV IMPOTS DE DOUALA 1,J,SERV. FOURN. AUX ENTREPRISES,1.0
0.0,20580.0,1.0,3.0,0.0,0.0,0.0,1,CENTRE DIV IMPOTS DE DOUALA 2,J,AGENCES DE VOYAGE,0.0
-1.0,419020.0,0.0,28.0,0.0,0.0,0.0,1,CENTRE DIV IMPOTS DE DOUALA 1,R,INDUSTRIE DU TEXTILE ET DE LA CONFECTION,0.0
-1.0,2074366.0,3.0,55.0,0.0,0.0,0.0,1,CENTRE DES IMPOTS DES MOYENNES ENTREPRISES DOUALA BONANJO,V,SERV. FOURN. AUX ENTREPRISES,1.0
0.0,-1.0,3.0,28.0,0.0,0.0,0.0,1,CENTRE DIV IMPOTS DE DOUALA 1,V,"AUTRES ACTIVITES FOURNIES A LA COLLECTIVITE, ACTIVITES SOCIALES ET PERSONNELLES",0.0
-1.0,12382035.0,3.0,555.0,0.0,0.0,0.0,1,DIRECTION DES GRANDES ENTREPRISES,V,EXTRACTION DES PRODUITS DES HYDROCARBURES ET D'AUTRES PRODUITS ENERGETIQUES,1.0
-1.0,539655.0,3.0,297.0,0.0,0.0,0.0,1,CIME CENTRE DIVISIONAIRE DES IMPÔTS DOUALA 1,J,LOCATION MATERIEL ET IMMEUBLE COMMERCIAL,1.0
-1.0,12860.0,3.0,14.0,0.0,0.0,0.0,1,CENTRE DIV IMPOTS DE DOUALA 3,V,ACTIVITES FOURNIES PRINCIPALEMENT AUX ENTREPRISES,0.0
-1.0,648051.0,0.0,44.0,0.0,0.0,0.0,1,CENTRE DIV IMPOTS DE DOUALA 11,R,SERV. FOURN. AUX ENTREPRISES,1.0
0.0,22462.0,3.0,87.0,0.0,0.0,0.0,1,CENTRE DIV IMPOTS DE DOUALA 1,J,DISTRIBUTION DE L'ELECTRICITE,0.0
-1.0,92993.0,2.0,15.0,0.0,0.0,0.0,9,CENTRE DIV IMPOTS DE DOUALA 1,J,nan,0.0
-1.0,153528.0,3.0,75.0,0.0,0.0,0.0,1,DIRECTION DES GRANDES ENTREPRISES,J,SERV. FOURN. AUX ENTREPRISES,1.0
0.0,1183.0,3.0,5.0,0.0,0.0,0.0,1,CENTRE DIV IMPOTS DE DOUALA 1,V,REPARATION ET INSTALLATION DES MACHINES ET EQUIPEMENTS,1.0
-1.0,10844128.0,3.0,171.0,0.0,0.0,0.0,1,CSPLI CENTRE DIVISIONAIRE DES IMPÔTS DOUALA 1,J,VENTE/PRODUCTEUR PHARMACEUTIQUE,0.0
-1.0,-315111.0,3.0,74.0,0.0,0.0,0.0,1,CSPLI CENTRE DIVISIONAIRE DES IMPÔTS DOUALA 1,V,COMMERCE DE DETAIL,0.0
-1.0,24548.0,3.0,381.0,0.0,0.0,0.0,1,CSPLI CENTRE DIVISIONAIRE DES IMPÔTS DOUALA 1,V,"MEDECINS, PHARMACIENS, DENTISTES",0.0
13.0,-72990.0,3.0,255.0,0.0,0.0,0.0,1,CENTRE DES IMPOTS DES PROFESSIONS LIBERALES DOUALA,V,"MEDECINS, PHARMACIENS, DENTISTES",0.0
-1.0,1175774.0,1.0,258.0,0.0,0.0,0.0,1,CSPLI CENTRE DIVISIONAIRE DES IMPÔTS DOUALA 3,J,VENTE/PRODUCTEUR PHARMACEUTIQUE,0.0
1.0,4296345.0,3.0,319.0,0.0,0.0,0.0,1,CSPLI CENTRE DIVISIONAIRE DES IMPÔTS DOUALA 2,V,VENTE/PRODUCTEUR PHARMACEUTIQUE,0.0
-1.0,1257892.0,3.0,395.0,0.0,0.0,0.0,1,CSPLI CENTRE DIVISIONAIRE DES IMPÔTS DOUALA 2,V,"MEDECINS, PHARMACIENS, DENTISTES",0.0
0.0,-86049.0,3.0,384.0,0.0,0.0,0.0,1,CSPLI CENTRE DIVISIONAIRE DES IMPÔTS DOUALA 2,V,DETAILLANT PHARMACEUTIQUES,0.0
6.0,8226830.0,2.0,241.0,0.0,0.0,0.0,1,CSPLI CENTRE DIVISIONAIRE DES IMPÔTS DOUALA 1,J,VENTE/PRODUCTEUR PHARMACEUTIQUE,0.0
-1.0,238998.0,3.0,447.0,0.0,0.0,0.0,1,CSPLI CENTRE DIVISIONAIRE DES IMPÔTS DOUALA 3,V,"MEDECINS, PHARMACIENS, DENTISTES",0.0
-1.0,199572.0,2.0,622.0,0.0,0.0,0.0,1,CSPLI CENTRE DIVISIONAIRE DES IMPÔTS DOUALA 8,J,DETAILLANT PHARMACEUTIQUES,0.0
2.0,5989708.0,3.0,235.0,0.0,0.0,0.0,1,CSPLI CENTRE DIVISIONAIRE DES IMPÔTS DOUALA 2,V,VENTE/PRODUCTEUR PHARMACEUTIQUE,0.0
0.0,594941.0,3.0,33.0,0.0,0.0,0.0,1,CSI WOURI 1,J,GROSSITE PHARMACEUTIQUES,0.0
0.0,365245.0,2.0,843.0,0.0,0.0,0.0,1,CENTRE DIV IMPOTS DE DOUALA 1,J,"MEDECINS, PHARMACIENS, DENTISTES",0.0
0.0,353019.0,2.0,619.0,0.0,0.0,0.0,1,CSPLI CENTRE DIVISIONAIRE DES IMPÔTS DOUALA 1,J,"MEDECINS, PHARMACIENS, DENTISTES",0.0
-1.0,163634.0,0.0,409.0,0.0,0.0,0.0,1,CSPLI CENTRE DIVISIONAIRE DES IMPÔTS DOUALA 9,R,ACTIVITE POUR LA SANTE HUMAINE ET ACTION SOCIALE,0.0
-1.0,306168.0,2.0,257.0,0.0,0.0,0.0,1,CSPLI CENTRE DIVISIONAIRE DES IMPÔTS DOUALA 3,J,"MEDECINS, PHARMACIENS, DENTISTES",0.0
-1.0,789449.0,0.0,71.0,0.0,0.0,0.0,1,CENTRE DIV IMPOTS DE DOUALA 1,R,COMMERCE GENERAL,0.0
-1.0,346681.0,3.0,457.0,0.0,0.0,0.0,1,CSPLI CENTRE DIVISIONAIRE DES IMPÔTS DOUALA 2,V,"MEDECINS, PHARMACIENS, DENTISTES",0.0
-1.0,159141.0,3.0,262.0,0.0,0.0,0.0,1,CSPLI CENTRE DIVISIONAIRE DES IMPÔTS DOUALA 10,V,VENTE/PRODUCTEUR PHARMACEUTIQUE,0.0
0.0,650564.0,1.0,50.0,0.0,0.0,0.0,1,CENTRE DES IMPOTS DES PROFESSIONS LIBERALES DOUALA,J,"MEDECINS, PHARMACIENS, DENTISTES",0.0
2.0,428911.0,0.0,54.0,0.0,0.0,0.0,1,CENTRE DIV IMPOTS DE DOUALA 1,R,COMMERCE GENERAL,0.0
-1.0,367023.0,3.0,240.0,0.0,0.0,0.0,1,CSPLI CENTRE DIVISIONAIRE DES IMPÔTS DOUALA 3,V,VENTE/PRODUCTEUR PHARMACEUTIQUE,0.0
-1.0,432154.0,0.0,53.0,0.0,0.0,0.0,1,CENTRE DIV IMPOTS DE DOUALA 1,R,"MEDECINS, PHARMACIENS, DENTISTES",0.0
-1.0,177159.0,3.0,459.0,0.0,0.0,0.0,1,CIME CENTRE DIVISIONAIRE DES IMPÔTS DOUALA 2,V,DETAILLANT PHARMACEUTIQUES,0.0
-1.0,460169.0,2.0,70.0,0.0,0.0,0.0,1,CENTRE DIV IMPOTS DE DOUALA 1,J,"MEDECINS, PHARMACIENS, DENTISTES",0.0
0.0,1017067.0,0.0,383.0,0.0,0.0,0.0,1,CSPLI CENTRE DIVISIONAIRE DES IMPÔTS DOUALA 3,R,"MEDECINS, PHARMACIENS, DENTISTES",0.0
-1.0,-35326.0,3.0,240.0,0.0,0.0,0.0,1,CENTRE DIV IMPOTS DE DOUALA 2,V,COMMERCE DE GROS ET DE DETAIL,0.0
-1.0,1294696.0,1.0,37.0,0.0,0.0,0.0,1,CENTRE SPECIALISE DES IMPOTS,J,"MEDECINS, PHARMACIENS, DENTISTES",0.0
0.0,53241.0,2.0,53.0,0.0,0.0,0.0,1,CENTRE DIV IMPOTS DE DOUALA 1,J,RESTAURANTS ET DEBITS DE BOISSONS,0.0
4.0,586010.0,0.0,15.0,0.0,0.0,0.0,1,CENTRE DIV IMPOTS DE DOUALA 2,R,ASSISTANCE TECHNOLOGIQUE AUX ENTREPRISES,0.0
-1.0,9086.0,3.0,20.0,0.0,0.0,0.0,1,CENTRE DIV IMPOTS DE DOUALA 2,J,AGENCES DE VOYAGE,0.0
0.0,90.0,2.0,2.0,0.0,0.0,0.0,1,CENTRE DIV IMPOTS DE DOUALA 2,V,"AUTRES ACTIVITES FOURNIES A LA COLLECTIVITE, ACTIVITES SOCIALES ET PERSONNELLES",0.0
0.0,231519.0,3.0,45.0,0.0,0.0,0.0,1,CENTRE DIV IMPOTS DE DOUALA 2,V,COMMERCE GENERAL,0.0
0.0,3057.0,3.0,3.0,0.0,0.0,0.0,1,CENTRE DIV IMPOTS DE DOUALA 1,V,ACTIVITES FOURNIES PRINCIPALEMENT AUX ENTREPRISES,0.0
-1.0,2260448.0,3.0,515.0,0.0,0.0,0.0,1,DIVISION DES GRANDES ENTREPRISES,V,"HOTELS, HOTELS MEUBLES e ANALOGUES",0.0
0.0,1744362.0,3.0,70.0,0.0,0.0,0.0,1,CENTRE DES IMPOTS DES MOYENNES ENTREPRISES DOUALA AKWA 1,J,TRANSPORTS MARITIME LONG COURS,1.0
-1.0,11319.0,3.0,54.0,0.0,0.0,0.0,1,CENTRE DIV IMPOTS DE DOUALA 6,J,COMMUNICATIONS,0.0
-1.0,-2.0,2.0,3.0,0.0,0.0,0.0,1,CENTRE DIV IMPOTS DE DOUALA 1,J,ACTIVITES D'INFORMATION ET DE TELECOMMUNICATIONS,0.0
-1.0,398032.0,3.0,23.0,0.0,0.0,0.0,1,CENTRE DIV IMPOTS DE DOUALA 1,V,HEBERGEMENT ET RESTAURATION,0.0
-1.0,2134508.0,3.0,114.0,0.0,0.0,0.0,1,DIRECTION DES GRANDES ENTREPRISES,V,SERVICES PERSONNELS NON CLASSES AILLEURS,0.0
-1.0,153311.0,1.0,87.0,0.0,0.0,0.0,1,CSPLI CENTRE DIVISIONAIRE DES IMPÔTS DOUALA 1,J,CONSEIL JURIDIQUE,0.0
34.0,2548437.0,0.0,78.0,0.0,0.0,0.0,1,CENTRE DIV IMPOTS DE DOUALA 1,R,COMMERCE GENERAL,1.0
-1.0,325482.0,1.0,162.0,0.0,0.0,0.0,1,CIME CENTRE DIVISIONAIRE DES IMPÔTS DOUALA 1,J,CONSTRUCTION,1.0
0.0,1228906.0,3.0,213.0,0.0,0.0,0.0,1,CENTRE DES IMPOTS DES MOYENNES ENTREPRISES DOUALA AKWA 1,J,VENTE/PRODUCTEUR PRODUIT INDETERMINE,0.0
43.0,48726.0,3.0,231.0,0.0,0.0,0.0,1,CENTRE DIV IMPOTS DE DOUALA 2,V,SERV. FOURN. AUX PARTICULIERS m,0.0
-1.0,10290.0,3.0,6.0,0.0,0.0,0.0,1,CENTRE DIV IMPOTS DE DOUALA 1,V,ACTIVITES FOURNIES PRINCIPALEMENT AUX ENTREPRISES,0.0
0.0,258244.0,0.0,22.0,0.0,0.0,0.0,1,CENTRE DIV IMPOTS DE DOUALA 2,R,COMMERCE DE GROS ET DE DETAIL,0.0
-1.0,9786.0,3.0,27.0,0.0,0.0,0.0,1,CENTRE DIV IMPOTS DE DOUALA 1,J,ACTIVITES FOURNIES PRINCIPALEMENT AUX ENTREPRISES,0.0
1.0,-1250.0,1.0,2.0,0.0,0.0,0.0,1,CENTRE DIV IMPOTS DE DOUALA 4,J,ACTIVITES FOURNIES PRINCIPALEMENT AUX ENTREPRISES,0.0
1.0,64196.0,3.0,51.0,0.0,0.0,0.0,1,CENTRE DIV IMPOTS DE DOUALA 1,J,"VENTE/PRODUCTEUR VETEMENT, TISSUS,...",0.0
0.0,674950.0,0.0,38.0,0.0,0.0,0.0,1,CENTRE DIV IMPOTS DE DOUALA 2,R,COMMUNICATIONS,0.0
-1.0,1597096.0,1.0,118.0,0.0,0.0,0.0,1,CSPLI CENTRE DIVISIONAIRE DES IMPÔTS DOUALA 3,J,SOINS MEDICAUX d a SERVICES,0.0
2.0,6317112.0,1.0,568.0,0.0,0.0,0.0,1,CSPLI CENTRE DIVISIONAIRE DES IMPÔTS DOUALA 3,J,ACTIVITE POUR LA SANTE HUMAINE ET ACTION SOCIALE,0.0
0.0,-1322641.0,3.0,363.0,0.0,0.0,0.0,1,CSPLI CENTRE DIVISIONAIRE DES IMPÔTS DOUALA 2,J,ACTIVITE POUR LA SANTE HUMAINE ET ACTION SOCIALE,0.0
-1.0,39173356.0,3.0,161.0,0.0,0.0,0.0,1,CENTRE DIV IMPOTS DE DOUALA 1,V,SOINS MEDICAUX d a SERVICES,0.0
-1.0,302815.0,3.0,97.0,0.0,0.0,0.0,1,CENTRE DES IMPOTS DES MOYENNES ENTREPRISES DOUALA AKWA 1,V,COMMERCE DE GROS ET DE DETAIL,1.0
0.0,58175.0,1.0,5.0,0.0,0.0,0.0,1,CENTRE DIV IMPOTS DE DOUALA 1,J,COMMERCE DE GROS ET DE DETAIL,1.0
0.0,192723954.0,3.0,783.0,0.0,0.0,0.0,1,DIRECTION DES GRANDES ENTREPRISES,V,TRANSPORT ET ENTREPOSAGE,1.0
-1.0,211509.0,3.0,85.0,0.0,0.0,0.0,1,CENTRE PRINCIPAL DES IMPOTS DU LITTORAL 1,V,AUTRES S. SOC. c FOURN A LA COLLEC,0.0
1.0,1383688.0,0.0,43.0,0.0,0.0,0.0,1,CENTRE DIV IMPOTS DE DOUALA 3,R,SERV. FOURN. AUX ENTREPRISES,0.0
22.0,56337.0,3.0,201.0,0.0,0.0,0.0,1,CENTRE DIV IMPOTS DE DOUALA 8,V,COMMERCE DE GROS,0.0
-1.0,-577.0,3.0,92.0,0.0,0.0,0.0,1,CENTRE DIV IMPOTS DE DOUALA 1,V,AFF. IMMOB. s FOURN. AUX ENTREP.,1.0
-1.0,298694.0,0.0,2.0,0.0,0.0,0.0,1,CSPLI CENTRE DIVISIONAIRE DES IMPÔTS DOUALA 1,R,"ENTREPRISES DE PRODUCTION, DE TRANSPORT ET DE DISTRIBUTION D?ELECTRICITE",1.0
0.0,5827.0,0.0,3.0,0.0,0.0,0.0,1,CENTRE DES IMPOTS DES MOYENNES ENTREPRISES DOUALA AKWA 1,R,COMMERCE DE GROS ET DE DETAIL,1.0
0.0,54388.0,3.0,36.0,0.0,0.0,0.0,1,CENTRE DIV IMPOTS DE DOUALA 1,V,SERV. FOURN. AUX ENTREPRISES,0.0
-1.0,1963.0,3.0,25.0,0.0,0.0,0.0,1,CENTRE DIV IMPOTS DE DOUALA 2,J,COMMERCE DE GROS ET DE DETAIL,0.0
-1.0,2645912.0,3.0,114.0,0.0,0.0,0.0,1,CENTRE DIV IMPOTS DE DOUALA 1,V,COMMUNICATIONS,0.0
-1.0,76718.0,3.0,3.0,0.0,0.0,0.0,1,CENTRE DIV IMPOTS DE DOUALA 1,V,ACTIVITES FOURNIES PRINCIPALEMENT AUX ENTREPRISES,0.0
-1.0,2050523.0,1.0,32.0,0.0,0.0,0.0,3,CENTRE DIV IMPOTS DE DOUALA 1,J,ENSEIGNEMENT,0.0
-1.0,86377.0,3.0,136.0,0.0,0.0,0.0,1,CENTRE DIV IMPOTS DE DOUALA 10,V,ACTIVITE POUR LA SANTE HUMAINE ET ACTION SOCIALE,0.0
2.0,1677968.0,2.0,289.0,0.0,0.0,0.0,1,CIME CENTRE DIVISIONAIRE DES IMPÔTS DOUALA 2,J,TRANSPORTS ROUTIERS DE MARCHANDISES OU DE VOYAGEURS,0.0
0.0,21472.0,2.0,39.0,0.0,0.0,0.0,1,CENTRE DES IMPOTS DES MOYENNES ENTREPRISES DOUALA AKWA 1,J,"EXPORT-IMPORT ALIMANTATION , TABAC,...",1.0
3.0,135839.0,0.0,10.0,0.0,0.0,0.0,1,CENTRE DIV IMPOTS DE DOUALA 1,R,ACTIVITES FOURNIES PRINCIPALEMENT AUX ENTREPRISES,0.0
1.0,22554.0,0.0,3.0,0.0,0.0,0.0,1,CENTRE DES IMPOTS DES MOYENNES ENTREPRISES DOUALA AKWA 2,R,TRANSPORTS URBAINS,1.0
2.0,231324.0,0.0,16.0,0.0,0.0,0.0,1,CENTRE DIV IMPOTS DE DOUALA 1,R,"OPERATIONS DE TRANSIT, CONSIGNATION DE NAVIRES",1.0
32.0,1469368.0,1.0,224.0,0.0,0.0,0.0,1,CENTRE DIV IMPOTS DE DOUALA 3,J,ASSURANCES,0.0
10.0,361958.0,0.0,42.0,0.0,0.0,0.0,1,CSI WOURI 2,R,FABRICATION DE PRODUITS CHIMIQUES ET PHARMACEUTIQUES,0.0
1.0,28892.0,1.0,9.0,0.0,0.0,0.0,1,CENTRE DIV IMPOTS DE DOUALA 6,J,ACTIVITES FOURNIES PRINCIPALEMENT AUX ENTREPRISES,0.0
-1.0,472171.0,1.0,37.0,0.0,0.0,0.0,1,CENTRE DIV IMPOTS DE DOUALA 2,J,COMMERCE GENERAL,0.0
-1.0,4347123.0,1.0,86.0,0.0,0.0,0.0,1,CENTRE DIV IMPOTS DE DOUALA 6,J,SERV. FOURN. AUX ENTREPRISES,0.0
0.0,603969.0,3.0,266.0,0.0,0.0,0.0,1,CENTRE PRINCIPAL DES IMPOTS DU LITTORAL 2,V,"HOTELS, RESTAURANTS, CAFES, BARS ET DANCING",0.0
-1.0,155934.0,3.0,48.0,0.0,0.0,0.0,1,CSPLI CENTRE DIVISIONAIRE DES IMPÔTS DOUALA 2,V,TRANSITAIRE ET AUXILIAIRES DES TRANSPORTS,1.0
-1.0,242116.0,3.0,69.0,0.0,0.0,0.0,1,CENTRE DIV IMPOTS DE DOUALA 11,V,AUTRES S. SOC. c FOURN A LA COLLEC,0.0
-1.0,346917.0,1.0,135.0,0.0,0.0,0.0,1,CENTRE DIV IMPOTS DE DOUALA 2,J,CONFECTION,1.0
0.0,10436.0,3.0,13.0,0.0,0.0,0.0,1,CENTRE DIV IMPOTS DE DOUALA 1,J,TRANSITAIRES ET AGREES EN DOUANE,1.0
-1.0,2909591.0,3.0,39.0,0.0,0.0,0.0,1,CENTRE DIV IMPOTS DE DOUALA 1,V,SERV. FOURN. AUX ENTREPRISES,1.0
0.0,5439946.0,2.0,367.0,0.0,0.0,0.0,1,CIME CENTRE DIVISIONAIRE DES IMPÔTS DOUALA 1,J,INSTITUS SCIENTIFIQUES c DE RECH.,0.0
-1.0,139436.0,2.0,34.0,0.0,0.0,0.0,1,CENTRE DIV IMPOTS DE DOUALA 1,J,SERV. FOURN. AUX ENTREPRISES,1.0
-1.0,259403.0,1.0,25.0,0.0,0.0,0.0,1,CENTRE DIV IMPOTS DE DOUALA 1,J,COMMERCE DE GROS ET DE DETAIL,1.0
0.0,755.0,3.0,237.0,0.0,0.0,0.0,1,CENTRE DIV IMPOTS DE DOUALA 3,V,COMMERCE DE GROS,0.0
-1.0,68466.0,2.0,27.0,0.0,0.0,0.0,1,CENTRE DIV IMPOTS DE DOUALA 1,J,COMMERCE DE GROS ET DE DETAIL,0.0
-1.0,67665.0,0.0,1.0,0.0,0.0,0.0,1,CENTRE DIV IMPOTS DE DOUALA 1,R,COMMERCE DE GROS ET DE DETAIL,1.0
-1.0,85497.0,2.0,25.0,0.0,0.0,0.0,9,CENTRE DIV IMPOTS DE DOUALA 2,J,nan,0.0
5.0,174353.0,1.0,16.0,0.0,0.0,0.0,1,CENTRE DIV IMPOTS DE DOUALA 2,J,ACTIVITES FINANCIERES ET D'ASSURANCE,0.0
2.0,514316.0,3.0,40.0,0.0,0.0,0.0,1,CENTRE DIV IMPOTS DE DOUALA 1,V,SERV. FOURN. AUX ENTREPRISES,0.0
0.0,83243.0,3.0,66.0,0.0,0.0,0.0,1,CENTRE DIV IMPOTS DE DOUALA 1,J,BATIMENT ET TRAVAUX PUBLICS,1.0
3.0,2263322.0,0.0,63.0,0.0,0.0,0.0,1,DIRECTION DES GRANDES ENTREPRISES,R,BATIMENT ET TRAVAUX PUBLICS,1.0
-1.0,122450.0,1.0,9.0,0.0,0.0,0.0,1,CENTRE DIV IMPOTS DE DOUALA 1,J,"PROFESSIONS LIBERALES, CABINETS COMPTABLES ET FISCAUX, CONSEILS JURIDIQUES, OFFICIERS MINISTERIELS",0.0
0.0,1570187.0,2.0,21.0,0.0,0.0,0.0,1,CENTRE DIV IMPOTS DE DOUALA 3,J,ASSISTANCE TECHNOLOGIQUE AUX ENTREPRISES,0.0
-1.0,18255793.0,3.0,275.0,0.0,0.0,0.0,1,CIME CENTRE DIVISIONAIRE DES IMPÔTS DOUALA 1,V,COMMUNICATIONS,0.0
-1.0,10633.0,3.0,8.0,0.0,0.0,0.0,1,CENTRE DIV IMPOTS DE DOUALA 3,V,ACTIVITES FINANCIERES ET D'ASSURANCE,0.0
0.0,269260.0,3.0,65.0,0.0,0.0,0.0,1,CENTRE DIV IMPOTS DE DOUALA 1,J,TRANSITAIRE ET AUXILIAIRES DES TRANSPORTS,1.0
0.0,214200.0,0.0,3.0,0.0,0.0,0.0,1,CENTRE DIV IMPOTS DE DOUALA 1,R,TRANSPORTS ROUTIERS DE MARCHANDISES OU DE VOYAGEURS,1.0
-1.0,418922.0,2.0,125.0,0.0,0.0,0.0,1,CENTRE DIV IMPOTS DE DOUALA 10,J,SERV. FOURN. AUX ENTREPRISES,0.0
2.0,295299.0,0.0,28.0,0.0,0.0,0.0,1,CENTRE DES IMPOTS DES MOYENNES ENTREPRISES DOUALA BONANJO,R,COMMERCE DE GROS ET DE DETAIL,0.0
-1.0,2332217.0,3.0,129.0,0.0,0.0,0.0,1,CENTRE DES IMPOTS DES MOYENNES ENTREPRISES DOUALA BONANJO,V,TRANSPORT N.C.A,1.0
-1.0,39014.0,3.0,29.0,0.0,0.0,0.0,1,CENTRE DIV IMPOTS DE DOUALA 1,V,"AUTRES ACTIVITES FOURNIES A LA COLLECTIVITE, ACTIVITES SOCIALES ET PERSONNELLES",0.0
0.0,150035.0,0.0,6.0,0.0,0.0,0.0,1,CENTRE DIV IMPOTS DE DOUALA 2,R,ACTIVITES FOURNIES PRINCIPALEMENT AUX ENTREPRISES,0.0
-1.0,-10407.0,3.0,121.0,0.0,0.0,0.0,1,CENTRE DIVISIONNAIRE DES IMPÔTS DOUALA 12,V,SERV. FOURN. AUX ENTREPRISES,1.0
2.0,123944.0,0.0,3.0,0.0,0.0,0.0,1,CENTRE DIV IMPOTS DE DOUALA 3,R,ACTIVITES FOURNIES PRINCIPALEMENT AUX ENTREPRISES,0.0
-1.0,-1.0,2.0,0.0,0.0,0.0,0.0,1,CENTRE DIV IMPOTS DE DOUALA 4,R,ACTIVITES FOURNIES PRINCIPALEMENT AUX ENTREPRISES,0.0
1.0,394450.0,0.0,7.0,0.0,0.0,0.0,1,CENTRE DIV IMPOTS DE DOUALA 3,R,"HOTELS, RESTAURANTS, CAFES, BARS ET DANCING",0.0
-1.0,75553.0,3.0,51.0,0.0,0.0,0.0,1,DIRECTION DES GRANDES ENTREPRISES,V,TRANSPORTS FLUVIAL ET CABOTAGE,1.0
0.0,34046846.0,3.0,25.0,0.0,0.0,0.0,1,nan,V,ACTIVITES FOURNIES PRINCIPALEMENT AUX ENTREPRISES,1.0
-1.0,5877428.0,3.0,4.0,0.0,0.0,0.0,1,CENTRE DIV IMPOTS DE DOUALA 1,J,ACTIVITES IMMOBILIERES,0.0
-1.0,8738576.0,3.0,63.0,0.0,0.0,0.0,1,DIRECTION DES GRANDES ENTREPRISES,V,"TRANSPORTS, ENTREPOTS c",1.0
-1.0,133724.0,0.0,239.0,0.0,0.0,0.0,1,CSPLI CENTRE DIVISIONAIRE DES IMPÔTS DOUALA 1,R,COMMUNICATIONS,0.0
-1.0,-4.0,3.0,4.0,0.0,0.0,0.0,1,CENTRE DIV IMPOTS DE DOUALA 1,V,ACTIVITES FOURNIES PRINCIPALEMENT AUX ENTREPRISES,0.0
-1.0,489552.0,1.0,87.0,0.0,0.0,0.0,1,CENTRE PRINCIPAL DES IMPOTS DU LITTORAL 1,J,"HOTELS, HOTELS MEUBLES e ANALOGUES",0.0
-1.0,36709.0,3.0,22.0,0.0,0.0,0.0,1,CENTRE DIV IMPOTS DE DOUALA 1,V,ACTIVITES FOURNIES PRINCIPALEMENT AUX ENTREPRISES,1.0
2.0,36015.0,0.0,11.0,0.0,0.0,0.0,1,CENTRE DIV IMPOTS DE DOUALA 2,R,ACTIVITES FOURNIES PRINCIPALEMENT AUX ENTREPRISES,0.0
-1.0,301081.0,2.0,159.0,0.0,0.0,0.0,1,CIME CENTRE DIVISIONAIRE DES IMPÔTS DOUALA 1,J,ACTIVITES D'INFORMATION ET DE TELECOMMUNICATIONS,0.0
-1.0,3618461.0,3.0,292.0,0.0,0.0,0.0,1,CENTRE PRINCIPAL DES IMPOTS DU LITTORAL 2,J,"HOTELS, HOTELS MEUBLES e ANALOGUES",0.0
-1.0,59462.0,1.0,39.0,0.0,0.0,0.0,1,CENTRE DIV IMPOTS DE DOUALA 2,J,ACTIVITES IMMOBILIERES,1.0
0.0,11109711.0,3.0,129.0,0.0,0.0,0.0,1,CENTRE DIV IMPOTS DE DOUALA 10,V,SERV. FOURN. AUX ENTREPRISES,0.0
-1.0,664358.0,2.0,309.0,0.0,0.0,0.0,1,CENTRE DIV IMPOTS DE DOUALA 2,J,RESTAURANTS ET DEBITS DE BOISSONS,0.0
0.0,244321.0,2.0,207.0,0.0,0.0,0.0,1,CENTRE DIV IMPOTS DE DOUALA 1,J,RESTAURANTS ET DEBITS DE BOISSONS,0.0
3.0,456687.0,2.0,203.0,0.0,0.0,0.0,1,CENTRE DIV IMPOTS DE DOUALA 3,J,"COM. GROS d,RESTAURATION h",0.0
-1.0,4291890.0,1.0,145.0,0.0,0.0,0.0,1,CENTRE DIV IMPOTS DE DOUALA 2,J,RESTAURANTS ET DEBITS DE BOISSONS,0.0
0.0,134854.0,3.0,110.0,0.0,0.0,0.0,1,CENTRE DIV IMPOTS DE DOUALA 3,V,HEBERGEMENT ET RESTAURATION,0.0
0.0,-164.0,3.0,14.0,0.0,0.0,0.0,9,CENTRE DIV IMPOTS DE DOUALA 1,V,HEBERGEMENT ET RESTAURATION,0.0
-1.0,162873.0,0.0,34.0,0.0,0.0,0.0,1,CENTRE DIV IMPOTS DE DOUALA 6,R,COMMERCE GENERAL,0.0
-1.0,36015.0,0.0,2.0,0.0,0.0,0.0,1,CENTRE DIV IMPOTS DE DOUALA 6,R,SERV. FOURN. AUX ENTREPRISES,0.0
1.0,129291.0,0.0,90.0,0.0,0.0,0.0,1,CENTRE DIV IMPOTS DE DOUALA 1,R,ACTIVITES FOURNIES PRINCIPALEMENT AUX ENTREPRISES,0.0
-1.0,37869.0,3.0,41.0,0.0,0.0,0.0,1,CENTRE DIV IMPOTS DE DOUALA 1,J,SERV. FOURN. AUX ENTREPRISES,1.0
0.0,97020.0,1.0,27.0,0.0,0.0,0.0,1,CENTRE DIV IMPOTS DE DOUALA 1,J,COMMERCE DE GROS ET DE DETAIL,0.0
0.0,57809.0,3.0,37.0,0.0,0.0,0.0,1,CENTRE DIV IMPOTS DE DOUALA 1,J,COMMERCE GENERAL,0.0
2.0,31516.0,1.0,45.0,0.0,0.0,0.0,1,CENTRE DIV IMPOTS DE DOUALA 1,J,SERV. FOURN. AUX ENTREPRISES,1.0
0.0,45556.0,2.0,86.0,0.0,0.0,0.0,1,CENTRE PRINCIPAL DES IMPOTS DU LITTORAL 1,J,BATIMENT ET TRAVAUX PUBLICS,1.0
-1.0,618502.0,3.0,15.0,0.0,0.0,0.0,1,CENTRE DIV IMPOTS DE DOUALA 1,V,ACTIVITES FOURNIES PRINCIPALEMENT AUX ENTREPRISES,0.0
-1.0,1505405.0,3.0,84.0,0.0,0.0,0.0,1,CENTRE PRINCIPAL DES IMPOTS DU CENTRE 1,V,TRANSPORTS PAR CAMIONS,1.0
-1.0,10552.0,3.0,3.0,0.0,0.0,0.0,1,CENTRE DIV IMPOTS DE DOUALA 13,V,SERV. FOURN. AUX ENTREPRISES,1.0
-1.0,24293.0,3.0,43.0,0.0,0.0,0.0,1,CENTRE DIV IMPOTS DE DOUALA 2,V,SERV. FOURN. AUX ENTREPRISES,1.0
0.0,-927.0,3.0,26.0,0.0,0.0,0.0,1,CENTRE DIV IMPOTS DE DOUALA 1,V,ACTIVITES FOURNIES PRINCIPALEMENT AUX ENTREPRISES,0.0
0.0,41745.0,0.0,262.0,0.0,0.0,0.0,1,CENTRE DIV IMPOTS DE DOUALA 3,R,COMMERCE GENERAL,0.0
-1.0,129724.0,3.0,23.0,0.0,0.0,0.0,3,CENTRE DIV IMPOTS DE DOUALA 1,V,ENSEIGNEMENT,0.0
-1.0,1135581.0,3.0,67.0,0.0,0.0,0.0,3,CENTRE DIV IMPOTS DE DOUALA 1,J,ENSEIGNEMENT,0.0
3.0,189160.0,1.0,40.0,0.0,0.0,0.0,1,CENTRE DIV IMPOTS DE DOUALA 1,J,TRANSPORTS PAR CAMIONS,1.0
-1.0,16412.0,3.0,29.0,0.0,0.0,0.0,1,CENTRE DIV IMPOTS DE DOUALA 1,V,COMMERCE DE GROS ET DE DETAIL,0.0
3.0,1070727.0,3.0,238.0,0.0,0.0,0.0,1,CIME CENTRE DIVISIONAIRE DES IMPÔTS DOUALA 1,V,"TRANSPORT AERIEN, SECURITE ET NAVIGATION AERIENNES",0.0
0.0,54125.0,2.0,8.0,0.0,0.0,0.0,1,CENTRE DIV IMPOTS DE DOUALA 1,J,ACTIVITES FOURNIES PRINCIPALEMENT AUX ENTREPRISES,0.0
2.0,61694.0,0.0,26.0,0.0,0.0,0.0,2,CENTRE DIV IMPOTS DE DOUALA 1,R,"AGRICULTURE ET ENTREPRISES AGRO-PASTORALES, HORTICULTURE, SYLVICULTURE",0.0
0.0,24934.0,2.0,61.0,0.0,0.0,0.0,1,CENTRE DIV IMPOTS DE DOUALA 1,J,VENTE/PRODUCTEUR PRODUIT INDETERMINE,0.0
-1.0,606406.0,2.0,172.0,0.0,0.0,0.0,1,CIME CENTRE DIVISIONAIRE DES IMPÔTS DOUALA 1,J,COMMERCE DE GROS ET DE DETAIL,0.0
7.0,3168.0,2.0,14.0,0.0,0.0,0.0,1,CENTRE DIV IMPOTS DE DOUALA 3,J,TRANSPORTS ROUTIERS DE MARCHANDISES OU DE VOYAGEURS,1.0
0.0,-456.0,3.0,35.0,0.0,0.0,0.0,1,CENTRE DIV IMPOTS DE DOUALA 1,V,ACTIVITES FOURNIES PRINCIPALEMENT AUX ENTREPRISES,0.0
0.0,0.0,1.0,1.0,0.0,0.0,0.0,1,CENTRE DIV IMPOTS DE DOUALA 3,V,"ENTREPRISES DE FABRICATION D?OBJETS EN BOIS, IVOIRE ET OR",1.0
10.0,311720.0,1.0,14.0,0.0,0.0,0.0,1,CENTRE DIV IMPOTS DE DOUALA 2,J,ACTIVITES D'INFORMATION ET DE TELECOMMUNICATIONS,0.0
-1.0,41159.0,3.0,102.0,0.0,0.0,0.0,1,CENTRE DIV IMPOTS DE DOUALA 2,J,COMMERCE GENERAL,0.0
-1.0,15085.0,3.0,8.0,0.0,0.0,0.0,1,CENTRE DIV IMPOTS DE DOUALA 1,V,COMMERCE DE GROS ET DE DETAIL,1.0
-1.0,291659.0,3.0,256.0,0.0,0.0,0.0,1,CENTRE DIV IMPOTS DE DOUALA 3,V,SERV. FOURN. AUX ENTREPRISES,0.0
-1.0,9688057.0,3.0,416.0,0.0,0.0,0.0,1,DIRECTION DES GRANDES ENTREPRISES,V,ASSURANCES,0.0
-1.0,-2787.0,0.0,180.0,0.0,0.0,0.0,1,CENTRE DIV IMPOTS DE DOUALA 10,R,ACTIVITES IMMOBILIERES,0.0
-1.0,70103.0,3.0,219.0,0.0,0.0,0.0,1,CENTRE DIV IMPOTS DE DOUALA 2,V,AGENCES IMMOBILIERES,0.0
5.0,317829.0,3.0,259.0,0.0,0.0,0.0,1,CSPLI CENTRE DIVISIONAIRE DES IMPÔTS DOUALA 2,V,AGENCES IMMOBILIERES,0.0
2.0,1624791.0,3.0,467.0,0.0,0.0,0.0,1,CSPLI CENTRE DIVISIONAIRE DES IMPÔTS DOUALA 3,V,CONSEIL JURIDIQUE,0.0
-1.0,466383.0,3.0,421.0,0.0,0.0,0.0,1,CIME CENTRE DIVISIONAIRE DES IMPÔTS DOUALA 1,V,AUTRES S. SOC. c FOURN A LA COLLEC,1.0
0.0,29828860.0,3.0,473.0,0.0,0.0,0.0,1,DIRECTION DES GRANDES ENTREPRISES,V,INDUSTRIES MANUFACTURIERES,1.0
-1.0,352643.0,2.0,386.0,0.0,0.0,0.0,1,CENTRE DES IMPOTS DES MOYENNES ENTREPRISES DOUALA BONANJO,J,"ENTREPRISES FORESTIERES, SCIERIES",1.0
-1.0,173779.0,3.0,147.0,0.0,0.0,0.0,1,CENTRE DIV IMPOTS DE DOUALA 2,V,AGENCES IMMOBILIAIRES,0.0
-2.0,-5477525.0,3.0,367.0,0.0,0.0,0.0,3,CENTRE DIV IMPOTS DE DOUALA 10,V,ENSEIGNEMENT,0.0
-1.0,1960251.0,1.0,303.0,0.0,0.0,0.0,1,CIME CENTRE DIVISIONAIRE DES IMPÔTS DOUALA 1,J,SERV. FOURN. AUX ENTREPRISES,1.0
0.0,146120.0,0.0,10.0,0.0,0.0,0.0,1,CENTRE DIV IMPOTS DE DOUALA 1,R,ACTIVITES FOURNIES PRINCIPALEMENT AUX ENTREPRISES,0.0
0.0,48810.0,3.0,66.0,0.0,0.0,0.0,1,CENTRE DIV IMPOTS DE DOUALA 1,V,SERV. FOURN. AUX ENTREPRISES,1.0
0.0,127079.0,2.0,19.0,0.0,0.0,0.0,1,CENTRE DIV IMPOTS DE DOUALA 2,J,COMMERCE DE GROS ET DE DETAIL,1.0
1.0,35349.0,2.0,31.0,0.0,0.0,0.0,1,CENTRE DIV IMPOTS DE DOUALA 1,J,ASSURANCES,0.0
-1.0,88268.0,3.0,25.0,0.0,0.0,0.0,1,CENTRE DIV IMPOTS DE DOUALA 2,V,COMMERCE DE GROS ET DE DETAIL,1.0
-1.0,626874.0,3.0,63.0,0.0,0.0,0.0,1,CSPLI CENTRE DIVISIONAIRE DES IMPÔTS DOUALA 1,V,"MEDECINS, PHARMACIENS, DENTISTES",0.0
0.0,23132.0,3.0,10.0,0.0,0.0,0.0,1,CENTRE DIV IMPOTS DE DOUALA 2,V,"PROFESSIONS LIBERALES, CABINETS COMPTABLES ET FISCAUX, CONSEILS JURIDIQUES, OFFICIERS MINISTERIELS",0.0
-1.0,120899.0,3.0,18.0,0.0,0.0,0.0,1,CENTRE DIV IMPOTS DE DOUALA 1,V,PRODUCTION DE CAOUTCHOUC ET FABRICATION D'ARTICLES EN CAOUTCHOUC ET MATIERES PLASTIQUES,1.0
2.0,47891.0,1.0,81.0,0.0,0.0,0.0,1,CENTRE DIV IMPOTS DE DOUALA 1,J,COMMERCE GENERAL,1.0
0.0,155579.0,2.0,51.0,0.0,0.0,0.0,1,CENTRE DIV IMPOTS DE DOUALA 1,J,COMMERCE DE GROS ET DE DETAIL,1.0
-1.0,4068719.0,3.0,614.0,0.0,0.0,0.0,1,DIRECTION DES GRANDES ENTREPRISES,J,ACTIVITES FINANCIERES ET D'ASSURANCE,0.0
0.0,50560.0,2.0,45.0,0.0,0.0,0.0,1,CENTRE DIV IMPOTS DE DOUALA 2,J,COMMERCE GENERAL,0.0
0.0,-6.0,1.0,1.0,0.0,0.0,0.0,1,CENTRE DIV IMPOTS DE DOUALA 1,V,ACTIVITES FOURNIES PRINCIPALEMENT AUX ENTREPRISES,0.0
-1.0,108769.0,3.0,107.0,0.0,0.0,0.0,1,CENTRE DIV IMPOTS DE DOUALA 10,V,"HOTELS, RESTAURANTS, CAFES, BARS ET DANCING",0.0
1.0,329969.0,3.0,99.0,0.0,0.0,0.0,1,CENTRE DIV IMPOTS DE DOUALA 1,V,VENTE/PRODUCTEUR PHARMACEUTIQUE,0.0
2.0,718862.0,0.0,5.0,0.0,0.0,0.0,1,CENTRE DES IMPOTS DES MOYENNES ENTREPRISES DOUALA AKWA 1,R,COMMERCE DE GROS ET DE DETAIL,1.0
0.0,-1968.0,3.0,15.0,0.0,0.0,0.0,1,CENTRE DIV IMPOTS DE DOUALA 2,V,COMMERCE DE GROS ET DE DETAIL,1.0
-1.0,5884.0,1.0,599.0,0.0,0.0,0.0,1,CIME CENTRE DIVISIONAIRE DES IMPÔTS DOUALA 1,J,COMMERCE DE GROS ET DE DETAIL,0.0
0.0,71865.0,1.0,45.0,0.0,0.0,0.0,1,CENTRE DIV IMPOTS DE DOUALA 1,J,DETAILLANT COMMERCE GENERAL,0.0
0.0,1785.0,3.0,11.0,0.0,0.0,0.0,1,CENTRE DIV IMPOTS DE DOUALA 1,V,COMMERCE DE GROS ET DE DETAIL,1.0
-1.0,326507.0,1.0,194.0,0.0,0.0,0.0,1,CIME CENTRE DIVISIONAIRE DES IMPÔTS DOUALA 1,J,BATIMENT ET TRAVAUX PUBLICS,1.0
2.0,23547.0,1.0,16.0,0.0,0.0,0.0,1,CENTRE DIV IMPOTS DE DOUALA 1,J,ACTIVITES FOURNIES PRINCIPALEMENT AUX ENTREPRISES,0.0
1.0,24264030.0,0.0,255.0,0.0,0.0,0.0,1,CENTRE DES IMPOTS DES MOYENNES ENTREPRISES DOUALA AKWA 1,R,"TRANSPORTS MARITIMES, TRANSPORTS FLUVIAUX, BACS",1.0
3.0,583258.0,2.0,295.0,0.0,0.0,0.0,1,CENTRE DES IMPOTS DES MOYENNES ENTREPRISES DOUALA BONANJO,J,TRANSITAIRE ET AUXILIAIRES DES TRANSPORTS,1.0
-1.0,21322.0,3.0,37.0,0.0,0.0,0.0,1,CENTRE DIV IMPOTS DE DOUALA 1,V,COMMERCE GENERAL,0.0
0.0,-43.0,2.0,2.0,0.0,0.0,0.0,1,CENTRE DIV IMPOTS DE DOUALA 1,V,"HOTELS, RESTAURANTS, CAFES, BARS ET DANCING",0.0
0.0,-45.0,1.0,1.0,0.0,0.0,0.0,1,CENTRE DIV IMPOTS DE DOUALA 1,V,ACTIVITES FOURNIES PRINCIPALEMENT AUX ENTREPRISES,0.0
-1.0,2789984.0,3.0,325.0,0.0,0.0,0.0,1,CIME CENTRE DIVISIONAIRE DES IMPÔTS DOUALA 2,J,"PROFESSIONS LIBERALES, CABINETS COMPTABLES ET FISCAUX, CONSEILS JURIDIQUES, OFFICIERS MINISTERIELS",0.0
-1.0,86485.0,3.0,183.0,0.0,0.0,0.0,1,CENTRE DIV IMPOTS DE DOUALA 13,V,SERV. FOURN. AUX ENTREPRISES,1.0
-1.0,26054.0,3.0,8.0,0.0,0.0,0.0,1,CENTRE DIV IMPOTS DE DOUALA 2,J,COMMERCE DE GROS ET DE DETAIL,1.0
0.0,-113179.0,3.0,326.0,0.0,0.0,0.0,1,CENTRE DES IMPOTS DES MOYENNES ENTREPRISES DOUALA BONANJO,J,"BOULANGERIES, PATISSERIES, BISCUITERIES, FABRICATION DE PRODUITS A BASE DE CEREALES",1.0
0.0,66062229.0,3.0,429.0,0.0,0.0,0.0,1,DIRECTION DES GRANDES ENTREPRISES,J,ACTIVITES FINANCIERES ET D'ASSURANCE,0.0
0.0,43984.0,2.0,3.0,0.0,0.0,0.0,1,CENTRE DIV IMPOTS DE DOUALA 1,V,COMMERCE DE GROS ET DE DETAIL,1.0
-1.0,4547947.0,3.0,329.0,0.0,0.0,0.0,1,CIME CENTRE DIVISIONAIRE DES IMPÔTS DOUALA 1,J,DETAILLANT COMMERCE GENERAL,0.0
0.0,1416695.0,0.0,84.0,0.0,0.0,0.0,1,CENTRE SPECIALISE DES IMPOTS DU LITTORAL 5 (EDEA),R,LOCATION MATERIEL ET IMMEUBLE COMMERCIAL,1.0
-1.0,45802.0,3.0,215.0,0.0,0.0,0.0,1,CENTRE DIV IMPOTS DE DOUALA 3,V,AGENCES IMMOBILIERES,0.0
17.0,250313.0,3.0,164.0,0.0,0.0,0.0,1,CSPLI CENTRE DIVISIONAIRE DES IMPÔTS DOUALA 1,V,SERVICES PERSONNELS N.C.A,0.0
0.0,-32256.0,3.0,162.0,0.0,0.0,0.0,1,CSPLI CENTRE DIVISIONAIRE DES IMPÔTS DOUALA 1,V,LOCATION MATERIEL ET IMMEUBLE COMMERCIAL,0.0
0.0,-51.0,3.0,34.0,0.0,0.0,0.0,1,CSI WOURI 1,V,ACTIVITES IMMOBILIERES,0.0
-1.0,37949.0,2.0,78.0,0.0,0.0,0.0,1,CSPLI CENTRE DIVISIONAIRE DES IMPÔTS DOUALA 1,J,ACTIVITES IMMOBILIERES,1.0
2.0,1078005.0,0.0,266.0,0.0,0.0,0.0,1,CSI WOURI 2,R,AUTRES INDUSTRIE CONFECTION,1.0
5.0,91332.0,2.0,52.0,0.0,0.0,0.0,1,CSPLI CENTRE DIVISIONAIRE DES IMPÔTS DOUALA 1,J,AGENCES IMMOBILIERES,0.0
2.0,169941.0,3.0,96.0,0.0,0.0,0.0,1,CSPLI CENTRE DIVISIONAIRE DES IMPÔTS DOUALA 1,V,SERV. FOURN. AUX ENTREPRISES,0.0
37.0,48361.0,2.0,43.0,0.0,0.0,0.0,1,CENTRE SPECIALISE DES IMPOTS,J,AGENCES IMMOBILIAIRES,0.0
0.0,15580.0,2.0,10.0,0.0,0.0,0.0,1,CENTRE DIV IMPOTS DE DOUALA 2,J,ACTIVITES IMMOBILIERES,0.0
-1.0,55208.0,3.0,51.0,0.0,0.0,0.0,1,CENTRE SPECIALISE DES IMPOTS,V,AFF. IMMOB. s FOURN. AUX ENTREP.,0.0
-1.0,144572.0,3.0,141.0,0.0,0.0,0.0,1,CSPLI CENTRE DIVISIONAIRE DES IMPÔTS DOUALA 1,J,AFF. IMMOB. s FOURN. AUX ENTREP.,0.0
3.0,5521.0,1.0,24.0,0.0,0.0,0.0,1,CENTRE DIV IMPOTS DE DOUALA 1,J,ACTIVITES IMMOBILIERES,0.0
1.0,51056.0,0.0,57.0,0.0,0.0,0.0,1,CSPLI CENTRE DIVISIONAIRE DES IMPÔTS DOUALA 1,R,SERV. FOURN. AUX ENTREPRISES,0.0
-1.0,89205.0,2.0,171.0,0.0,0.0,0.0,1,CSPLI CENTRE DIVISIONAIRE DES IMPÔTS DOUALA 3,J,AFF. IMMOB. s FOURN. AUX ENTREP.,0.0
0.0,2001940.0,0.0,122.0,0.0,0.0,0.0,1,CSPLI CENTRE DIVISIONAIRE DES IMPÔTS DOUALA 3,R,AFF. IMMOB. s FOURN. AUX ENTREP.,0.0
-1.0,242803.0,3.0,105.0,0.0,0.0,0.0,1,CENTRE DIV IMPOTS DE DOUALA 2,J,SERV. FOURN. AUX ENTREPRISES,1.0
-1.0,-79927.0,3.0,120.0,0.0,0.0,0.0,1,CSPLI CENTRE DIVISIONAIRE DES IMPÔTS DOUALA 1,J,AFF. IMMOB. s FOURN. AUX ENTREP.,0.0
-1.0,7331.0,3.0,15.0,0.0,0.0,0.0,1,CENTRE DIV IMPOTS DE DOUALA 1,V,ACTIVITES IMMOBILIERES,0.0
-1.0,158979.0,3.0,27.0,0.0,0.0,0.0,1,CENTRE DIV IMPOTS DE DOUALA 1,J,ACTIVITES IMMOBILIERES,0.0
-1.0,201066.0,2.0,75.0,0.0,0.0,0.0,1,CSPLI CENTRE DIVISIONAIRE DES IMPÔTS DOUALA 1,J,AGENCES IMMOBILIAIRES,0.0
2.0,115763.0,0.0,15.0,0.0,0.0,0.0,1,CSPLI CENTRE DIVISIONAIRE DES IMPÔTS DOUALA 1,R,ACTIVITES IMMOBILIERES,0.0
-1.0,505784.0,2.0,95.0,0.0,0.0,0.0,1,CSPLI CENTRE DIVISIONAIRE DES IMPÔTS DOUALA 1,J,ACTIVITES IMMOBILIERES,0.0
-1.0,93779.0,3.0,302.0,0.0,0.0,0.0,1,CENTRE DIVISIONNAIRE DES IMPOTS DE BONABERI 1,V,SERV. FOURN. AUX ENTREPRISES,0.0
2.0,-38296.0,3.0,23.0,0.0,0.0,0.0,1,CSPLI CENTRE DIVISIONAIRE DES IMPÔTS DOUALA 1,V,ACTIVITES FOURNIES PRINCIPALEMENT AUX ENTREPRISES,0.0
-1.0,76348.0,3.0,10.0,0.0,0.0,0.0,1,CENTRE DIV IMPOTS DE DOUALA 1,V,ACTIVITES IMMOBILIERES,0.0
2.0,644989.0,3.0,231.0,0.0,0.0,0.0,1,CENTRE DIV IMPOTS DE DOUALA 2,J,ACTIVITES IMMOBILIERES,0.0
0.0,1346593.0,0.0,243.0,0.0,0.0,0.0,1,CENTRE DIV IMPOTS DE DOUALA 1,R,AGENCES IMMOBILIERES,0.0
0.0,-562.0,3.0,105.0,0.0,0.0,0.0,1,CENTRE DIV IMPOTS DE DOUALA 1,J,SERV. FOURN. AUX ENTREPRISES,0.0
-1.0,271866.0,2.0,54.0,0.0,0.0,0.0,1,CENTRE DES IMPOTS DES PROFESSIONS LIBERALES DOUALA,J,SERV. FOURN. AUX ENTREPRISES,1.0
1.0,36734.0,1.0,8.0,0.0,0.0,0.0,1,CENTRE DIV IMPOTS DE DOUALA 2,J,ACTIVITE DES ORGANISATIONS ET ORGANISMES EXTRATERRITORIAUX,0.0
0.0,-49615.0,3.0,80.0,0.0,0.0,0.0,1,CSPLI CENTRE DIVISIONAIRE DES IMPÔTS DOUALA 1,V,CONSEILS JURIDIQUES,0.0
-1.0,369226.0,1.0,282.0,0.0,0.0,0.0,1,CSPLI CENTRE DIVISIONAIRE DES IMPÔTS DOUALA 1,J,"PROFESSIONS LIBERALES, CABINETS COMPTABLES ET FISCAUX, CONSEILS JURIDIQUES, OFFICIERS MINISTERIELS",0.0
0.0,-293.0,3.0,33.0,0.0,0.0,0.0,1,CENTRE DIV IMPOTS DE DOUALA 2,V,TRANSITAIRE ET AUXILIAIRES DES TRANSPORTS,1.0
-1.0,72977.0,3.0,3.0,0.0,0.0,0.0,1,CENTRE DIV IMPOTS DE DOUALA 3,V,"BOULANGERIES, PATISSERIES, BISCUITERIES, FABRICATION DE PRODUITS A BASE DE CEREALES",1.0
-1.0,-5.0,3.0,26.0,0.0,0.0,0.0,1,CENTRE DIV IMPOTS DE DOUALA 3,V,TRANSITAIRES ET AGREES EN DOUANE,1.0
0.0,-40.0,3.0,4.0,0.0,0.0,0.0,1,CENTRE DIV IMPOTS DE DOUALA 2,V,ACTIVITES FOURNIES PRINCIPALEMENT AUX ENTREPRISES,0.0
0.0,388065.0,3.0,106.0,0.0,0.0,0.0,1,CIME CENTRE DIVISIONAIRE DES IMPÔTS DOUALA 1,J,COMMERCE DE GROS ET DE DETAIL,1.0
-1.0,57416.0,1.0,1.0,0.0,0.0,0.0,1,CENTRE DIV IMPOTS DE DOUALA 1,V,COMMERCE DE GROS ET DE DETAIL,1.0
-1.0,-2696035.0,1.0,30.0,0.0,0.0,0.0,1,CENTRE DIV IMPOTS DE DOUALA 1,J,ACTIVITES FOURNIES PRINCIPALEMENT AUX ENTREPRISES,0.0
0.0,-60.0,3.0,6.0,0.0,0.0,0.0,1,CENTRE DIV IMPOTS DE DOUALA 2,V,COMMERCE DE GROS ET DE DETAIL,1.0
-1.0,43321444.0,3.0,339.0,0.0,0.0,0.0,1,DIRECTION DES GRANDES ENTREPRISES,V,EXPLOITATION FORESTIERE,1.0
40.0,367733.0,1.0,80.0,0.0,0.0,0.0,1,CENTRE DIV IMPOTS DE DOUALA 1,J,"INSTALLATION RESEAUX ELECTRIQUE, TELEPHONIQUE,",1.0
-1.0,-11042.0,3.0,324.0,0.0,0.0,0.0,1,DIRECTION DES GRANDES ENTREPRISES,V,COMMERCE GENERAL,0.0
-1.0,-1.0,3.0,87.0,0.0,0.0,0.0,9,CENTRE DIV IMPOTS DE DOUALA 1,V,nan,0.0
0.0,254651.0,0.0,21.0,0.0,0.0,0.0,1,CENTRE DIV IMPOTS DE DOUALA 1,R,"HOTELS, RESTAURANTS, CAFES, BARS ET DANCING",0.0
13.0,291931.0,2.0,57.0,0.0,0.0,0.0,1,CENTRE DIV IMPOTS DE DOUALA 1,J,SERV. FOURN. AUX ENTREPRISES,1.0
0.0,-506.0,3.0,99.0,0.0,0.0,0.0,1,CENTRE DIV IMPOTS DE DOUALA 1,V,ASSURANCES,0.0
-1.0,148601.0,3.0,47.0,0.0,0.0,0.0,1,CENTRE DIV IMPOTS DE DOUALA 1,J,BATIMENT ET TRAVAUX PUBLICS,1.0
-1.0,41160.0,0.0,6.0,0.0,0.0,0.0,1,CENTRE DIV IMPOTS DE DOUALA 1,R,ACTIVITES FOURNIES PRINCIPALEMENT AUX ENTREPRISES,0.0
3.0,3161.0,3.0,14.0,0.0,0.0,0.0,1,CENTRE DIV IMPOTS DE DOUALA 1,V,"AUTRES ACTIVITES FOURNIES A LA COLLECTIVITE, ACTIVITES SOCIALES ET PERSONNELLES",0.0
-1.0,4651187.0,3.0,370.0,0.0,0.0,0.0,1,CIME CENTRE DIVISIONAIRE DES IMPÔTS DOUALA 1,V,"INSTALLATION RESEAUX ELECTRIQUE, TELEPHONIQUE,",1.0
-1.0,1469113.0,3.0,61.0,0.0,0.0,0.0,1,CENTRE DIV IMPOTS DE DOUALA 1,J,SERV. FOURN. AUX ENTREPRISES,1.0
-1.0,-658.0,3.0,67.0,0.0,0.0,0.0,1,CENTRE DIV IMPOTS DE DOUALA 2,J,SOINS MEDICAUX d a SERVICES,0.0
0.0,315582.0,3.0,207.0,0.0,0.0,0.0,1,CIME CENTRE DIVISIONAIRE DES IMPÔTS DOUALA 2,V,ACTIVITES FOURNIES PRINCIPALEMENT AUX ENTREPRISES,1.0
-1.0,1098915.0,3.0,243.0,0.0,0.0,0.0,1,CSPLI CENTRE DIVISIONAIRE DES IMPÔTS DOUALA 1,V,TRANSPORT ET ENTREPOSAGE,1.0
-1.0,92724.0,3.0,27.0,0.0,0.0,0.0,1,CENTRE DES IMPOTS DES MOYENNES ENTREPRISES DOUALA AKWA 1,V,ACTIVITES D'INFORMATION ET DE TELECOMMUNICATIONS,0.0
-1.0,17944.0,2.0,28.0,0.0,0.0,0.0,1,CENTRE DIV IMPOTS DE DOUALA 1,J,ACTIVITES FOURNIES PRINCIPALEMENT AUX ENTREPRISES,1.0
-1.0,-30350371.0,3.0,451.0,0.0,0.0,0.0,1,DIRECTION DES GRANDES ENTREPRISES,V,SERV. FOURN. AUX ENTREPRISES,0.0
2.0,20946.0,1.0,10.0,0.0,0.0,0.0,1,CENTRE DIV IMPOTS DE DOUALA 1,J,COMMERCE DE GROS ET DE DETAIL,1.0
0.0,387736.0,1.0,172.0,0.0,0.0,0.0,1,CENTRE DES IMPOTS DES MOYENNES ENTREPRISES DOUALA BONANJO,J,AUXILIAIRES DES TRANSPORTS AERIENS,1.0
-1.0,31668.0,3.0,10.0,0.0,0.0,0.0,1,CENTRE DIV IMPOTS DE DOUALA 1,V,COMMERCE DE GROS ET DE DETAIL,1.0
2.0,0.0,1.0,3.0,0.0,0.0,0.0,1,CENTRE DIV IMPOTS DE DOUALA 1,J,ACTIVITES FOURNIES PRINCIPALEMENT AUX ENTREPRISES,0.0
0.0,124504.0,1.0,7.0,0.0,0.0,0.0,1,CENTRE DIV IMPOTS DE DOUALA 2,J,"AUTRES ACTIVITES FOURNIES A LA COLLECTIVITE, ACTIVITES SOCIALES ET PERSONNELLES",0.0
-1.0,74902.0,2.0,99.0,0.0,0.0,0.0,1,CENTRE DIV IMPOTS DE DOUALA 1,J,TRANSITAIRES ET AGREES EN DOUANE,0.0
-1.0,94600.0,2.0,68.0,0.0,0.0,0.0,1,CENTRE DIV IMPOTS DE DOUALA 1,J,COMMERCE GENERAL,0.0
0.0,49228491.0,3.0,278.0,0.0,0.0,0.0,1,CIME CENTRE DIVISIONAIRE DES IMPÔTS DOUALA 1,V,SERVICES PERSONNELS NON CLASSES AILLEURS,1.0
20.0,12204538.0,0.0,173.0,0.0,0.0,0.0,1,CSPLI CENTRE DIVISIONAIRE DES IMPÔTS DOUALA 1,R,CONSEILS JURIDIQUES,0.0
0.0,14513.0,3.0,256.0,0.0,0.0,0.0,1,CIME CENTRE DIVISIONAIRE DES IMPÔTS DOUALA 1,J,SERV. FOURN. AUX ENTREPRISES,1.0
67.0,47337.0,3.0,332.0,0.0,0.0,0.0,1,CIME CENTRE DIVISIONAIRE DES IMPÔTS DOUALA 1,V,TRANSPORTS PAR CAMIONS,1.0
0.0,224618199.0,2.0,362.0,0.0,0.0,0.0,1,DIVISION DES GRANDES ENTREPRISES,J,TRANSPORTS PAR CAMIONS,1.0
-1.0,14673311.0,3.0,135.0,0.0,0.0,0.0,1,DIRECTION DES GRANDES ENTREPRISES,V,"ENTREPRISES FORESTIERES, SCIERIES",1.0
-1.0,249015.0,3.0,332.0,0.0,0.0,0.0,1,CIME CENTRE DIVISIONAIRE DES IMPÔTS DOUALA 1,J,COMMERCE DE GROS ET DE DETAIL,1.0
-1.0,33428.0,2.0,16.0,0.0,0.0,0.0,1,CENTRE DIV IMPOTS DE DOUALA 3,J,COMMERCE DE GROS ET DE DETAIL,1.0
-1.0,16601.0,3.0,104.0,0.0,0.0,0.0,1,CENTRE DIV IMPOTS DE DOUALA 10,J,SERV. FOURN. AUX ENTREPRISES,1.0
-1.0,81336.0,3.0,75.0,0.0,0.0,0.0,1,CENTRE DIV IMPOTS DE DOUALA 1,V,SERV. FOURN. AUX ENTREPRISES,0.0
-1.0,35817.0,3.0,63.0,0.0,0.0,0.0,1,CENTRE DIV IMPOTS DE DOUALA 1,V,"MEDECINS, PHARMACIENS, DENTISTES",0.0
1.0,116584.0,3.0,46.0,0.0,0.0,0.0,1,CENTRE DES IMPOTS DES MOYENNES ENTREPRISES DOUALA BONANJO,V,TRANSPORTS PAR CAMIONS,1.0
0.0,-999.0,3.0,138.0,0.0,0.0,0.0,1,CENTRE DIV IMPOTS DE DOUALA 1,J,PECHE ET AQUACULTURE,1.0
32.0,76576.0,3.0,61.0,0.0,0.0,0.0,1,CENTRE DIV IMPOTS DE DOUALA 1,J,TRANSITAIRE ET AUXILIAIRES DES TRANSPORTS,1.0
5.0,157285.0,1.0,11.0,0.0,0.0,0.0,1,CENTRE DIV IMPOTS DE DOUALA 3,J,COMMERCE DE GROS ET DE DETAIL,1.0
4.0,53700.0,2.0,15.0,0.0,0.0,0.0,1,CENTRE DIV IMPOTS DE DOUALA 1,J,TRANSPORTS URBAINS,1.0
-1.0,116620.0,3.0,3.0,0.0,0.0,0.0,1,CENTRE DIV IMPOTS DE DOUALA 2,V,ACTIVITES FOURNIES PRINCIPALEMENT AUX ENTREPRISES,0.0
0.0,-40.0,1.0,1.0,0.0,0.0,0.0,1,CENTRE DIV IMPOTS DE DOUALA 1,V,ACTIVITES FOURNIES PRINCIPALEMENT AUX ENTREPRISES,0.0
0.0,83073.0,2.0,379.0,0.0,0.0,0.0,1,CIME CENTRE DIVISIONAIRE DES IMPÔTS DOUALA 3,J,REPARATION ET INSTALLATION DES MACHINES ET EQUIPEMENTS,1.0
-1.0,258953.0,2.0,227.0,0.0,0.0,0.0,1,CENTRE DIV IMPOTS DE DOUALA 1,J,COMMERCE DE GROS ET DE DETAIL,0.0
1.0,220231.0,1.0,75.0,0.0,0.0,0.0,1,CENTRE PRINCIPAL DES IMPOTS DU LITTORAL 1,J,COMMERCE GENERAL,0.0
-1.0,-2.0,3.0,27.0,0.0,0.0,0.0,1,CENTRE DIVISIONNAIRE DES IMPÔTS DOUALA 12,V,SERV. FOURN. AUX ENTREPRISES,1.0
-1.0,2105662.0,3.0,15.0,0.0,0.0,0.0,1,CENTRE DES IMPOTS DES MOYENNES ENTREPRISES DOUALA BONANJO,J,COMMERCE DE GROS ET DE DETAIL,1.0
0.0,5026464.0,0.0,81.0,0.0,0.0,0.0,1,CENTRE DIV IMPOTS DE DOUALA 1,R,"HOTELS, RESTAURANTS, CAFES, BARS ET DANCING",0.0
-1.0,56788.0,3.0,56.0,0.0,0.0,0.0,1,CENTRE DIV IMPOTS DE DOUALA 1,V,TRANSITAIRE ET AUXILIAIRES DES TRANSPORTS,0.0
-1.0,877481.0,3.0,227.0,0.0,0.0,0.0,1,CENTRE DIV IMPOTS DE DOUALA 3,V,VENTE/PRODUCTEUR PRODUIT INDETERMINE,0.0
0.0,-587.0,3.0,68.0,0.0,0.0,0.0,1,CENTRE DIV IMPOTS DE DOUALA 10,V,SERV. FOURN. AUX ENTREPRISES,1.0
0.0,22457.0,1.0,3.0,0.0,0.0,0.0,1,CENTRE DIV IMPOTS DE DOUALA 1,J,ACTIVITES FOURNIES PRINCIPALEMENT AUX ENTREPRISES,0.0
-1.0,0.0,3.0,106.0,0.0,0.0,0.0,1,CENTRE DIV IMPOTS DE DOUALA 1,V,"ETUDES TOPOGRAPHIQUES, GEOPHYSIQUE",0.0
-1.0,8451650.0,3.0,85.0,0.0,0.0,0.0,1,DIRECTION DES GRANDES ENTREPRISES,J,EXTRACTION DE PETROLE BRUT,1.0
2.0,63222.0,0.0,33.0,0.0,0.0,0.0,1,CENTRE DIV IMPOTS DE DOUALA 1,R,SERV. FOURN. AUX ENTREPRISES,1.0
-1.0,-2391.0,3.0,17.0,0.0,0.0,0.0,1,CENTRE DIV IMPOTS DE DOUALA 1,V,"PROFESSIONS LIBERALES, CABINETS COMPTABLES ET FISCAUX, CONSEILS JURIDIQUES, OFFICIERS MINISTERIELS",0.0
0.0,182075.0,1.0,41.0,0.0,0.0,0.0,1,CENTRE DIV IMPOTS DE DOUALA 2,J,COMMERCE GENERAL,0.0
0.0,-342.0,2.0,202.0,0.0,0.0,0.0,1,CIME CENTRE DIVISIONAIRE DES IMPÔTS DOUALA 1,J,COMMUNICATIONS,0.0
-1.0,199834.0,3.0,78.0,0.0,0.0,0.0,1,CENTRE DIV IMPOTS DE DOUALA 1,V,SERVICES FINANCIERS,0.0
-1.0,4284256.0,2.0,84.0,0.0,0.0,0.0,1,CENTRE PRINCIPAL DES IMPOTS DU LITTORAL 1,J,PRODUCTION ET DISTRIBUTION DE GAZ,1.0
0.0,78117.0,3.0,82.0,0.0,0.0,0.0,1,CENTRE DES IMPOTS DES MOYENNES ENTREPRISES DOUALA BONANJO,V,ASSURANCES,0.0
2.0,993669.0,1.0,313.0,0.0,0.0,0.0,1,CSPLI CENTRE DIVISIONAIRE DES IMPÔTS DOUALA 2,J,AGENCES IMMOBILIAIRES,0.0
0.0,207810.0,3.0,159.0,0.0,0.0,0.0,1,DIRECTION DES GRANDES ENTREPRISES,V,INDUSTRIES ALIMENTAIRES,1.0
-1.0,2181617.0,3.0,341.0,0.0,0.0,0.0,1,CIME CENTRE DIVISIONAIRE DES IMPÔTS DOUALA 2,V,VENTE/PRODUCTEUR PRODUIT INDETERMINE,0.0
44.0,1578375.0,0.0,318.0,0.0,0.0,0.0,1,CENTRE DIV IMPOTS DE DOUALA 4,R,TRANSITAIRE ET AUXILIAIRES DES TRANSPORTS,1.0
-1.0,87851239.0,3.0,677.0,0.0,0.0,0.0,2,DIRECTION DES GRANDES ENTREPRISES,V,"AGRICULTURE ET ENTREPRISES AGRO-PASTORALES, HORTICULTURE, SYLVICULTURE",1.0
-1.0,0.0,2.0,0.0,0.0,0.0,0.0,1,CENTRE DIV IMPOTS DE DOUALA 1,R,ACTIVITES FOURNIES PRINCIPALEMENT AUX ENTREPRISES,0.0
-1.0,912508.0,2.0,207.0,0.0,0.0,0.0,1,CENTRE DIVI DES IMPOTS DE DOUALA 5,J,TRANSITAIRES ET AGREES EN DOUANE,1.0
-1.0,232357.0,3.0,306.0,0.0,0.0,0.0,1,CENTRE DIV IMPOTS DE DOUALA 2,J,RESTAURANTS ET DEBITS DE BOISSONS,0.0
-1.0,-26478.0,3.0,314.0,0.0,0.0,0.0,1,CSPLI CENTRE DIVISIONAIRE DES IMPÔTS DOUALA 1,V,AGENCES IMMOBILIERES,0.0
-1.0,5670545.0,3.0,198.0,0.0,0.0,0.0,1,CSPLI CENTRE DIVISIONAIRE DES IMPÔTS DOUALA 1,V,AGENCES IMMOBILIERES,0.0
-1.0,-16475.0,3.0,256.0,0.0,0.0,0.0,1,CIME CENTRE DIVISIONAIRE DES IMPÔTS DOUALA 1,V,BATIMENT ET TRAVAUX PUBLICS,1.0
1.0,33136.0,2.0,144.0,0.0,0.0,0.0,1,CENTRE PRINCIPAL DES IMPOTS DU LITTORAL 1,J,COMMERCE DE GROS ET DE DETAIL,0.0
0.0,4179036.0,0.0,205.0,0.0,0.0,0.0,1,CENTRE DIV IMPOTS DE DOUALA 10,R,TRANSPORT ET ENTREPOSAGE,1.0
-1.0,1288353.0,3.0,151.0,0.0,0.0,0.0,1,CIME CENTRE DIVISIONAIRE DES IMPÔTS DOUALA 3,V,TRANSITAIRE ET AUXILIAIRES DES TRANSPORTS,1.0
0.0,91231.0,2.0,34.0,0.0,0.0,0.0,1,CENTRE DES IMPOTS DES MOYENNES ENTREPRISES DOUALA AKWA 1,J,VENTE/PRODUCTEUR ENERGIE ET LUBRIFIANT,0.0
-1.0,-379.0,2.0,47.0,0.0,0.0,0.0,1,CENTRE DIV IMPOTS DE DOUALA 1,J,SERV. FOURN. AUX ENTREPRISES,0.0
1.0,664167.0,3.0,123.0,0.0,0.0,0.0,1,CSPLI CENTRE DIVISIONAIRE DES IMPÔTS DOUALA 3,V,ACTIVITES FOURNIES PRINCIPALEMENT AUX ENTREPRISES,0.0
2.0,41214.0,0.0,49.0,0.0,0.0,0.0,1,CENTRE DIV IMPOTS DE DOUALA 2,R,TRANSPORT N.C.A,1.0
0.0,18777.0,1.0,86.0,0.0,0.0,0.0,1,CENTRE PRINCIPAL DES IMPOTS DU LITTORAL 1,J,BATIMENT ET TRAVAUX PUBLICS,1.0
-1.0,-214465.0,2.0,84.0,0.0,0.0,0.0,1,CIME CENTRE DIVISIONAIRE DES IMPÔTS DOUALA 1,J,"IMPRIMERIE, EDITION i ANNEXES",1.0
0.0,85222.0,2.0,143.0,0.0,0.0,0.0,1,CENTRE DIV IMPOTS DE DOUALA 1,J,AUTRES S. SOC. c FOURN A LA COLLEC,0.0
0.0,-5.0,3.0,4.0,0.0,0.0,0.0,1,CENTRE DIV IMPOTS DE DOUALA 2,V,"TRAVAUX PUBLICS, GENIE CIVIL : CARRIERE A CIEL OUVERT, TRAVAUX SOUTERRAINS DANS LA CONSTRUCTION ET L?ENTRETIEN DES EGOUTS ET CANALISATIONS D?EAU, CONSTRUCTION ET ENTRETIEN D?OUVRAGES D?ART (PONTS, AQUEDUCS, QUAIS, JETEES, DIGUES ET BARRAGES), ENTREPRISES DE CONSTRUCTION ET D?ENTRETIEN DE LIGNES EXTERIEURES DE TRANSPORT D?ENERGIE, ENTREPRISES DE DEMOLITION, CONSTRUCTION DE TUNNELS",1.0
4.0,25471.0,3.0,31.0,0.0,0.0,0.0,1,CENTRE DIV IMPOTS DE DOUALA 2,J,ACTIVITES FINANCIERES ET D'ASSURANCE,0.0
-1.0,21959.0,3.0,47.0,0.0,0.0,0.0,2,CENTRE DIV IMPOTS DE DOUALA 1,V,"AGRICULTURE ET ENTREPRISES AGRO-PASTORALES, HORTICULTURE, SYLVICULTURE",0.0
1.0,-2009.0,2.0,27.0,0.0,0.0,0.0,1,CENTRE DIV IMPOTS DE DOUALA 1,J,SERV. FOURN. AUX ENTREPRISES,1.0
-1.0,346267.0,3.0,14.0,0.0,0.0,0.0,1,CSI WOURI 1,V,TRANSITAIRES ET AGREES EN DOUANE,1.0
0.0,147277.0,0.0,39.0,0.0,0.0,0.0,1,CENTRE DIVI DES IMPOTS DE DOUALA 5,R,BATIMENT ET TRAVAUX PUBLICS,0.0
3.0,5510111.0,1.0,319.0,0.0,0.0,0.0,1,CENTRE DIV IMPOTS DE DOUALA 1,J,COMMERCE GENERAL,0.0
-1.0,195552.0,2.0,36.0,0.0,0.0,0.0,1,CENTRE DES IMPOTS DES MOYENNES ENTREPRISES DOUALA AKWA 1,J,INDUSTRIES ALIMENTAIRES,0.0
-1.0,224214.0,3.0,148.0,0.0,0.0,0.0,1,CENTRE DIV IMPOTS DE DOUALA 1,J,TRANSPORTS AERIENS,1.0
-1.0,19690.0,3.0,9.0,0.0,0.0,0.0,1,CENTRE DIV IMPOTS DE DOUALA 2,J,TRANSITAIRES ET AGREES EN DOUANE,1.0
-1.0,269310202.0,3.0,927.0,0.0,0.0,0.0,1,DIRECTION DES GRANDES ENTREPRISES,V,INDUSTRIE DE BOISSONS,1.0
0.0,-310.0,3.0,54.0,0.0,0.0,0.0,1,CENTRE DIV IMPOTS DE DOUALA 10,V,BATIMENT ET TRAVAUX PUBLICS,1.0
-1.0,987815.0,3.0,100.0,0.0,0.0,0.0,1,CENTRE DES IMPOTS DES MOYENNES ENTREPRISES DOUALA BONANJO,V,ACTIVITES FINANCIERES ET D'ASSURANCE,0.0
0.0,3278.0,0.0,75.0,0.0,0.0,0.0,1,CENTRE DIV IMPOTS DE DOUALA 1,R,COMMERCE GENERAL,0.0
1.0,-41.0,1.0,2.0,0.0,0.0,0.0,1,CENTRE DIV IMPOTS DE DOUALA 3,J,ACTIVITES FOURNIES PRINCIPALEMENT AUX ENTREPRISES,0.0
0.0,35934.0,0.0,4.0,0.0,0.0,0.0,1,CENTRE DIV IMPOTS DE DOUALA 1,R,ACTIVITES FOURNIES PRINCIPALEMENT AUX ENTREPRISES,0.0
0.0,-6051320.0,3.0,181.0,0.0,0.0,0.0,1,DIRECTION DES GRANDES ENTREPRISES,J,ACTIVITES FINANCIERES ET D'ASSURANCE,0.0
1.0,229836.0,0.0,18.0,0.0,0.0,0.0,1,CENTRE DIV IMPOTS DE DOUALA 1,R,"BATIMENTS ET TRAVAUX PUBLICS : ENTREPRISES GENERALES DE BATIMENT, ENTREPRISES DE PEINTURE, D?INSTALLATIONS SANITAIRES, D?INSTALLATIONS ELECTRIQUES, DE ZINGUERIE, DE PLOMBERIE, DE VITRERIE ; CONSTRUCTION ET ENTRETIEN DES ROUTES, VOIES FERREES, CANALISATION D?EAU (OUVRAGES D?ART EXCLUS)",1.0
-1.0,-9.0,3.0,91.0,0.0,0.0,0.0,1,DIRECTION DES GRANDES ENTREPRISES,V,DETAILLANT ENERGIE ET LUBRIFIANT,1.0
-1.0,-21756.0,3.0,69.0,0.0,0.0,0.0,1,CENTRE DIV IMPOTS DE DOUALA 1,V,RESTAURANTS ET DEBITS DE BOISSONS,0.0
-1.0,2759331.0,0.0,56.0,0.0,0.0,0.0,1,CENTRE DIV IMPOTS DE DOUALA 1,R,BATIMENT ET TRAVAUX PUBLICS,1.0
-1.0,-571.0,3.0,251.0,0.0,0.0,0.0,1,CENTRE DIV IMPOTS DE DOUALA 10,J,SERVICES PERSONNELS NON CLASSES AILLEURS,0.0
0.0,42398.0,3.0,82.0,0.0,0.0,0.0,1,CENTRE DIV IMPOTS DE DOUALA 1,V,CONSTRUCTION DE BATIMENTS,0.0
-1.0,99328.0,2.0,21.0,0.0,0.0,0.0,1,CENTRE DES IMPOTS DES MOYENNES ENTREPRISES DOUALA BONANJO,J,"HOTELS, RESTAURANTS, CAFES, BARS ET DANCING",0.0
0.0,433965.0,3.0,123.0,0.0,0.0,0.0,1,CENTRE DIV IMPOTS DE DOUALA 3,V,COMMERCE DE GROS ET DE DETAIL,0.0
-1.0,239773.0,0.0,156.0,0.0,0.0,0.0,1,CENTRE DIV IMPOTS DE DOUALA 10,R,COMMERCE DE GROS ET DE DETAIL,0.0
1.0,-5.0,1.0,2.0,0.0,0.0,0.0,1,CENTRE DIV IMPOTS DE DOUALA 2,J,COMMERCE DE GROS ET DE DETAIL,1.0
-1.0,42960.0,3.0,7.0,0.0,0.0,0.0,1,CENTRE DIV IMPOTS DE DOUALA 1,V,COMMERCE DE GROS ET DE DETAIL,1.0
0.0,-633.0,3.0,12.0,0.0,0.0,0.0,1,CENTRE DIV IMPOTS DE DOUALA 1,V,ACTIVITES FOURNIES PRINCIPALEMENT AUX ENTREPRISES,0.0
-1.0,91624.0,3.0,107.0,0.0,0.0,0.0,1,CSPLI CENTRE DIVISIONAIRE DES IMPÔTS DOUALA 1,V,"PROFESSIONS LIBERALES, CABINETS COMPTABLES ET FISCAUX, CONSEILS JURIDIQUES, OFFICIERS MINISTERIELS",0.0
0.0,562648.0,0.0,85.0,0.0,0.0,0.0,1,CENTRE DIV IMPOTS DE DOUALA 1,R,COMMERCE GENERAL,0.0
1.0,3842.0,2.0,21.0,0.0,0.0,0.0,1,CENTRE DIV IMPOTS DE DOUALA 1,J,ACTIVITES FOURNIES PRINCIPALEMENT AUX ENTREPRISES,1.0
10.0,1373000.0,1.0,150.0,0.0,0.0,0.0,1,CENTRE DIV IMPOTS DE DOUALA 3,J,SERV. INGENIEURS a s TECH.,0.0
-1.0,326628.0,1.0,2.0,0.0,0.0,0.0,1,CENTRE DIV IMPOTS DE DOUALA 1,J,"HOTELS, RESTAURANTS, CAFES, BARS ET DANCING",0.0
-1.0,523260.0,3.0,237.0,0.0,0.0,0.0,1,CSI WOURI 1,V,SERV. INGENIEURS a s TECH.,0.0
-1.0,247621.0,3.0,123.0,0.0,0.0,0.0,1,CENTRE DES IMPOTS DES MOYENNES ENTREPRISES DOUALA BONANJO,V,"AGRICULTURE,CHASSE, SYLVICULTURE p",1.0
-1.0,1260544.0,3.0,70.0,0.0,0.0,0.0,1,CENTRE DIV IMPOTS DE DOUALA 1,V,EXPORT-IMPORT PRODUITS INDETERMINES,0.0
0.0,-148903.0,3.0,554.0,0.0,0.0,0.0,1,CIME CENTRE DIVISIONAIRE DES IMPÔTS DOUALA 1,V,ENTREPRISES D?ENTRETIEN ET DE NETTOYAGE D?IMMEUBLES,1.0
-1.0,11756057.0,3.0,333.0,0.0,0.0,0.0,1,DIRECTION DES GRANDES ENTREPRISES,V,TRANSITAIRES ET AGREES EN DOUANE,1.0
-1.0,645100.0,0.0,33.0,0.0,0.0,0.0,1,CENTRE DIV IMPOTS DE DOUALA 1,R,TRANSPORTS PAR CAMIONS,1.0
-1.0,594735.0,1.0,22.0,0.0,0.0,0.0,1,CENTRE DES IMPOTS DES MOYENNES ENTREPRISES DOUALA AKWA 1,J,ACTIVITES FOURNIES PRINCIPALEMENT AUX ENTREPRISES,0.0
0.0,236340.0,0.0,72.0,0.0,0.0,0.0,1,CSPLI CENTRE DIVISIONAIRE DES IMPÔTS DOUALA 1,R,FAB. OUV. METAUX SAUF MACHINE m,1.0
-1.0,5542.0,3.0,75.0,0.0,0.0,0.0,1,CENTRE DIVISIONNAIRE DES IMPÔTS DOUALA 14,V,"GENIE CIVIL CONSTRUCTION ROUTE, PONTS",1.0
4.0,442705.0,2.0,20.0,0.0,0.0,0.0,1,CENTRE DIV IMPOTS DE DOUALA 1,J,ACTIVITES FOURNIES PRINCIPALEMENT AUX ENTREPRISES,0.0
-1.0,433152.0,2.0,23.0,0.0,0.0,0.0,1,CENTRE DES IMPOTS DES MOYENNES ENTREPRISES DOUALA AKWA 1,J,TOUS TRAVAUX DE MANUTENTION,1.0
0.0,950.0,3.0,18.0,0.0,0.0,0.0,1,CENTRE DIV IMPOTS DE DOUALA 1,V,ACTIVITES FOURNIES PRINCIPALEMENT AUX ENTREPRISES,0.0
-1.0,-1379.0,3.0,75.0,0.0,0.0,0.0,1,CENTRE DIV IMPOTS DE DOUALA 2,V,COMMERCE GENERAL,0.0
1.0,57595.0,2.0,51.0,0.0,0.0,0.0,1,CENTRE DIV IMPOTS DE DOUALA 1,J,TRANSITAIRE ET AUXILIAIRES DES TRANSPORTS,1.0
-1.0,938586.0,3.0,127.0,0.0,0.0,0.0,1,CENTRE DIV IMPOTS DE DOUALA 2,V,SERV. FOURN. AUX ENTREPRISES,1.0
-1.0,254529017.0,0.0,262.0,0.0,0.0,0.0,1,CIME CENTRE DIVISIONAIRE DES IMPÔTS DOUALA 1,R,COMMUNICATIONS,0.0
-1.0,2081463.0,0.0,121.0,0.0,0.0,0.0,1,CSPLI CENTRE DIVISIONAIRE DES IMPÔTS DOUALA 1,R,TRANSITAIRE ET AUXILIAIRES DES TRANSPORTS,1.0
-1.0,-7144.0,3.0,195.0,0.0,0.0,0.0,1,CSPLI CENTRE DIVISIONAIRE DES IMPÔTS DOUALA 1,V,SOINS MEDICAUX d a SERVICES,0.0
2.0,0.0,1.0,3.0,0.0,0.0,0.0,1,CENTRE DIV IMPOTS DE DOUALA 2,J,ACTIVITES FOURNIES PRINCIPALEMENT AUX ENTREPRISES,0.0
-1.0,1213046.0,2.0,60.0,0.0,0.0,0.0,1,CENTRE DIV IMPOTS DE DOUALA 10,J,"HOTELS, HOTELS MEUBLES e ANALOGUES",0.0
-1.0,7725.0,3.0,15.0,0.0,0.0,0.0,1,CENTRE DIV IMPOTS DE DOUALA 1,V,ACTIVITES FOURNIES PRINCIPALEMENT AUX ENTREPRISES,0.0
0.0,30.0,3.0,7.0,0.0,0.0,0.0,1,CENTRE DIV IMPOTS DE DOUALA 2,J,COMMERCE DE GROS ET DE DETAIL,1.0
0.0,1228842.0,0.0,147.0,0.0,0.0,0.0,1,CSPLI CENTRE DIVISIONAIRE DES IMPÔTS DOUALA 3,R,AFF. IMMOB. s FOURN. AUX ENTREP.,0.0
-1.0,68582.0,3.0,37.0,0.0,0.0,0.0,1,CSPLI CENTRE DIVISIONAIRE DES IMPÔTS DOUALA 1,J,ACTIVITES IMMOBILIERES,0.0
0.0,0.0,3.0,10.0,0.0,0.0,0.0,1,CENTRE DIV IMPOTS DE DOUALA 1,V,ACTIVITES IMMOBILIERES,0.0
0.0,-911.0,3.0,140.0,0.0,0.0,0.0,1,CSPLI CENTRE DIVISIONAIRE DES IMPÔTS DOUALA 1,V,AGENCES IMMOBILIERES,0.0
-1.0,46776.0,2.0,101.0,0.0,0.0,0.0,1,CSPLI CENTRE DIVISIONAIRE DES IMPÔTS DOUALA 9,J,AGENCES IMMOBILIERES,0.0
-1.0,169736.0,3.0,194.0,0.0,0.0,0.0,1,CSPLI CENTRE DIVISIONAIRE DES IMPÔTS DOUALA 1,V,AGENCES IMMOBILIERES,0.0
-1.0,322215.0,0.0,154.0,0.0,0.0,0.0,1,CSPLI CENTRE DIVISIONAIRE DES IMPÔTS DOUALA 1,R,AFF. IMMOB. s FOURN. AUX ENTREP.,0.0
0.0,404240.0,0.0,54.0,0.0,0.0,0.0,1,CENTRE DES IMPOTS DES PROFESSIONS LIBERALES DOUALA,R,LOCATION MATERIEL ET IMMEUBLE COMMERCIAL,0.0
-1.0,-3.0,3.0,49.0,0.0,0.0,0.0,1,CSPLI CENTRE DIVISIONAIRE DES IMPÔTS DOUALA 1,J,AGENCES IMMOBILIAIRES,0.0
-1.0,-840.0,3.0,17.0,0.0,0.0,0.0,1,CENTRE DIV IMPOTS DE DOUALA 1,V,"BATIMENTS ET TRAVAUX PUBLICS : ENTREPRISES GENERALES DE BATIMENT, ENTREPRISES DE PEINTURE, D?INSTALLATIONS SANITAIRES, D?INSTALLATIONS ELECTRIQUES, DE ZINGUERIE, DE PLOMBERIE, DE VITRERIE ; CONSTRUCTION ET ENTRETIEN DES ROUTES, VOIES FERREES, CANALISATION D?EAU (OUVRAGES D?ART EXCLUS)",1.0
0.0,5941360.0,0.0,358.0,0.0,0.0,0.0,1,CENTRE DES IMPOTS DES PROFESSIONS LIBERALES DOUALA,R,ACTIVITES IMMOBILIERES,0.0
0.0,290383.0,2.0,27.0,0.0,0.0,0.0,1,CSPLI CENTRE DIVISIONAIRE DES IMPÔTS DOUALA 1,J,COMMERCE DE GROS ET DE DETAIL,0.0
-1.0,321067.0,0.0,46.0,0.0,0.0,0.0,1,CENTRE DIV IMPOTS DE DOUALA 3,R,AFF. IMMOB. s FOURN. AUX ENTREP.,0.0
-1.0,534704.0,1.0,61.0,0.0,0.0,0.0,1,CENTRE DES IMPOTS DES PROFESSIONS LIBERALES DOUALA,J,LOCATION MATERIEL ET IMMEUBLE COMMERCIAL,0.0
-1.0,8769.0,3.0,118.0,0.0,0.0,0.0,1,CSPLI CENTRE DIVISIONAIRE DES IMPÔTS DOUALA 3,V,ACTIVITES IMMOBILIERES,0.0
-1.0,373247.0,2.0,144.0,0.0,0.0,0.0,1,CENTRE DIV IMPOTS DE DOUALA 1,J,COMMERCE GENERAL,0.0
0.0,2096380.0,3.0,120.0,0.0,0.0,0.0,1,CENTRE SPECIALISE DES IMPOTS,J,AFF. IMMOB. s FOURN. AUX ENTREP.,0.0
2.0,26901.0,3.0,29.0,0.0,0.0,0.0,1,CSI WOURI 2,V,ACTIVITES IMMOBILIERES,0.0
0.0,266922.0,0.0,23.0,0.0,0.0,0.0,1,CENTRE SPECIALISE DES IMPOTS,R,ACTIVITES IMMOBILIERES,0.0
0.0,688819.0,0.0,90.0,0.0,0.0,0.0,1,CENTRE DES IMPOTS DES PROFESSIONS LIBERALES DOUALA,R,AGENCES IMMOBILIERES,0.0
0.0,1385391.0,2.0,443.0,0.0,0.0,0.0,1,CENTRE DES IMPOTS DES MOYENNES ENTREPRISES DOUALA AKWA 1,J,ACTIVITES IMMOBILIERES,0.0
-1.0,1516413.0,0.0,80.0,0.0,0.0,0.0,1,CSPLI CENTRE DIVISIONAIRE DES IMPÔTS DOUALA 1,R,COMMERCE GENERAL,1.0
0.0,203048.0,2.0,7.0,0.0,0.0,0.0,1,CSI WOURI 1,J,ACTIVITES FOURNIES PRINCIPALEMENT AUX ENTREPRISES,0.0
-1.0,15245.0,3.0,10.0,0.0,0.0,0.0,1,CSPLI CENTRE DIVISIONAIRE DES IMPÔTS DOUALA 1,V,ACTIVITES IMMOBILIERES,0.0
-1.0,921828.0,0.0,51.0,0.0,0.0,0.0,1,CENTRE DIV IMPOTS DE DOUALA 1,R,AGENCES IMMOBILIAIRES,0.0
0.0,4114.0,3.0,6.0,0.0,0.0,0.0,1,CSPLI CENTRE DIVISIONAIRE DES IMPÔTS DOUALA 1,J,ACTIVITES IMMOBILIERES,0.0
0.0,48834.0,1.0,26.0,0.0,0.0,0.0,1,CSI WOURI 1,J,ACTIVITES IMMOBILIERES,0.0
0.0,1879.0,3.0,24.0,0.0,0.0,0.0,1,CSI WOURI 1,V,ACTIVITES IMMOBILIERES,0.0
4.0,11714.0,3.0,119.0,0.0,0.0,0.0,1,CENTRE SPECIALISE DES IMPOTS,V,AFF. IMMOB. s FOURN. AUX ENTREP.,0.0
-1.0,-1065.0,3.0,180.0,0.0,0.0,0.0,1,CENTRE DIVISIONNAIRE DES IMPOTS DE L'OCEAN,V,ACTIVITES IMMOBILIERES,0.0
-1.0,9450.0,3.0,20.0,0.0,0.0,0.0,1,CSPLI CENTRE DIVISIONAIRE DES IMPÔTS DOUALA 3,V,ACTIVITES IMMOBILIERES,0.0
1.0,239268.0,0.0,97.0,0.0,0.0,0.0,1,CSPLI CENTRE DIVISIONAIRE DES IMPÔTS DOUALA 3,R,LOCATION MATERIEL ET IMMEUBLE COMMERCIAL,0.0
-1.0,106565.0,1.0,122.0,0.0,0.0,0.0,1,CENTRE SPECIALISE DES IMPOTS,J,AFF. IMMOB. s FOURN. AUX ENTREP.,0.0
-1.0,371737.0,0.0,64.0,0.0,0.0,0.0,1,CSPLI CENTRE DIVISIONAIRE DES IMPÔTS DOUALA 1,R,AGENCES IMMOBILIERES,0.0
-1.0,11132.0,3.0,6.0,0.0,0.0,0.0,1,CENTRE DIV IMPOTS DE DOUALA 1,J,ACTIVITES IMMOBILIERES,0.0
-1.0,163352.0,3.0,268.0,0.0,0.0,0.0,1,CSPLI CENTRE DIVISIONAIRE DES IMPÔTS DOUALA 3,V,CONSEIL JURIDIQUE,0.0
0.0,-9.0,3.0,12.0,0.0,0.0,0.0,3,CSI WOURI 1,V,ENSEIGNEMENT,0.0
-1.0,404244.0,1.0,171.0,0.0,0.0,0.0,1,CSPLI CENTRE DIVISIONAIRE DES IMPÔTS DOUALA 1,J,SOINS MEDICAUX d a SERVICES,0.0
-1.0,136174.0,3.0,150.0,0.0,0.0,0.0,1,CSPLI CENTRE DIVISIONAIRE DES IMPÔTS DOUALA 1,V,SOINS MEDICAUX d a SERVICES,0.0
-1.0,312659.0,3.0,237.0,0.0,0.0,0.0,1,CIME CENTRE DIVISIONAIRE DES IMPÔTS DOUALA 1,V,SERV. FOURN. AUX PARTICULIERS m,0.0
1.0,14946.0,3.0,11.0,0.0,0.0,0.0,1,CIME CENTRE DIVISIONAIRE DES IMPÔTS DOUALA 2,J,COMMERCE DE GROS ET DE DETAIL,1.0
-1.0,97308.0,3.0,26.0,0.0,0.0,0.0,1,CENTRE DIV IMPOTS DE DOUALA 4,V,ACTIVITES FINANCIERES ET D'ASSURANCE,0.0
-1.0,278214.0,0.0,183.0,0.0,0.0,0.0,2,CSPLI CENTRE DIVISIONAIRE DES IMPÔTS DOUALA 1,R,"AGRICULTURE ET ENTREPRISES AGRO-PASTORALES, HORTICULTURE, SYLVICULTURE",0.0
-1.0,1366966.0,2.0,47.0,0.0,0.0,0.0,1,CENTRE DES IMPOTS DES MOYENNES ENTREPRISES DOUALA AKWA 1,J,DETAILLANT ENERGIE ET LUBRIFIANT,1.0
-1.0,129853.0,3.0,93.0,0.0,0.0,0.0,1,CSPLI CENTRE DIVISIONAIRE DES IMPÔTS DOUALA 1,V,BATIMENT ET TRAVAUX PUBLICS,1.0
2.0,173848.0,1.0,154.0,0.0,0.0,0.0,1,CENTRE DIV IMPOTS DE DOUALA 3,J,AUXILIAIRES DES TRANSPORTS,1.0
-1.0,34904.0,3.0,62.0,0.0,0.0,0.0,1,CENTRE PRINCIPAL DES IMPOTS DU LITTORAL 1,V,SERV. FOURN. AUX ENTREPRISES,1.0
-1.0,4008649.0,3.0,297.0,0.0,0.0,0.0,1,DIRECTION DES GRANDES ENTREPRISES,V,"GENIE CIVIL CONSTRUCTION ROUTE, PONTS",1.0
-1.0,10996.0,3.0,20.0,0.0,0.0,0.0,1,CSI WOURI 2,V,ACTIVITES FOURNIES PRINCIPALEMENT AUX ENTREPRISES,0.0
1.0,1372.0,2.0,6.0,0.0,0.0,0.0,1,CENTRE DIV IMPOTS DE DOUALA 2,J,ACTIVITES FOURNIES PRINCIPALEMENT AUX ENTREPRISES,0.0
0.0,-1260.0,3.0,304.0,0.0,0.0,0.0,1,CENTRE DIV IMPOTS DE DOUALA 3,V,COMMERCE DE GROS ET DE DETAIL,1.0
0.0,-8909.0,3.0,22.0,0.0,0.0,0.0,1,CENTRE DIV IMPOTS DE DOUALA 2,V,"BATIMENTS ET TRAVAUX PUBLICS : ENTREPRISES GENERALES DE BATIMENT, ENTREPRISES DE PEINTURE, D?INSTALLATIONS SANITAIRES, D?INSTALLATIONS ELECTRIQUES, DE ZINGUERIE, DE PLOMBERIE, DE VITRERIE ; CONSTRUCTION ET ENTRETIEN DES ROUTES, VOIES FERREES, CANALISATION D?EAU (OUVRAGES D?ART EXCLUS)",1.0
0.0,481141516.0,0.0,687.0,0.0,0.0,0.0,2,DIRECTION DES GRANDES ENTREPRISES,R,"ENTREPRISES FORESTIERES, SCIERIES",1.0
7.0,114530.0,3.0,26.0,0.0,0.0,0.0,1,CENTRE DIV IMPOTS DE DOUALA 1,V,"ENTREPRISES FORESTIERES, SCIERIES",1.0
-1.0,16150.0,3.0,24.0,0.0,0.0,0.0,1,CSPLI CENTRE DIVISIONAIRE DES IMPÔTS DOUALA 1,V,"PROFESSIONS LIBERALES, CABINETS COMPTABLES ET FISCAUX, CONSEILS JURIDIQUES, OFFICIERS MINISTERIELS",0.0
3.0,2399990.0,0.0,194.0,0.0,0.0,0.0,1,CENTRE DIV IMPOTS DE DOUALA 2,R,SERVICES INCLASSABLE,1.0
-1.0,15750530.0,2.0,271.0,0.0,0.0,0.0,1,CIME CENTRE DIVISIONAIRE DES IMPÔTS DOUALA 1,J,TRANSITAIRE ET AUXILIAIRES DES TRANSPORTS,1.0
1.0,7340.0,1.0,151.0,0.0,0.0,0.0,1,CENTRE DIV IMPOTS DE DOUALA 8,J,COMMERCE GENERAL,0.0
2.0,297018.0,0.0,37.0,0.0,0.0,0.0,1,CENTRE DIV IMPOTS DE DOUALA 3,R,COMMERCE GENERAL,0.0
-1.0,12134.0,3.0,43.0,0.0,0.0,0.0,1,CENTRE DIV IMPOTS DE DOUALA 1,V,COMMERCE GENERAL,0.0
-1.0,1955024.0,0.0,118.0,0.0,0.0,0.0,1,CIME CENTRE DIVISIONAIRE DES IMPÔTS DOUALA 10,R,COMMERCE DE GROS ET DE DETAIL,0.0
-1.0,-11869.0,3.0,130.0,0.0,0.0,0.0,1,CENTRE DIV IMPOTS DE DOUALA 3,V,BATIMENT ET TRAVAUX PUBLICS,1.0
12.0,170080.0,1.0,27.0,0.0,0.0,0.0,1,CENTRE DIV IMPOTS DE DOUALA 1,J,COMMERCE DE GROS ET DE DETAIL,0.0
-1.0,89425.0,3.0,111.0,0.0,0.0,0.0,1,CENTRE DES IMPOTS DES MOYENNES ENTREPRISES DOUALA BONANJO,V,COMMERCE GENERAL,0.0
-1.0,1107884.0,3.0,58.0,0.0,0.0,0.0,1,CENTRE DIV IMPOTS DE DOUALA 1,V,FABRICATION OUVRAGES DIVERS CAOUTCHOUC,1.0
-1.0,210594.0,2.0,157.0,0.0,0.0,0.0,1,CENTRE DEPARTEMENTAL DES IMPOTS DE GAROUA,J,TRAVAUX ANNEXES DU BATIMENT,1.0
0.0,5120312.0,0.0,58.0,0.0,0.0,0.0,1,CENTRE DIV IMPOTS DE DOUALA 1,R,SERV. FOURN. AUX ENTREPRISES,1.0
0.0,116352.0,2.0,82.0,0.0,0.0,0.0,1,CENTRE PRINCIPAL DES IMPOTS DU LITTORAL 1,J,CONFECTION,1.0
18.0,496528.0,1.0,282.0,0.0,0.0,0.0,1,CENTRE DES IMPOTS DES MOYENNES ENTREPRISES DOUALA AKWA 1,J,AUTRES INDUSTRIE CONFECTION,0.0
-1.0,1742130.0,0.0,171.0,0.0,0.0,0.0,1,CENTRE DIV IMPOTS DE DOUALA 3,R,TRANSITAIRE ET AUXILIAIRES DES TRANSPORTS,1.0
-1.0,79014.0,2.0,167.0,0.0,0.0,0.0,1,CENTRE DIV IMPOTS DE DOUALA 3,J,"VENTE/PRODUCTEUR VETEMENT, TISSUS,...",0.0
-1.0,4675814.0,2.0,125.0,0.0,0.0,0.0,1,DIRECTION DES GRANDES ENTREPRISES,J,FABRICATION DE MATERIEL DE TRANSPORT,1.0
-1.0,12064772.0,3.0,164.0,0.0,0.0,0.0,1,DIRECTION DES GRANDES ENTREPRISES,V,"ENTREPRISES FORESTIERES, SCIERIES",1.0
-1.0,45112.0,3.0,28.0,0.0,0.0,0.0,1,CENTRE DIV IMPOTS DE DOUALA 1,J,TRANSITAIRES ET AGREES EN DOUANE,1.0
0.0,-1350.0,2.0,186.0,0.0,0.0,0.0,1,CENTRE DIV IMPOTS DE DOUALA 10,J,TRANSITAIRES ET AGREES EN DOUANE,1.0
1.0,-757.0,2.0,31.0,0.0,0.0,0.0,1,CENTRE DIV IMPOTS DE DOUALA 1,J,"OPERATIONS DE TRANSIT, CONSIGNATION DE NAVIRES",1.0
-1.0,121813.0,3.0,144.0,0.0,0.0,0.0,1,CENTRE DIV IMPOTS DE DOUALA 3,V,TRANSITAIRE ET AUXILIAIRES DES TRANSPORTS,1.0
-1.0,28246.0,3.0,14.0,0.0,0.0,0.0,1,CENTRE DIV IMPOTS DE DOUALA 1,V,TRANSITAIRES ET AGREES EN DOUANE,1.0
-1.0,370303.0,1.0,59.0,0.0,0.0,0.0,1,CENTRE DIV IMPOTS DE DOUALA 1,J,TRANSITAIRE ET AUXILIAIRES DES TRANSPORTS,1.0
0.0,11319.0,2.0,3.0,0.0,0.0,0.0,1,CENTRE DIV IMPOTS DE DOUALA 1,J,ACTIVITES FOURNIES PRINCIPALEMENT AUX ENTREPRISES,0.0
-1.0,255179353.0,3.0,387.0,0.0,0.0,0.0,1,DIVISION DES GRANDES ENTREPRISES,J,TRANSPORTS ET ENTREPOTS,1.0
0.0,127464.0,3.0,12.0,0.0,0.0,0.0,1,CENTRE DIV IMPOTS DE DOUALA 1,J,TRANSPORT ET ENTREPOSAGE,1.0
-1.0,-123.0,3.0,257.0,0.0,0.0,0.0,1,CENTRE DES IMPOTS DES MOYENNES ENTREPRISES DOUALA BONANJO,V,TRANSPORTS PAR OLEODUC OU GAZODUC,1.0
-1.0,511233.0,0.0,30.0,0.0,0.0,0.0,1,CIME CENTRE DIVISIONAIRE DES IMPÔTS DOUALA 2,R,ACTIVITES FOURNIES PRINCIPALEMENT AUX ENTREPRISES,1.0
5.0,1110535.0,0.0,32.0,0.0,0.0,0.0,1,CENTRE DIV IMPOTS DE DOUALA 2,R,TRANSPORTS ROUTIERS DE MARCHANDISES OU DE VOYAGEURS,1.0
1.0,-1384581.0,0.0,138.0,0.0,0.0,0.0,1,CENTRE DIV IMPOTS DE DOUALA 3,R,"IMPRIMERIE, EDITION i ANNEXES",1.0
-1.0,18776.0,3.0,145.0,0.0,0.0,0.0,1,CENTRE DIV IMPOTS DE DOUALA 2,V,TRAVAUX ANNEXES DU BATIMENT,1.0
-1.0,11455.0,3.0,11.0,0.0,0.0,0.0,1,CENTRE DIV IMPOTS DE DOUALA 1,V,TRANSITAIRES ET AGREES EN DOUANE,1.0
-1.0,-15185.0,3.0,267.0,0.0,0.0,0.0,1,CSPLI CENTRE DIVISIONAIRE DES IMPÔTS DOUALA 1,V,SOINS MEDICAUX d a SERVICES,0.0
0.0,20535.0,2.0,159.0,0.0,0.0,0.0,1,CENTRE DIV IMPOTS DE DOUALA 3,J,COMMUNICATIONS,0.0
-1.0,48790.0,3.0,16.0,0.0,0.0,0.0,1,CENTRE DIV IMPOTS DE DOUALA 1,J,"ENTREPRISES FORESTIERES, SCIERIES",1.0
-1.0,4703275.0,3.0,81.0,0.0,0.0,0.0,1,CIME CENTRE DIVISIONAIRE DES IMPÔTS DOUALA 1,V,BATIMENT ET TRAVAUX PUBLICS,1.0
2.0,-3646.0,0.0,267.0,0.0,0.0,0.0,1,CIME CENTRE DIVISIONAIRE DES IMPÔTS DOUALA 1,R,BATIMENT ET TRAVAUX PUBLICS,1.0
-1.0,-1774454.0,3.0,96.0,0.0,0.0,0.0,1,CENTRE DIV IMPOTS DE DOUALA 2,V,COMMUNICATIONS,0.0
4.0,13943.0,3.0,155.0,0.0,0.0,0.0,1,CENTRE DIV IMPOTS DE DOUALA 10,V,AUTRES S. SOC. c FOURN A LA COLLEC,0.0
0.0,-687.0,3.0,147.0,0.0,0.0,0.0,1,CSPLI CENTRE DIVISIONAIRE DES IMPÔTS DOUALA 3,V,SERV. FOURN. AUX ENTREPRISES,0.0
-1.0,189160.0,3.0,75.0,0.0,0.0,0.0,1,CSI WOURI 2,V,SOINS MEDICAUX d a SERVICES,0.0
0.0,455529.0,3.0,164.0,0.0,0.0,0.0,1,CENTRE DIV IMPOTS DE DOUALA 2,V,RESTAURANTS ET DEBITS DE BOISSONS,0.0
0.0,288128.0,0.0,54.0,0.0,0.0,0.0,1,CENTRE DIV IMPOTS DE DOUALA 1,R,SERVICES PERSONNELS NON CLASSES AILLEURS,1.0
-1.0,86423.0,3.0,14.0,0.0,0.0,0.0,1,CENTRE DIV IMPOTS DE DOUALA 1,V,ACTIVITES FOURNIES PRINCIPALEMENT AUX ENTREPRISES,0.0
-1.0,583832.0,2.0,68.0,0.0,0.0,0.0,1,CENTRE DES IMPOTS DES MOYENNES ENTREPRISES DOUALA BONANJO,J,TRANSITAIRE ET AUXILIAIRES DES TRANSPORTS,1.0
-1.0,233901.0,0.0,133.0,0.0,0.0,0.0,1,CENTRE DIV IMPOTS DE DOUALA 3,R,ACTIVITES D'INFORMATION ET DE TELECOMMUNICATIONS,0.0
1.0,-10.0,1.0,2.0,0.0,0.0,0.0,1,CENTRE DIV IMPOTS DE DOUALA 1,J,ACTIVITES FOURNIES PRINCIPALEMENT AUX ENTREPRISES,0.0
-1.0,248377.0,3.0,191.0,0.0,0.0,0.0,1,CENTRE DES IMPOTS DES MOYENNES ENTREPRISES DOUALA BONANJO,V,SERV. FOURN. AUX ENTREPRISES,0.0
-1.0,17793375.0,0.0,135.0,0.0,0.0,0.0,1,CENTRE DIV IMPOTS DE DOUALA 2,R,AUTRES S. SOC. c FOURN A LA COLLEC,1.0
-1.0,-2651.0,2.0,41.0,0.0,0.0,0.0,1,CENTRE DIVI DES IMPOTS DE DOUALA 5,J,TRAVAUX ELECTRICITE BATIMENT,0.0
-1.0,472183.0,2.0,195.0,0.0,0.0,0.0,1,CENTRE DIV IMPOTS DE DOUALA 3,J,SERVICES PERSONNELS N.C.A,0.0
4.0,1252650.0,0.0,93.0,0.0,0.0,0.0,1,CENTRE DIV IMPOTS DE DOUALA 1,R,ACTIVITES FOURNIES PRINCIPALEMENT AUX ENTREPRISES,0.0
-1.0,21175.0,3.0,31.0,0.0,0.0,0.0,1,CENTRE DIV IMPOTS DE DOUALA 2,V,BATIMENT ET TRAVAUX PUBLICS,1.0
0.0,409048.0,3.0,54.0,0.0,0.0,0.0,1,CENTRE DIV IMPOTS DE DOUALA 1,J,COMMERCE GENERAL,0.0
0.0,6524627.0,3.0,269.0,0.0,0.0,0.0,1,DIVISION DES GRANDES ENTREPRISES,V,BANQUE ET ETABLISSEMENTS FINANCIERS,0.0
-1.0,53704.0,3.0,42.0,0.0,0.0,0.0,1,CENTRE DES IMPOTS DES MOYENNES ENTREPRISES DOUALA AKWA 1,V,TRANSPORTS ROUTIERS DE MARCHANDISES OU DE VOYAGEURS,1.0
-1.0,2145105.0,1.0,119.0,0.0,0.0,0.0,1,CENTRE DIV IMPOTS DE DOUALA 1,J,TRANSITAIRE ET AUXILIAIRES DES TRANSPORTS,1.0
0.0,-12253.0,3.0,38.0,0.0,0.0,0.0,1,DGE CENTRE DIVISIONAIRE DES IMPÔTS DOUALA 2,V,TRANSITAIRE ET AUXILIAIRES DES TRANSPORTS,1.0
-1.0,22598.0,2.0,2.0,0.0,0.0,0.0,1,CENTRE DIV IMPOTS DE DOUALA 3,V,ACTIVITES FOURNIES PRINCIPALEMENT AUX ENTREPRISES,0.0
-1.0,0.0,3.0,131.0,0.0,0.0,0.0,1,DIRECTION DES GRANDES ENTREPRISES,V,"ENTREPRISES FORESTIERES, SCIERIES",1.0
2.0,10307806.0,0.0,193.0,0.0,0.0,0.0,1,DGE CENTRE DIVISIONAIRE DES IMPÔTS DOUALA 5,R,"ENTREPRISES FORESTIERES, SCIERIES",1.0
1.0,20048.0,3.0,11.0,0.0,0.0,0.0,1,CENTRE DIV IMPOTS DE DOUALA 2,V,ACTIVITES D'INFORMATION ET DE TELECOMMUNICATIONS,0.0
0.0,9683.0,2.0,115.0,0.0,0.0,0.0,1,CENTRE DIV IMPOTS DE DOUALA 3,J,SERV. FOURN. AUX ENTREPRISES,0.0
-1.0,1609355.0,3.0,83.0,0.0,0.0,0.0,1,CENTRE DES IMPOTS DES MOYENNES ENTREPRISES DOUALA BONANJO,V,SERV. FOURN. AUX ENTREPRISES,0.0
-1.0,23473.0,3.0,131.0,0.0,0.0,0.0,1,CENTRE DIV IMPOTS DE DOUALA 3,V,COMMERCE GENERAL,0.0
-1.0,513524.0,3.0,140.0,0.0,0.0,0.0,1,CENTRE DIV IMPOTS DE DOUALA 3,V,"COMPTABILITE, VERIF. COMPTES t LIV",0.0
6.0,284220.0,2.0,16.0,0.0,0.0,0.0,1,CENTRE DES IMPOTS DES MOYENNES ENTREPRISES DOUALA AKWA 1,J,ACTIVITES FINANCIERES ET D'ASSURANCE,0.0
-1.0,-1522212.0,2.0,77.0,0.0,0.0,0.0,1,CENTRE DES IMPOTS DES PROFESSIONS LIBERALES YDE,J,SERV. FOURN. AUX ENTREPRISES,0.0
1.0,17260.0,3.0,87.0,0.0,0.0,0.0,1,CENTRE DIV IMPOTS DE DOUALA 2,V,COMMERCE GENERAL,1.0
0.0,8698995.0,0.0,161.0,0.0,0.0,0.0,1,CENTRE PRINCIPAL DES IMPOTS DU LITTORAL 3,R,TRANSPORT ET ENTREPOSAGE,1.0
0.0,-49.0,3.0,8.0,0.0,0.0,0.0,1,CENTRE DIV IMPOTS DE DOUALA 1,V,ACTIVITES FOURNIES PRINCIPALEMENT AUX ENTREPRISES,0.0
-1.0,1147972.0,2.0,93.0,0.0,0.0,0.0,1,CSPLI CENTRE DIVISIONAIRE DES IMPÔTS DOUALA 1,J,CONSEILS JURIDIQUES,0.0
-1.0,172368.0,2.0,199.0,0.0,0.0,0.0,1,DIRECTION DES GRANDES ENTREPRISES,J,EXTRACTION DE PETROLE BRUT,1.0
0.0,165149.0,0.0,15.0,0.0,0.0,0.0,1,CENTRE DIV IMPOTS DE DOUALA 2,R,ACTIVITES FOURNIES PRINCIPALEMENT AUX ENTREPRISES,0.0
0.0,515352.0,0.0,78.0,0.0,0.0,0.0,1,CENTRE DIV IMPOTS DE DOUALA 1,R,COMMERCE GENERAL,0.0
0.0,-77.0,3.0,3.0,0.0,0.0,0.0,1,CENTRE SPECIALISE DES IMPOTS,V,TRANSITAIRES ET AGREES EN DOUANE,1.0
-1.0,255294.0,3.0,85.0,0.0,0.0,0.0,1,CENTRE DIV IMPOTS DE DOUALA 10,V,TRANSITAIRE ET AUXILIAIRES DES TRANSPORTS,1.0
20.0,48008.0,3.0,132.0,0.0,0.0,0.0,1,CENTRE DIV IMPOTS DE DOUALA 1,V,SERV. FOURN. AUX ENTREPRISES,0.0
4.0,2322099.0,2.0,143.0,0.0,0.0,0.0,1,CENTRE DIV IMPOTS DE DOUALA 3,J,COMMUNICATIONS,0.0
0.0,-186.0,3.0,157.0,0.0,0.0,0.0,1,CIME CENTRE DIVISIONAIRE DES IMPÔTS DOUALA 1,J,TRANSPORT ET ENTREPOSAGE,1.0
11.0,991439.0,0.0,159.0,0.0,0.0,0.0,1,CENTRE DIV IMPOTS DE DOUALA 8,R,COMMERCE DE GROS ET DE DETAIL,0.0
-1.0,4243931.0,0.0,115.0,0.0,0.0,0.0,1,CENTRE DIV IMPOTS DE DOUALA 2,R,TRANSPORTS PAR CAMIONS,1.0
2.0,98872.0,1.0,17.0,0.0,0.0,0.0,1,CENTRE DIV IMPOTS DE DOUALA 2,J,ACTIVITE DES ORGANISATIONS ET ORGANISMES EXTRATERRITORIAUX,0.0
0.0,163711.0,3.0,121.0,0.0,0.0,0.0,1,CSPLI CENTRE DIVISIONAIRE DES IMPÔTS DOUALA 1,V,SERV. FOURN. AUX ENTREPRISES,0.0
-1.0,4109.0,3.0,9.0,0.0,0.0,0.0,1,CENTRE SPECIALISE DES IMPOTS,V,ACTIVITES IMMOBILIERES,0.0
-1.0,2883.0,1.0,154.0,0.0,0.0,0.0,1,CSPLI CENTRE DIVISIONAIRE DES IMPÔTS DOUALA 1,J,AGENCES IMMOBILIAIRES,0.0
0.0,13710.0,1.0,1.0,0.0,0.0,0.0,1,CENTRE DIV IMPOTS DE DOUALA 1,V,ACTIVITES IMMOBILIERES,0.0
18.0,17302.0,3.0,73.0,0.0,0.0,0.0,1,CSPLI CENTRE DIVISIONAIRE DES IMPÔTS DOUALA 1,J,AGENCES IMMOBILIERES,0.0
0.0,1603078.0,3.0,36.0,0.0,0.0,0.0,1,CENTRE DES IMPOTS DES MOYENNES ENTREPRISES DOUALA BONANJO,J,INDUSTRIE DU SUCRE,1.0
-1.0,56382.0,3.0,32.0,0.0,0.0,0.0,1,CENTRE DIV IMPOTS DE DOUALA 1,V,TRANSITAIRES ET AGREES EN DOUANE,1.0
-1.0,40679415.0,3.0,123.0,0.0,0.0,0.0,1,CENTRE DES IMPOTS DES MOYENNES ENTREPRISES DOUALA BONANJO,V,SERV. FOURN. AUX ENTREPRISES,1.0
-1.0,2075244.0,2.0,156.0,0.0,0.0,0.0,1,CENTRE DIV IMPOTS DE DOUALA 3,J,SERV. INGENIEURS a s TECH.,0.0
-1.0,635051.0,0.0,106.0,0.0,0.0,0.0,1,CENTRE DIVISIONNAIRE DES IMPÔTS DOUALA 14,R,SERV. FOURN. AUX ENTREPRISES,0.0
-1.0,1056750.0,3.0,144.0,0.0,0.0,0.0,1,CENTRE DIV IMPOTS DE DOUALA 3,J,SERV. FOURN. AUX ENTREPRISES,0.0
0.0,-81.0,3.0,117.0,0.0,0.0,0.0,1,CENTRE DIV IMPOTS DE DOUALA 1,V,ASSURANCES,0.0
-1.0,113252.0,3.0,7.0,0.0,0.0,0.0,1,CENTRE DIV IMPOTS DE DOUALA 1,J,TRANSPORTS ROUTIERS DE MARCHANDISES OU DE VOYAGEURS,1.0
0.0,86000.0,1.0,92.0,0.0,0.0,0.0,1,CENTRE DIV IMPOTS DE DOUALA 1,J,COMMERCE GENERAL,0.0
-1.0,36230.0,3.0,83.0,0.0,0.0,0.0,1,DIRECTION DES GRANDES ENTREPRISES,V,COMMERCE GENERAL,0.0
-1.0,596880.0,2.0,179.0,0.0,0.0,0.0,1,CENTRE DIV IMPOTS DE DOUALA 3,J,CONSTRUCTION,1.0
-1.0,-40522.0,3.0,178.0,0.0,0.0,0.0,1,CENTRE DIV IMPOTS DE DOUALA 1,V,"GENIE CIVIL CONSTRUCTION ROUTE, PONTS",1.0
-1.0,242086.0,2.0,74.0,0.0,0.0,0.0,1,CENTRE DIV IMPOTS DE DOUALA 1,J,COMMERCE GENERAL,0.0
-1.0,-229.0,3.0,25.0,0.0,0.0,0.0,1,CENTRE DIV IMPOTS DE DOUALA 2,V,ACTIVITES FOURNIES PRINCIPALEMENT AUX ENTREPRISES,0.0
0.0,35179.0,2.0,54.0,0.0,0.0,0.0,1,CENTRE DIV IMPOTS DE DOUALA 6,J,VENTE/PRODUCTEUR PHARMACEUTIQUE,0.0
1.0,44592.0,0.0,5.0,0.0,0.0,0.0,1,CENTRE DIV IMPOTS DE DOUALA 3,R,ACTIVITES FOURNIES PRINCIPALEMENT AUX ENTREPRISES,0.0
-1.0,1588238.0,3.0,93.0,0.0,0.0,0.0,1,DIRECTION DES GRANDES ENTREPRISES,V,ACTIVITES FOURNIES PRINCIPALEMENT AUX ENTREPRISES,1.0
-1.0,30797.0,0.0,90.0,0.0,0.0,0.0,1,CENTRE PRINCIPAL DES IMPOTS DU LITTORAL 1,R,BATIMENT ET TRAVAUX PUBLICS,1.0
0.0,-2111.0,3.0,146.0,0.0,0.0,0.0,1,CENTRE DIV IMPOTS DE DOUALA 3,J,COMMERCE GENERAL,0.0
0.0,-409.0,0.0,37.0,0.0,0.0,0.0,1,CENTRE DIV IMPOTS DE DOUALA 1,R,SERV. FOURN. AUX ENTREPRISES,1.0
1.0,9805911.0,3.0,117.0,0.0,0.0,0.0,1,CENTRE DIV IMPOTS DE DOUALA 2,V,BOULANGERIE ET PATISSERIE,1.0
-1.0,5329264.0,2.0,126.0,0.0,0.0,0.0,1,CENTRE DIV IMPOTS DE DOUALA 2,J,EXPLOITATION FORESTIERE,1.0
-1.0,186557750.0,0.0,303.0,0.0,0.0,0.0,1,DIVISION DES GRANDES ENTREPRISES,R,SERV. FOURN. AUX ENTREPRISES,1.0
-1.0,9859.0,3.0,183.0,0.0,0.0,0.0,1,CENTRE DIV IMPOTS DE DOUALA 1,V,TRAVAUX ELECTRICITE BATIMENT,1.0
-1.0,25484.0,3.0,21.0,0.0,0.0,0.0,1,CENTRE DIV IMPOTS DE DOUALA 3,J,ACTIVITES FOURNIES PRINCIPALEMENT AUX ENTREPRISES,0.0
0.0,513082.0,1.0,123.0,0.0,0.0,0.0,1,CENTRE DIV IMPOTS DE DOUALA 3,J,SERV. FOURN. AUX PARTICULIERS m,0.0
1.0,21722.0,3.0,135.0,0.0,0.0,0.0,1,CENTRE DIV IMPOTS DE DOUALA 2,V,RESTAURANTS ET DEBITS DE BOISSONS,0.0
9.0,89795.0,3.0,110.0,0.0,0.0,0.0,1,CENTRE DIV IMPOTS DE DOUALA 3,V,COMMERCE DE GROS ET DE DETAIL,0.0
-1.0,-8128.0,2.0,145.0,0.0,0.0,0.0,1,CENTRE DIV IMPOTS DE DOUALA 2,J,BOULANGERIE ET PATISSERIE,1.0
0.0,-62037.0,3.0,155.0,0.0,0.0,0.0,1,CSPLI CENTRE DIVISIONAIRE DES IMPÔTS DOUALA 1,V,COMMERCE DE GROS ET DE DETAIL,0.0
-1.0,306693.0,3.0,127.0,0.0,0.0,0.0,1,CENTRE DES IMPOTS DES MOYENNES ENTREPRISES DOUALA AKWA 1,V,TRANSITAIRE ET AUXILIAIRES DES TRANSPORTS,1.0
-1.0,84193.0,0.0,58.0,0.0,0.0,0.0,1,CENTRE DIV IMPOTS DE DOUALA 2,R,COMMERCE GENERAL,0.0
-1.0,6449842.0,3.0,255.0,0.0,0.0,0.0,1,DIRECTION DES GRANDES ENTREPRISES,V,BATIMENT ET TRAVAUX PUBLICS,1.0
-1.0,32212.0,3.0,26.0,0.0,0.0,0.0,1,CENTRE DIV IMPOTS DE DOUALA 1,V,TRANSITAIRES ET AGREES EN DOUANE,1.0
-1.0,82310.0,0.0,8.0,0.0,0.0,0.0,1,CENTRE DIV IMPOTS DE DOUALA 2,R,ACTIVITES FOURNIES PRINCIPALEMENT AUX ENTREPRISES,0.0
-1.0,109197.0,0.0,60.0,0.0,0.0,0.0,1,CENTRE DIV IMPOTS DE DOUALA 1,R,COMMERCE GENERAL,0.0
0.0,1735496.0,1.0,111.0,0.0,0.0,0.0,1,CENTRE DIV IMPOTS DE DOUALA 3,J,ACTIVITES FOURNIES PRINCIPALEMENT AUX ENTREPRISES,1.0
-1.0,1224.0,3.0,8.0,0.0,0.0,0.0,1,CENTRE DIV IMPOTS DE DOUALA 1,J,EXTRACTION DE MINERAIS,1.0
4.0,5551654.0,3.0,183.0,0.0,0.0,0.0,1,CENTRE DIV IMPOTS DE DOUALA 2,V,TRANSPORTS ROUTIERS DE MARCHANDISES OU DE VOYAGEURS,0.0
-1.0,205464.0,3.0,87.0,0.0,0.0,0.0,1,CENTRE PRINCIPAL DES IMPOTS DU LITTORAL 1,V,COMMERCE GENERAL,0.0
-1.0,297406.0,3.0,135.0,0.0,0.0,0.0,1,CENTRE DIV IMPOTS DE DOUALA 2,V,RESTAURANTS ET DEBITS DE BOISSONS,1.0
0.0,56163.0,1.0,112.0,0.0,0.0,0.0,1,CENTRE DIV IMPOTS DE DOUALA 1,J,CONSEILS JURIDIQUES,0.0
3.0,19499.0,3.0,42.0,0.0,0.0,0.0,1,CENTRE DIV IMPOTS DE DOUALA 2,J,BOULANGERIE ET PATISSERIE,1.0
-1.0,215034.0,3.0,144.0,0.0,0.0,0.0,1,CENTRE DIV IMPOTS DE DOUALA 3,V,SERV. FOURN. AUX ENTREPRISES,0.0
1.0,195994.0,2.0,266.0,0.0,0.0,0.0,1,CENTRE DES IMPOTS DES MOYENNES ENTREPRISES DOUALA BONANJO,J,SERV. FOURN. AUX ENTREPRISES,0.0
-1.0,373661.0,2.0,143.0,0.0,0.0,0.0,1,CENTRE DIV IMPOTS DE DOUALA 2,J,COMMUNICATIONS,0.0
11.0,69537.0,2.0,156.0,0.0,0.0,0.0,1,CENTRE DIV IMPOTS DE DOUALA 1,J,CONSTRUCTION,1.0
-1.0,-227.0,3.0,128.0,0.0,0.0,0.0,1,CENTRE DIV IMPOTS DE DOUALA 10,V,"IMPRIMERIE, EDITION i ANNEXES",1.0
-1.0,714307.0,2.0,154.0,0.0,0.0,0.0,1,CENTRE DIV IMPOTS DE DOUALA 2,J,COMMUNICATIONS,0.0
-1.0,-3470.0,3.0,24.0,0.0,0.0,0.0,1,CENTRE DIV IMPOTS DE DOUALA 1,V,COMMERCE DE GROS ET DE DETAIL,1.0
2.0,0.0,1.0,3.0,0.0,0.0,0.0,1,CENTRE DIV IMPOTS DE DOUALA 1,J,ACTIVITES FOURNIES PRINCIPALEMENT AUX ENTREPRISES,0.0
2.0,95519.0,0.0,134.0,0.0,0.0,0.0,1,CENTRE DIV IMPOTS DE DOUALA 3,R,COMMERCE GENERAL,0.0
17.0,232403.0,1.0,28.0,0.0,0.0,0.0,1,CENTRE DIVI DES IMPOTS DE DOUALA 5,J,"BATIMENTS ET TRAVAUX PUBLICS : ENTREPRISES GENERALES DE BATIMENT, ENTREPRISES DE PEINTURE, D?INSTALLATIONS SANITAIRES, D?INSTALLATIONS ELECTRIQUES, DE ZINGUERIE, DE PLOMBERIE, DE VITRERIE ; CONSTRUCTION ET ENTRETIEN DES ROUTES, VOIES FERREES, CANALISATION D?EAU (OUVRAGES D?ART EXCLUS)",1.0
1.0,251050.0,3.0,173.0,0.0,0.0,0.0,1,CENTRE DIV IMPOTS DE DOUALA 1,V,FAB. DE PAPIER a EN PAPIER,1.0
0.0,-4.0,2.0,4.0,0.0,0.0,0.0,1,CENTRE DES IMPOTS DES MOYENNES ENTREPRISES DOUALA AKWA 1,J,EXTRACTION DE MINERAIS,1.0
-1.0,11132183.0,3.0,207.0,0.0,0.0,0.0,1,DIRECTION DES GRANDES ENTREPRISES,J,VENTE/PRODUCTEUR PRODUIT INDETERMINE,1.0
-1.0,1023932.0,3.0,175.0,0.0,0.0,0.0,1,CENTRE DES IMPOTS DES MOYENNES ENTREPRISES DOUALA BONANJO,V,CHAUDRONNERIE ET CONSTRUCTION METALIQUE,1.0
41.0,12305.0,0.0,47.0,0.0,0.0,0.0,1,CENTRE DIV IMPOTS DE DOUALA 10,R,COMMERCE GENERAL,0.0
0.0,22130.0,3.0,99.0,0.0,0.0,0.0,1,CENTRE DIV IMPOTS DE DOUALA 1,V,SERV. FOURN. AUX ENTREPRISES,1.0
1.0,410545.0,0.0,111.0,0.0,0.0,0.0,1,CENTRE DES IMPOTS DES MOYENNES ENTREPRISES DOUALA AKWA 1,R,SERVICES FINANCIERS,0.0
-1.0,71381.0,2.0,30.0,0.0,0.0,0.0,1,CENTRE DIV IMPOTS DE DOUALA 1,J,ACTIVITES FOURNIES PRINCIPALEMENT AUX ENTREPRISES,1.0
1.0,-1.0,3.0,24.0,0.0,0.0,0.0,1,CENTRE DIV IMPOTS DE DOUALA 2,V,COMMERCE DE GROS ET DE DETAIL,0.0
-1.0,64441.0,2.0,3.0,0.0,0.0,0.0,1,CENTRE DIV IMPOTS DE DOUALA 2,R,COMMERCE DE GROS ET DE DETAIL,1.0
-1.0,-1109658.0,3.0,187.0,0.0,0.0,0.0,1,DIRECTION DES GRANDES ENTREPRISES,V,DEPOTS PETROLIER,0.0
-1.0,1303350.0,3.0,147.0,0.0,0.0,0.0,1,CENTRE DIV IMPOTS DE DOUALA 2,J,"INSTALLATION RESEAUX ELECTRIQUE, TELEPHONIQUE,",0.0
-1.0,759140.0,3.0,84.0,0.0,0.0,0.0,1,CENTRE PRINCIPAL DES IMPOTS DU LITTORAL 1,V,AUTRES S. SOC. c FOURN A LA COLLEC,1.0
0.0,10280.0,1.0,2.0,0.0,0.0,0.0,1,CENTRE DIV IMPOTS DE DOUALA 3,J,ACTIVITES D'INFORMATION ET DE TELECOMMUNICATIONS,0.0
-1.0,21018.0,1.0,115.0,0.0,0.0,0.0,1,CSPLI CENTRE DIVISIONAIRE DES IMPÔTS DOUALA 1,J,TRANSPORT ET ENTREPOSAGE,1.0
-1.0,44296.0,3.0,45.0,0.0,0.0,0.0,1,CENTRE DIVI DES IMPOTS DE DOUALA 5,J,COMMERCE GENERAL,0.0
-1.0,76211.0,0.0,159.0,0.0,0.0,0.0,1,CENTRE DIV IMPOTS DE DOUALA 3,R,"AUTRES ACTIVITES FOURNIES A LA COLLECTIVITE, ACTIVITES SOCIALES ET PERSONNELLES",0.0
1.0,1681285.0,0.0,44.0,0.0,0.0,0.0,1,CENTRE DIV IMPOTS DE DOUALA 1,R,COMMERCE DE GROS ET DE DETAIL,0.0
0.0,318955.0,1.0,146.0,0.0,0.0,0.0,1,CENTRE DIV IMPOTS DE DOUALA 10,J,CONSTRUCTION,1.0
-1.0,126998.0,3.0,265.0,0.0,0.0,0.0,1,CENTRE DIV IMPOTS DE DOUALA 3,V,COMMUNICATIONS,0.0
2.0,1224058.0,0.0,83.0,0.0,0.0,0.0,1,CENTRE DIV IMPOTS DE DOUALA 1,R,COMMERCE GENERAL,1.0
0.0,11492.0,2.0,12.0,0.0,0.0,0.0,1,CENTRE DIV IMPOTS DE DOUALA 1,J,"FABRICATION DE PAPIER, CARTON ET D'ARTICLES EN PAPIER OU EN CARTON, IMPRIMERIE ET REPRODUCTION",1.0
0.0,33273.0,3.0,19.0,0.0,0.0,0.0,1,CENTRE DIV IMPOTS DE DOUALA 1,J,COMMERCE DE GROS ET DE DETAIL,1.0
-1.0,116163.0,3.0,39.0,0.0,0.0,0.0,1,CENTRE DIV IMPOTS DE DOUALA 2,V,COMMERCE GENERAL,0.0
0.0,260382.0,3.0,128.0,0.0,0.0,0.0,1,CENTRE DIV IMPOTS DE DOUALA 1,J,AUTRES S. SOC. c FOURN A LA COLLEC,0.0
-1.0,186419.0,1.0,7.0,0.0,0.0,0.0,1,CENTRE DIV IMPOTS DE DOUALA 1,J,ACTIVITES FOURNIES PRINCIPALEMENT AUX ENTREPRISES,0.0
-1.0,258058.0,3.0,463.0,0.0,0.0,0.0,1,CSPLI CENTRE DIVISIONAIRE DES IMPÔTS DOUALA 3,V,"MEDECINS, PHARMACIENS, DENTISTES",0.0
-1.0,903600.0,3.0,55.0,0.0,0.0,0.0,1,CENTRE SPECIALISE DES IMPOTS,V,"MEDECINS, PHARMACIENS, DENTISTES",1.0
-1.0,-90.0,3.0,150.0,0.0,0.0,0.0,1,CENTRE DIV IMPOTS DE DOUALA 1,V,TRANSPORT N.C.A,1.0
-1.0,308728.0,2.0,147.0,0.0,0.0,0.0,1,CENTRE DIV IMPOTS DE DOUALA 3,J,VENTE/PRODUCTEUR PHARMACEUTIQUE,0.0
-1.0,-759.0,3.0,121.0,0.0,0.0,0.0,1,DGE CENTRE DIV DES IMPOTS DE YAOUNDE 3,V,AUTRES S. SOC. c FOURN A LA COLLEC,0.0
-1.0,677811.0,0.0,82.0,0.0,0.0,0.0,1,CENTRE DIV IMPOTS DE DOUALA 1,R,AUTRES S. SOC. c FOURN A LA COLLEC,0.0
-1.0,3967136.0,3.0,147.0,0.0,0.0,0.0,1,CENTRE DES IMPOTS DES MOYENNES ENTREPRISES DOUALA BONANJO,J,VENTE/PRODUCTEUR PHARMACEUTIQUE,0.0
1.0,467235.0,0.0,75.0,0.0,0.0,0.0,1,CENTRE PRINCIPAL DES IMPOTS DU LITTORAL 3,R,AUTRES S. SOC. c FOURN A LA COLLEC,0.0
-1.0,0.0,2.0,2.0,0.0,0.0,0.0,1,CENTRE DIV IMPOTS DE DOUALA 3,V,ACTIVITES FOURNIES PRINCIPALEMENT AUX ENTREPRISES,0.0
-1.0,191656.0,3.0,125.0,0.0,0.0,0.0,1,CENTRE DIV IMPOTS DE DOUALA 8,J,COMMERCE GENERAL,0.0
0.0,264913.0,2.0,87.0,0.0,0.0,0.0,1,CENTRE PRINCIPAL DES IMPOTS DU LITTORAL 1,J,"AUTRES ACTIVITES FOURNIES A LA COLLECTIVITE, ACTIVITES SOCIALES ET PERSONNELLES",0.0
-1.0,62554.0,3.0,7.0,0.0,0.0,0.0,1,CENTRE DIV IMPOTS DE DOUALA 1,V,COMMERCE DE GROS ET DE DETAIL,1.0
-1.0,39633.0,0.0,22.0,0.0,0.0,0.0,1,CENTRE DIV IMPOTS DE DOUALA 3,R,"BATIMENTS ET TRAVAUX PUBLICS : ENTREPRISES GENERALES DE BATIMENT, ENTREPRISES DE PEINTURE, D?INSTALLATIONS SANITAIRES, D?INSTALLATIONS ELECTRIQUES, DE ZINGUERIE, DE PLOMBERIE, DE VITRERIE ; CONSTRUCTION ET ENTRETIEN DES ROUTES, VOIES FERREES, CANALISATION D?EAU (OUVRAGES D?ART EXCLUS)",1.0
0.0,-7755.0,3.0,135.0,0.0,0.0,0.0,1,CENTRE DES IMPOTS DES MOYENNES ENTREPRISES DOUALA BONANJO,J,AUTRES S. SOC. c FOURN A LA COLLEC,1.0
-1.0,7175099.0,3.0,105.0,0.0,0.0,0.0,1,DIRECTION DES GRANDES ENTREPRISES,V,COMMERCE DE GROS ET DE DETAIL,1.0
0.0,467213.0,2.0,147.0,0.0,0.0,0.0,1,CENTRE DIV IMPOTS DE DOUALA 1,J,TRANSPORTS ROUTIERS DE MARCHANDISES OU DE VOYAGEURS,1.0
4.0,31824.0,3.0,13.0,0.0,0.0,0.0,3,CSPLI CENTRE DIVISIONAIRE DES IMPÔTS DOUALA 1,V,ENSEIGNEMENT,0.0
0.0,-1.0,3.0,29.0,0.0,0.0,0.0,1,CENTRE DIV IMPOTS DE DOUALA 2,V,ACTIVITES FINANCIERES ET D'ASSURANCE,0.0
-1.0,329851.0,2.0,155.0,0.0,0.0,0.0,1,DIRECTION DES GRANDES ENTREPRISES,J,COMMERCE DE GROS ET DE DETAIL,0.0
-1.0,37729.0,3.0,27.0,0.0,0.0,0.0,1,CENTRE DIV IMPOTS DE DOUALA 1,V,ACTIVITES FOURNIES PRINCIPALEMENT AUX ENTREPRISES,0.0
0.0,-100.0,2.0,1.0,0.0,0.0,0.0,1,CENTRE DES IMPOTS DES MOYENNES ENTREPRISES DOUALA AKWA 1,R,TRANSITAIRES ET AGREES EN DOUANE,1.0
10.0,238987.0,1.0,147.0,0.0,0.0,0.0,1,CIME CENTRE DIVISIONAIRE DES IMPÔTS DOUALA 1,J,ACTIVITES FOURNIES PRINCIPALEMENT AUX ENTREPRISES,0.0
-1.0,11612.0,1.0,1.0,0.0,0.0,0.0,1,CENTRE DIV IMPOTS DE DOUALA 1,V,COMMERCE DE GROS ET DE DETAIL,1.0
2.0,-742.0,1.0,7.0,0.0,0.0,0.0,1,CENTRE DIV IMPOTS DE DOUALA 2,J,ACTIVITES FOURNIES PRINCIPALEMENT AUX ENTREPRISES,0.0
-1.0,21480.0,2.0,0.0,0.0,0.0,0.0,1,CENTRE DIV IMPOTS DE DOUALA 3,R,COMMERCE DE GROS ET DE DETAIL,1.0
0.0,60728.0,2.0,129.0,0.0,0.0,0.0,1,CENTRE DIV IMPOTS DE DOUALA 3,J,"PROFESSIONS LIBERALES, CABINETS COMPTABLES ET FISCAUX, CONSEILS JURIDIQUES, OFFICIERS MINISTERIELS",0.0
-1.0,453966.0,2.0,173.0,0.0,0.0,0.0,1,CENTRE DIV IMPOTS DE DOUALA 1,J,"HOTELS, HOTELS MEUBLES e ANALOGUES",0.0
0.0,1043614.0,3.0,187.0,0.0,0.0,0.0,1,CENTRE DIV IMPOTS DE DOUALA 3,V,COMMERCE GENERAL,0.0
1.0,0.0,1.0,2.0,0.0,0.0,0.0,1,CIME CENTRE DIVISIONAIRE DES IMPÔTS DOUALA 2,J,TRANSPORTS ROUTIERS DE MARCHANDISES OU DE VOYAGEURS,1.0
-1.0,230566.0,3.0,106.0,0.0,0.0,0.0,1,CSPLI CENTRE DIVISIONAIRE DES IMPÔTS DOUALA 3,V,COMMERCE GENERAL,0.0
2.0,61207.0,0.0,11.0,0.0,0.0,0.0,1,CENTRE DIV IMPOTS DE DOUALA 2,R,ACTIVITES FOURNIES PRINCIPALEMENT AUX ENTREPRISES,0.0
0.0,4877011.0,1.0,123.0,0.0,0.0,0.0,1,CENTRE DIV IMPOTS DE DOUALA 1,J,COMMERCE DE GROS ET DE DETAIL,0.0
-1.0,183002.0,0.0,153.0,0.0,0.0,0.0,1,CENTRE DIV IMPOTS DE DOUALA 10,R,COMMERCE GENERAL,0.0
1.0,442048.0,2.0,137.0,0.0,0.0,0.0,1,CIME CENTRE DIVISIONAIRE DES IMPÔTS DOUALA 1,J,COMMERCE GENERAL,0.0
-1.0,244478.0,3.0,187.0,0.0,0.0,0.0,1,CENTRE DIV IMPOTS DE DOUALA 2,J,TRANSITAIRE ET AUXILIAIRES DES TRANSPORTS,1.0
0.0,872770.0,0.0,26.0,0.0,0.0,0.0,1,CSPLI CENTRE DIVISIONAIRE DES IMPÔTS DOUALA 1,R,TRANSITAIRES ET AGREES EN DOUANE,1.0
-1.0,134578.0,2.0,34.0,0.0,0.0,0.0,1,CENTRE DIV IMPOTS DE DOUALA 2,J,TRANSPORTS PAR CAMIONS,1.0
-1.0,226473.0,3.0,163.0,0.0,0.0,0.0,1,CENTRE DIVISIONNAIRE DES IMPÔTS DOUALA 12,V,TRANSPORTS PAR CAMIONS,1.0
0.0,97391.0,3.0,28.0,0.0,0.0,0.0,1,CENTRE DIV IMPOTS DE DOUALA 1,J,"BATIMENTS ET TRAVAUX PUBLICS : ENTREPRISES GENERALES DE BATIMENT, ENTREPRISES DE PEINTURE, D?INSTALLATIONS SANITAIRES, D?INSTALLATIONS ELECTRIQUES, DE ZINGUERIE, DE PLOMBERIE, DE VITRERIE ; CONSTRUCTION ET ENTRETIEN DES ROUTES, VOIES FERREES, CANALISATION D?EAU (OUVRAGES D?ART EXCLUS)",1.0
0.0,4644296.0,3.0,147.0,0.0,0.0,0.0,1,CENTRE DIV IMPOTS DE DOUALA 3,V,SERVICES PERSONNELS N.C.A,1.0
-1.0,27472.0,3.0,193.0,0.0,0.0,0.0,1,CENTRE DIV IMPOTS DE DOUALA 8,V,COMMERCE GENERAL,0.0
0.0,2538257.0,0.0,121.0,0.0,0.0,0.0,1,CENTRE DIV IMPOTS DE DOUALA 1,R,SERV. FOURN. AUX ENTREPRISES,1.0
-1.0,10290.0,3.0,6.0,0.0,0.0,0.0,1,CENTRE DIVI DES IMPOTS DE DOUALA 5,V,ACTIVITES D'INFORMATION ET DE TELECOMMUNICATIONS,0.0
-1.0,102102.0,2.0,152.0,0.0,0.0,0.0,1,CENTRE DIV IMPOTS DE DOUALA 3,J,ACTIVITES D'INFORMATION ET DE TELECOMMUNICATIONS,0.0
-1.0,0.0,2.0,2.0,0.0,0.0,0.0,1,CENTRE DIV IMPOTS DE DOUALA 1,V,TRANSITAIRES ET AGREES EN DOUANE,1.0
-1.0,27344.0,3.0,14.0,0.0,0.0,0.0,1,CENTRE DES IMPOTS DES MOYENNES ENTREPRISES DOUALA AKWA 1,V,COMMERCE DE GROS ET DE DETAIL,1.0
-1.0,-138.0,3.0,17.0,0.0,0.0,0.0,1,CENTRE DIV IMPOTS DE DOUALA 2,V,ADDUCTIONS ET DISTRIBUTION D?EAU,1.0
1.0,40334.0,3.0,35.0,0.0,0.0,0.0,1,CENTRE DIV IMPOTS DE DOUALA 1,V,COMMERCE GENERAL,0.0
-1.0,181445.0,3.0,76.0,0.0,0.0,0.0,1,CENTRE DIV IMPOTS DE DOUALA 2,V,"HOTELS, RESTAURANTS, CAFES, BARS ET DANCING",0.0
2.0,797015.0,0.0,267.0,0.0,0.0,0.0,1,CENTRE DIV IMPOTS DE DOUALA 1,R,COMMERCE GENERAL,0.0
0.0,208446.0,1.0,5.0,0.0,0.0,0.0,1,CENTRE DIV IMPOTS DE DOUALA 1,J,ACTIVITES FOURNIES PRINCIPALEMENT AUX ENTREPRISES,0.0
-1.0,1757215.0,3.0,351.0,0.0,0.0,0.0,1,CSPLI CENTRE DIVISIONAIRE DES IMPÔTS DOUALA 1,V,AGENCES IMMOBILIERES,0.0
0.0,-70541.0,3.0,50.0,0.0,0.0,0.0,1,CENTRE DIV IMPOTS DE DOUALA 1,V,COMMERCE DE GROS ET DE DETAIL,0.0
-1.0,96538.0,2.0,43.0,0.0,0.0,0.0,1,CSPLI CENTRE DIVISIONAIRE DES IMPÔTS DOUALA 1,J,LOCATION MATERIEL ET IMMEUBLE COMMERCIAL,0.0
-1.0,182564.0,3.0,63.0,0.0,0.0,0.0,1,CSPLI CENTRE DIVISIONAIRE DES IMPÔTS DOUALA 1,V,ACTIVITES IMMOBILIERES,1.0
19.0,188086.0,2.0,51.0,0.0,0.0,0.0,1,CSPLI CENTRE DIVISIONAIRE DES IMPÔTS DOUALA 1,J,CONSEILS JURIDIQUES,0.0
-1.0,2603960.0,3.0,915.0,0.0,0.0,0.0,1,DIVISION DES GRANDES ENTREPRISES,V,TRANSITAIRES ET AGREES EN DOUANE,1.0
-1.0,268847.0,0.0,44.0,0.0,0.0,0.0,1,CENTRE DIV IMPOTS DE DOUALA 1,R,COMMERCE GENERAL,0.0
-1.0,39539122.0,3.0,369.0,0.0,0.0,0.0,1,DIRECTION DES GRANDES ENTREPRISES,J,DETAILLANT COMMERCE GENERAL,1.0
-1.0,296716.0,3.0,8.0,0.0,0.0,0.0,1,CENTRE DIV IMPOTS DE DOUALA 1,V,TRANSPORTS ROUTIERS DE MARCHANDISES OU DE VOYAGEURS,1.0
-1.0,113204.0,2.0,99.0,0.0,0.0,0.0,1,CENTRE PRINCIPAL DES IMPOTS DU LITTORAL 1,J,COMMERCE DE DETAIL,1.0
-1.0,193018.0,2.0,95.0,0.0,0.0,0.0,1,CENTRE PRINCIPAL DES IMPOTS DU LITTORAL 1,J,COMMERCE GENERAL,0.0
7.0,6824.0,3.0,15.0,0.0,0.0,0.0,1,CENTRE DIV IMPOTS DE DOUALA 1,J,"HOTELS, RESTAURANTS, CAFES, BARS ET DANCING",0.0
1.0,-191044.0,3.0,327.0,0.0,0.0,0.0,1,CENTRE DIV IMPOTS DE DOUALA 10,V,AUTRES S. SOC. c FOURN A LA COLLEC,0.0
0.0,-2000.0,3.0,110.0,0.0,0.0,0.0,1,CENTRE DIV IMPOTS DE DOUALA 3,V,SERV. FOURN. AUX ENTREPRISES,1.0
0.0,-2309.0,3.0,6.0,0.0,0.0,0.0,1,CENTRE DIV IMPOTS DE DOUALA 3,V,ACTIVITES FOURNIES PRINCIPALEMENT AUX ENTREPRISES,0.0
1.0,22295.0,1.0,3.0,0.0,0.0,0.0,1,CENTRE DIV IMPOTS DE DOUALA 1,J,ACTIVITES FOURNIES PRINCIPALEMENT AUX ENTREPRISES,0.0
1.0,1677944.0,3.0,381.0,0.0,0.0,0.0,1,DIRECTION DES GRANDES ENTREPRISES,J,TRANSPORTS PAR CAMIONS,1.0
-1.0,512962.0,2.0,14.0,0.0,0.0,0.0,1,CENTRE DES IMPOTS DES MOYENNES ENTREPRISES DOUALA AKWA 1,J,"BATIMENTS ET TRAVAUX PUBLICS : ENTREPRISES GENERALES DE BATIMENT, ENTREPRISES DE PEINTURE, D?INSTALLATIONS SANITAIRES, D?INSTALLATIONS ELECTRIQUES, DE ZINGUERIE, DE PLOMBERIE, DE VITRERIE ; CONSTRUCTION ET ENTRETIEN DES ROUTES, VOIES FERREES, CANALISATION D?EAU (OUVRAGES D?ART EXCLUS)",1.0
-1.0,10271.0,3.0,64.0,0.0,0.0,0.0,1,CENTRE PRINCIPAL DES IMPOTS DU LITTORAL 1,J,COMMERCE GENERAL,0.0
13.0,148737.0,0.0,25.0,0.0,0.0,0.0,1,CENTRE DIV IMPOTS DE DOUALA 1,R,TRANSPORTS ROUTIERS DE MARCHANDISES OU DE VOYAGEURS,1.0
-1.0,-4650.0,3.0,39.0,0.0,0.0,0.0,1,CENTRE DES IMPOTS DES MOYENNES ENTREPRISES DOUALA AKWA 2,V,COMMERCE GENERAL,1.0
-1.0,46640.0,1.0,17.0,0.0,0.0,0.0,1,CENTRE DIV IMPOTS DE DOUALA 1,J,COMMERCE DE GROS ET DE DETAIL,1.0
-1.0,12408.0,3.0,24.0,0.0,0.0,0.0,1,CENTRE DIV IMPOTS DE DOUALA 2,V,REPARATION DE VEHICULES,1.0
-1.0,40039.0,3.0,19.0,0.0,0.0,0.0,1,CENTRE DIV IMPOTS DE DOUALA 1,J,COMMERCE DE GROS ET DE DETAIL,0.0
-1.0,-2.0,2.0,2.0,0.0,0.0,0.0,1,CENTRE DIV IMPOTS DE DOUALA 2,V,ACTIVITES FOURNIES PRINCIPALEMENT AUX ENTREPRISES,0.0
-1.0,182080.0,0.0,12.0,0.0,0.0,0.0,1,CENTRE DIV IMPOTS DE DOUALA 1,R,ACTIVITES FOURNIES PRINCIPALEMENT AUX ENTREPRISES,0.0
0.0,66394.0,3.0,43.0,0.0,0.0,0.0,1,CENTRE DIV IMPOTS DE DOUALA 1,J,TRANSITAIRE ET AUXILIAIRES DES TRANSPORTS,0.0
0.0,443339.0,2.0,183.0,0.0,0.0,0.0,1,CENTRE DIV IMPOTS DE DOUALA 2,J,TRANSITAIRE ET AUXILIAIRES DES TRANSPORTS,1.0
1.0,248472.0,1.0,18.0,0.0,0.0,0.0,1,CENTRE DIV IMPOTS DE DOUALA 1,J,TRANSITAIRES ET AGREES EN DOUANE,1.0
-1.0,764231.0,3.0,70.0,0.0,0.0,0.0,1,CENTRE DIV IMPOTS DE DOUALA 1,J,ACTIVITES FINANCIERES ET D'ASSURANCE,0.0
-1.0,7824151.0,3.0,189.0,0.0,0.0,0.0,1,CENTRE DIV IMPOTS DE DOUALA 16,V,BATIMENT ET TRAVAUX PUBLICS,1.0
-1.0,21987.0,3.0,9.0,0.0,0.0,0.0,1,CENTRE DIV IMPOTS DE DOUALA 2,V,ACTIVITES FOURNIES PRINCIPALEMENT AUX ENTREPRISES,0.0
-1.0,177943.0,3.0,231.0,0.0,0.0,0.0,1,CENTRE DES IMPOTS DES MOYENNES ENTREPRISES DOUALA BONANJO,V,COMMERCE DE GROS,0.0
-1.0,19838.0,3.0,87.0,0.0,0.0,0.0,9,CENTRE DIV IMPOTS DE DOUALA 1,V,nan,0.0
-1.0,9995941.0,3.0,30.0,0.0,0.0,0.0,1,CENTRE DIV IMPOTS DE DOUALA 4,J,"BATIMENTS ET TRAVAUX PUBLICS : ENTREPRISES GENERALES DE BATIMENT, ENTREPRISES DE PEINTURE, D?INSTALLATIONS SANITAIRES, D?INSTALLATIONS ELECTRIQUES, DE ZINGUERIE, DE PLOMBERIE, DE VITRERIE ; CONSTRUCTION ET ENTRETIEN DES ROUTES, VOIES FERREES, CANALISATION D?EAU (OUVRAGES D?ART EXCLUS)",1.0
-1.0,-3002.0,3.0,502.0,0.0,0.0,0.0,1,CIME CENTRE DIVISIONAIRE DES IMPÔTS DOUALA 1,V,COMMUNICATIONS,0.0
0.0,56683.0,3.0,144.0,0.0,0.0,0.0,1,CENTRE DIV IMPOTS DE DOUALA 3,V,SERV. FOURN. AUX ENTREPRISES,0.0
-1.0,304214.0,2.0,15.0,0.0,0.0,0.0,2,CENTRE DIV IMPOTS DE DOUALA 1,J,"AGRICULTURE ET ENTREPRISES AGRO-PASTORALES, HORTICULTURE, SYLVICULTURE",0.0
-1.0,554440.0,2.0,407.0,0.0,0.0,0.0,1,CENTRE DES IMPOTS DES MOYENNES ENTREPRISES DOUALA BONANJO,J,TRANSITAIRE ET AUXILIAIRES DES TRANSPORTS,1.0
-1.0,1287359.0,3.0,11.0,0.0,0.0,0.0,1,CENTRE DES IMPOTS DES MOYENNES ENTREPRISES DOUALA AKWA 1,V,"HOTELS, RESTAURANTS, CAFES, BARS ET DANCING",0.0
-1.0,643811.0,1.0,39.0,0.0,0.0,0.0,1,CENTRE DIV IMPOTS DE DOUALA 2,J,COMMERCE GENERAL,0.0
0.0,18645.0,3.0,14.0,0.0,0.0,0.0,1,CENTRE DIV IMPOTS DE DOUALA 2,V,ACTIVITES FOURNIES PRINCIPALEMENT AUX ENTREPRISES,0.0
-1.0,5772841.0,3.0,327.0,0.0,0.0,0.0,1,DIRECTION DES GRANDES ENTREPRISES,J,TRANSPORTS PAR CAMIONS,1.0
0.0,21264.0,2.0,56.0,0.0,0.0,0.0,1,CENTRE DIV IMPOTS DE DOUALA 1,J,FAB. PRODUITS ALIMENTAIRES NON CLASSEES,1.0
-1.0,11501.0,3.0,280.0,0.0,0.0,0.0,1,CENTRE DIV IMPOTS DE DOUALA 3,V,TRANSITAIRE ET AUXILIAIRES DES TRANSPORTS,1.0
-1.0,15720.0,3.0,178.0,0.0,0.0,0.0,1,CENTRE DIV IMPOTS DE DOUALA 1,V,ACTIVITES D'INFORMATION ET DE TELECOMMUNICATIONS,0.0
0.0,29949139.0,3.0,383.0,0.0,0.0,0.0,1,DIVISION DES GRANDES ENTREPRISES,V,ACTIVITES D'INFORMATION ET DE TELECOMMUNICATIONS,0.0
8.0,16807.0,3.0,178.0,0.0,0.0,0.0,1,CENTRE DIV IMPOTS DE DOUALA 1,V,PUBLICITE,0.0
0.0,349889.0,3.0,195.0,0.0,0.0,0.0,1,CENTRE DIV IMPOTS DE DOUALA 3,V,TRANSPORT ET ENTREPOSAGE,1.0
-1.0,-177388.0,0.0,14.0,0.0,0.0,0.0,2,CENTRE DES IMPOTS DES MOYENNES ENTREPRISES DOUALA AKWA 1,R,"AGRICULTURE ET ENTREPRISES AGRO-PASTORALES, HORTICULTURE, SYLVICULTURE",0.0
6.0,46985.0,3.0,71.0,0.0,0.0,0.0,1,CENTRE DIV IMPOTS DE DOUALA 1,V,COMMERCE DE DETAIL,0.0
70.0,70884.0,0.0,74.0,0.0,0.0,0.0,1,CENTRE DIV IMPOTS DE DOUALA 1,R,TRANSPORT N.C.A,1.0
-1.0,432245.0,2.0,31.0,0.0,0.0,0.0,1,CENTRE DIV IMPOTS DE DOUALA 1,J,ACTIVITES IMMOBILIERES,0.0
0.0,-2339.0,3.0,84.0,0.0,0.0,0.0,1,CENTRE DIV IMPOTS DE DOUALA 11,V,BATIMENT ET TRAVAUX PUBLICS,1.0
0.0,0.0,3.0,9.0,0.0,0.0,0.0,1,CENTRE DIV IMPOTS DE DOUALA 2,V,COMMERCE DE GROS ET DE DETAIL,1.0
-1.0,2752632.0,3.0,94.0,0.0,0.0,0.0,1,CENTRE DIV IMPOTS DE DOUALA 1,V,ACTIVITES FOURNIES PRINCIPALEMENT AUX ENTREPRISES,0.0
3.0,466147.0,1.0,182.0,0.0,0.0,0.0,1,CENTRE DIV IMPOTS DE DOUALA 2,J,COMMERCE DE GROS ET DE DETAIL,0.0
0.0,-1607.0,3.0,91.0,0.0,0.0,0.0,1,CENTRE PRINCIPAL DES IMPOTS DU LITTORAL 1,V,COMMERCE GENERAL,0.0
-1.0,44859.0,3.0,138.0,0.0,0.0,0.0,1,CENTRE DIV IMPOTS DE DOUALA 2,V,EXTRACTION D'AUTRES MINERAUX,1.0
-1.0,94597.0,2.0,39.0,0.0,0.0,0.0,1,CENTRE DIV IMPOTS DE DOUALA 1,J,"IMPORTATEUR COMMERCE GENERAL,PRODUITS INDETERMINES",0.0
1.0,3092252.0,1.0,207.0,0.0,0.0,0.0,1,DIVISION DES GRANDES ENTREPRISES,J,SYLVICULTURE ET EXPLOITATION FORESTIERE,1.0
-1.0,372530.0,2.0,193.0,0.0,0.0,0.0,1,CENTRE DIV IMPOTS DE DOUALA 2,J,ATELIER QUINCAILLERIE EN FER,1.0
0.0,628627.0,3.0,219.0,0.0,0.0,0.0,1,CIME CENTRE DIVISIONAIRE DES IMPÔTS DOUALA 1,V,TRANSPORT ET ENTREPOSAGE,1.0
-1.0,985332.0,3.0,195.0,0.0,0.0,0.0,1,CIME CENTRE DIVISIONAIRE DES IMPÔTS DOUALA 1,J,"COM. GROS d,RESTAURATION h",1.0
-1.0,-405452.0,3.0,219.0,0.0,0.0,0.0,1,CENTRE DIV IMPOTS DE DOUALA 1,V,"PROFESSIONS LIBERALES, CABINETS COMPTABLES ET FISCAUX, CONSEILS JURIDIQUES, OFFICIERS MINISTERIELS",0.0
0.0,30870.0,0.0,193.0,0.0,0.0,0.0,1,CENTRE DIV IMPOTS DE DOUALA 10,R,"GENIE CIVIL CONSTRUCTION ROUTE, PONTS",1.0
-1.0,194321.0,3.0,28.0,0.0,0.0,0.0,1,CENTRE DIV IMPOTS DE DOUALA 1,V,ACTIVITES FOURNIES PRINCIPALEMENT AUX ENTREPRISES,0.0
0.0,12861.0,2.0,106.0,0.0,0.0,0.0,1,CENTRE DIV IMPOTS DE DOUALA 1,J,SERV. FOURN. AUX ENTREPRISES,0.0
-1.0,174030.0,3.0,54.0,0.0,0.0,0.0,1,CIME CENTRE DIVISIONAIRE DES IMPÔTS DOUALA 1,V,TRANSITAIRE ET AUXILIAIRES DES TRANSPORTS,1.0
-1.0,44475.0,1.0,11.0,0.0,0.0,0.0,1,CENTRE PRINCIPAL DES IMPOTS DU CENTRE 1,J,ACTIVITES FOURNIES PRINCIPALEMENT AUX ENTREPRISES,0.0
0.0,41168.0,3.0,18.0,0.0,0.0,0.0,1,CENTRE DIV IMPOTS DE DOUALA 1,V,TRANSPORTS ROUTIERS DE MARCHANDISES OU DE VOYAGEURS,1.0
1.0,-7134444.0,2.0,130.0,0.0,0.0,0.0,1,CENTRE DIV IMPOTS DE DOUALA 2,J,ENTREPRISES DE GARDIENNAGE ET DE SURVEILLANCE ;,1.0
-1.0,20202.0,3.0,31.0,0.0,0.0,0.0,1,CENTRE DES IMPOTS DES MOYENNES ENTREPRISES DOUALA AKWA 1,V,COMMERCE DE GROS ET DE DETAIL,0.0
-1.0,1310688.0,2.0,135.0,0.0,0.0,0.0,1,CIME CENTRE DIVISIONAIRE DES IMPÔTS DOUALA 2,J,INDUSTRIES MANUFACTURIERES NON CLASSEES,1.0
-1.0,155093.0,3.0,139.0,0.0,0.0,0.0,1,CENTRE DIV IMPOTS DE DOUALA 3,V,TRANSITAIRE ET AUXILIAIRES DES TRANSPORTS,1.0
0.0,460282.0,3.0,136.0,0.0,0.0,0.0,1,CENTRE DIV IMPOTS DE DOUALA 10,J,TRANSITAIRE ET AUXILIAIRES DES TRANSPORTS,1.0
13.0,27045.0,1.0,95.0,0.0,0.0,0.0,1,CENTRE DIVI DES IMPOTS DE DOUALA 5,J,SERV. FOURN. AUX ENTREPRISES,0.0
0.0,16323300.0,1.0,350.0,0.0,0.0,0.0,1,CENTRE DIV IMPOTS DE DOUALA 2,J,COMMERCE GENERAL,1.0
2.0,3119125.0,0.0,86.0,0.0,0.0,0.0,1,CENTRE DIV IMPOTS DE DOUALA 1,R,"HOTELS, HOTELS MEUBLES e ANALOGUES",0.0
-1.0,525994.0,2.0,32.0,0.0,0.0,0.0,1,CENTRE DIV IMPOTS DE DOUALA 1,J,SERV. FOURN. AUX ENTREPRISES,1.0
-1.0,-806.0,3.0,233.0,0.0,0.0,0.0,1,CIME YDE OUEST,V,AUXILIAIRES DES TRANSP. PAR VOIE TERREST,1.0
-1.0,-1986.0,3.0,87.0,0.0,0.0,0.0,1,CIME CENTRE DIVISIONAIRE DES IMPÔTS DOUALA 1,V,COMMERCE GENERAL,0.0
27.0,4850388.0,0.0,258.0,0.0,0.0,0.0,1,CIME CENTRE DIVISIONAIRE DES IMPÔTS DOUALA 1,R,SERV. FOURN. AUX PARTICULIERS m,1.0
0.0,81963.0,2.0,85.0,0.0,0.0,0.0,1,CENTRE DIV IMPOTS DE DOUALA 1,J,"COMPTABILITE, VERIF. COMPTES t LIV",0.0
-1.0,217063.0,3.0,103.0,0.0,0.0,0.0,1,CENTRE DIV IMPOTS DE DOUALA 1,J,COMMERCE DE GROS ET DE DETAIL,1.0
-1.0,0.0,3.0,11.0,0.0,0.0,0.0,1,CENTRE DIV IMPOTS DE DOUALA 1,V,ACTIVITES FOURNIES PRINCIPALEMENT AUX ENTREPRISES,0.0
-1.0,11901567.0,3.0,138.0,0.0,0.0,0.0,1,DIRECTION DES GRANDES ENTREPRISES,J,COMMERCE GENERAL,1.0
-1.0,174554.0,3.0,116.0,0.0,0.0,0.0,1,CSPLI CENTRE DIVISIONAIRE DES IMPÔTS DOUALA 1,J,"PROFESSIONS LIBERALES, CABINETS COMPTABLES ET FISCAUX, CONSEILS JURIDIQUES, OFFICIERS MINISTERIELS",0.0
0.0,52640.0,0.0,8.0,0.0,0.0,0.0,1,CENTRE DIV IMPOTS DE DOUALA 1,R,ACTIVITES FOURNIES PRINCIPALEMENT AUX ENTREPRISES,0.0
-1.0,-1898.0,2.0,40.0,0.0,0.0,0.0,1,CENTRE DIV IMPOTS DE DOUALA 1,J,ACTIVITES FOURNIES PRINCIPALEMENT AUX ENTREPRISES,1.0
0.0,-6623804.0,3.0,211.0,0.0,0.0,0.0,1,DGE CENTRE DIVISIONAIRE DES IMPÔTS DOUALA 5,V,SERVICES PERSONNELS NON CLASSES AILLEURS,1.0
0.0,77015.0,3.0,35.0,0.0,0.0,0.0,1,CENTRE DIV IMPOTS DE DOUALA 1,V,SERV. FOURN. AUX ENTREPRISES,1.0
-1.0,1.0,3.0,39.0,0.0,0.0,0.0,1,CENTRE DIV IMPOTS DE DOUALA 1,V,COMMERCE GENERAL,1.0
0.0,-168.0,3.0,15.0,0.0,0.0,0.0,1,CENTRE DIV IMPOTS DE DOUALA 1,V,COMMERCE DE GROS ET DE DETAIL,1.0
-1.0,7412663.0,3.0,228.0,0.0,0.0,0.0,1,DIRECTION DES GRANDES ENTREPRISES,V,PRODUCTION ET DISTRIBUTION D'ELECTRICITE DE GAZ ET D'AIR CONDITIONNE,1.0
1.0,268375.0,0.0,25.0,0.0,0.0,0.0,1,CENTRE DIV IMPOTS DE DOUALA 1,R,ACTIVITES FOURNIES PRINCIPALEMENT AUX ENTREPRISES,1.0
-1.0,1017896.0,3.0,260.0,0.0,0.0,0.0,1,CENTRE DIV IMPOTS DE DOUALA 3,J,DETAILLANT COMMERCE GENERAL,0.0
0.0,-288.0,3.0,27.0,0.0,0.0,0.0,1,CENTRE DIV IMPOTS DE DOUALA 1,V,ACTIVITES IMMOBILIERES,0.0
-1.0,9579.0,3.0,14.0,0.0,0.0,0.0,1,CENTRE DIV IMPOTS DE DOUALA 1,J,ACTIVITES FOURNIES PRINCIPALEMENT AUX ENTREPRISES,0.0
0.0,1085287.0,3.0,267.0,0.0,0.0,0.0,1,CSPLI CENTRE DIVISIONAIRE DES IMPÔTS DOUALA 3,V,ACTIVITES IMMOBILIERES,0.0
-1.0,10270.0,2.0,2.0,0.0,0.0,0.0,1,CENTRE DIV IMPOTS DE DOUALA 1,V,ACTIVITES FOURNIES PRINCIPALEMENT AUX ENTREPRISES,0.0
1.0,86779.0,0.0,3.0,0.0,0.0,0.0,1,CENTRE DIV IMPOTS DE DOUALA 1,R,ACTIVITES IMMOBILIERES,0.0
0.0,57488.0,2.0,104.0,0.0,0.0,0.0,1,CSPLI CENTRE DIVISIONAIRE DES IMPÔTS DOUALA 3,J,LOCATION MATERIEL ET IMMEUBLE COMMERCIAL,0.0
-1.0,5962646.0,2.0,116.0,0.0,0.0,0.0,1,CENTRE DIV IMPOTS DE DOUALA 2,J,ACTIVITES FOURNIES PRINCIPALEMENT AUX ENTREPRISES,1.0
-1.0,-19617715.0,3.0,206.0,0.0,0.0,0.0,1,DIRECTION DES GRANDES ENTREPRISES,V,INDUSTRIE BOIS f OUVRAGES EN BOIS,1.0
1.0,-50146.0,2.0,168.0,0.0,0.0,0.0,1,CENTRE DIV IMPOTS DE DOUALA 10,J,"HOTELS, HOTELS MEUBLES e ANALOGUES",0.0
-1.0,960773.0,1.0,102.0,0.0,0.0,0.0,1,CENTRE DIV IMPOTS DE DOUALA 1,J,ASSURANCES,0.0
-1.0,241043.0,0.0,17.0,0.0,0.0,0.0,1,CENTRE DIV IMPOTS DE DOUALA 1,R,ACTIVITES FOURNIES PRINCIPALEMENT AUX ENTREPRISES,0.0
16.0,500505.0,0.0,195.0,0.0,0.0,0.0,1,CENTRE DIV IMPOTS DE DOUALA 3,R,AGENCES IMMOBILIAIRES,0.0
-1.0,30440.0,3.0,5.0,0.0,0.0,0.0,1,CENTRE DIV IMPOTS DE DOUALA 1,V,ACTIVITES FINANCIERES ET D'ASSURANCE,0.0
-1.0,144798.0,3.0,273.0,0.0,0.0,0.0,1,CENTRE DIV DES IMPOTS DE YAOUNDE 8,V,SERVICES FINANCIERS,0.0
-1.0,833660.0,2.0,255.0,0.0,0.0,0.0,1,CENTRE DIV IMPOTS DE DOUALA 2,J,"COM. GROS d,RESTAURATION h",0.0
-1.0,8045.0,3.0,39.0,0.0,0.0,0.0,1,CENTRE DIV IMPOTS DE DOUALA 4,V,COMMERCE GENERAL,0.0
2.0,1593706.0,3.0,303.0,0.0,0.0,0.0,1,CIME CENTRE DIVISIONAIRE DES IMPÔTS DOUALA 1,V,ACTIVITES IMMOBILIERES,0.0
-1.0,-628.0,3.0,216.0,0.0,0.0,0.0,1,CENTRE DIV IMPOTS DE DOUALA 3,V,SERVICES ADMINISTRATIFS INCLASSABLES,0.0
0.0,294678.0,2.0,41.0,0.0,0.0,0.0,1,CENTRE DIV IMPOTS DE DOUALA 1,J,COMMERCE GENERAL,0.0
-1.0,365015.0,3.0,111.0,0.0,0.0,0.0,1,CIME CENTRE DIVISIONAIRE DES IMPÔTS DOUALA 1,J,BATIMENT ET TRAVAUX PUBLICS,1.0
-1.0,-135.0,3.0,92.0,0.0,0.0,0.0,1,DIRECTION DES GRANDES ENTREPRISES,V,COMMERCE DE GROS ET DE DETAIL,0.0
-1.0,263092.0,1.0,33.0,0.0,0.0,0.0,1,CENTRE DIV IMPOTS DE DOUALA 1,J,COMMERCE DE GROS ET DE DETAIL,0.0
0.0,1020926.0,3.0,228.0,0.0,0.0,0.0,1,CENTRE DIV IMPOTS DE DOUALA 1,V,SERV. FOURN. AUX ENTREPRISES,1.0
0.0,13371.0,3.0,9.0,0.0,0.0,0.0,1,CENTRE DIV IMPOTS DE DOUALA 1,J,ACTIVITES FOURNIES PRINCIPALEMENT AUX ENTREPRISES,0.0
-1.0,70219.0,2.0,202.0,0.0,0.0,0.0,1,DIVISION DES GRANDES ENTREPRISES,J,"ENTREPRISES FORESTIERES, SCIERIES",1.0
-1.0,21020.0,3.0,106.0,0.0,0.0,0.0,1,CENTRE DIV IMPOTS DE DOUALA 1,J,SERV. FOURN. AUX ENTREPRISES,1.0
-1.0,132364.0,0.0,17.0,0.0,0.0,0.0,1,CENTRE DIV IMPOTS DE DOUALA 2,R,"AUTRES ACTIVITES FOURNIES A LA COLLECTIVITE, ACTIVITES SOCIALES ET PERSONNELLES",0.0
-1.0,1963558.0,3.0,174.0,0.0,0.0,0.0,1,CENTRE DES IMPOTS DES MOYENNES ENTREPRISES DOUALA BONANJO,V,TRANSPORTS MARITIME LONG COURS,1.0
5.0,247481.0,0.0,69.0,0.0,0.0,0.0,1,CENTRE PRINCIPAL DES IMPOTS DU LITTORAL 1,R,SERV. FOURN. AUX ENTREPRISES,1.0
-1.0,75147.0,3.0,22.0,0.0,0.0,0.0,2,CENTRE DIV IMPOTS DE DOUALA 3,V,"AGRICULTURE ET ENTREPRISES AGRO-PASTORALES, HORTICULTURE, SYLVICULTURE",0.0
-1.0,38423.0,1.0,11.0,0.0,0.0,0.0,1,CENTRE DIV IMPOTS DE DOUALA 1,J,ACTIVITES FOURNIES PRINCIPALEMENT AUX ENTREPRISES,0.0
0.0,153120.0,0.0,13.0,0.0,0.0,0.0,2,CENTRE DIV IMPOTS DE DOUALA 1,R,"AGRICULTURE ET ENTREPRISES AGRO-PASTORALES, HORTICULTURE, SYLVICULTURE",0.0
1.0,30157.0,1.0,39.0,0.0,0.0,0.0,1,CENTRE DIV IMPOTS DE DOUALA 2,J,SERV. FOURN. AUX ENTREPRISES,1.0
-1.0,0.0,3.0,14.0,0.0,0.0,0.0,1,CENTRE DIV IMPOTS DE DOUALA 1,J,ACTIVITES FOURNIES PRINCIPALEMENT AUX ENTREPRISES,0.0
-1.0,-24.0,3.0,13.0,0.0,0.0,0.0,1,CENTRE DIV IMPOTS DE DOUALA 1,V,ACTIVITES FOURNIES PRINCIPALEMENT AUX ENTREPRISES,0.0
-1.0,1111400.0,3.0,147.0,0.0,0.0,0.0,1,CENTRE DIV IMPOTS DE DOUALA 6,V,"AUTRES ACTIVITES FOURNIES A LA COLLECTIVITE, ACTIVITES SOCIALES ET PERSONNELLES",1.0
1.0,78760.0,0.0,9.0,0.0,0.0,0.0,1,CENTRE DIV IMPOTS DE DOUALA 1,R,ACTIVITES FOURNIES PRINCIPALEMENT AUX ENTREPRISES,0.0
1.0,-2715.0,2.0,10.0,0.0,0.0,0.0,1,CENTRE DIV IMPOTS DE DOUALA 2,J,ACTIVITES FOURNIES PRINCIPALEMENT AUX ENTREPRISES,0.0
0.0,144765.0,1.0,12.0,0.0,0.0,0.0,1,CENTRE DIV IMPOTS DE DOUALA 1,J,ACTIVITES FOURNIES PRINCIPALEMENT AUX ENTREPRISES,0.0
-1.0,-1513142.0,3.0,271.0,0.0,0.0,0.0,1,DIRECTION DES GRANDES ENTREPRISES,V,"INSTALLATION RESEAUX ELECTRIQUE, TELEPHONIQUE,",1.0
0.0,204893.0,3.0,75.0,0.0,0.0,0.0,1,CSI WOURI 1,J,CONSEILS JURIDIQUES,0.0
-1.0,58446.0,2.0,43.0,0.0,0.0,0.0,1,CENTRE DIV IMPOTS DE DOUALA 10,J,BATIMENT ET TRAVAUX PUBLICS,1.0
-1.0,647054.0,3.0,33.0,0.0,0.0,0.0,1,CENTRE DIV IMPOTS DE DOUALA 1,V,ACTIVITES FOURNIES PRINCIPALEMENT AUX ENTREPRISES,1.0
-1.0,1768882.0,3.0,246.0,0.0,0.0,0.0,1,DIRECTION DES GRANDES ENTREPRISES,V,"IMPORTATEUR COMMERCE GENERAL,PRODUITS INDETERMINES",0.0
-1.0,11297.0,3.0,3.0,0.0,0.0,0.0,1,CENTRE DIV IMPOTS DE DOUALA 1,V,ACTIVITES FOURNIES PRINCIPALEMENT AUX ENTREPRISES,0.0
-1.0,251792.0,0.0,39.0,0.0,0.0,0.0,1,CENTRE DES IMPOTS DES MOYENNES ENTREPRISES DOUALA BONANJO,R,SERV. FOURN. AUX ENTREPRISES,1.0
0.0,-54.0,3.0,123.0,0.0,0.0,0.0,1,CSPLI CENTRE DIVISIONAIRE DES IMPÔTS DOUALA 1,J,ACTIVITES FOURNIES PRINCIPALEMENT AUX ENTREPRISES,0.0
-1.0,-117485.0,2.0,135.0,0.0,0.0,0.0,1,CIME CENTRE DIVISIONAIRE DES IMPÔTS DOUALA 1,J,TRANSITAIRE ET AUXILIAIRES DES TRANSPORTS,1.0
0.0,1203098.0,3.0,109.0,0.0,0.0,0.0,1,CENTRE DIV IMPOTS DE DOUALA 1,V,"AUTRES ACTIVITES FOURNIES A LA COLLECTIVITE, ACTIVITES SOCIALES ET PERSONNELLES",0.0
-1.0,22281.0,2.0,123.0,0.0,0.0,0.0,1,CENTRE DIV IMPOTS DE DOUALA 1,J,SERV. FOURN. AUX PARTICULIERS m,0.0
0.0,-2192.0,2.0,18.0,0.0,0.0,0.0,1,CENTRE DIV IMPOTS DE DOUALA 1,J,ACTIVITES FOURNIES PRINCIPALEMENT AUX ENTREPRISES,0.0
0.0,30870.0,0.0,17.0,0.0,0.0,0.0,1,CENTRE DIV IMPOTS DE DOUALA 1,R,ACTIVITES FOURNIES PRINCIPALEMENT AUX ENTREPRISES,0.0
3.0,45604.0,0.0,19.0,0.0,0.0,0.0,1,CENTRE DIV IMPOTS DE DOUALA 1,R,ACTIVITES FOURNIES PRINCIPALEMENT AUX ENTREPRISES,0.0
5.0,627028.0,0.0,112.0,0.0,0.0,0.0,1,CENTRE DIV IMPOTS DE DOUALA 3,R,ASSURANCES,0.0
3.0,88072.0,0.0,30.0,0.0,0.0,0.0,1,CENTRE DIV IMPOTS DE DOUALA 1,R,"AUTRES ACTIVITES FOURNIES A LA COLLECTIVITE, ACTIVITES SOCIALES ET PERSONNELLES",1.0
0.0,288301.0,2.0,247.0,0.0,0.0,0.0,1,CIME CENTRE DIVISIONAIRE DES IMPÔTS DOUALA 1,J,"COM. GROS d,RESTAURATION h",0.0
-1.0,273057.0,3.0,121.0,0.0,0.0,0.0,1,CSPLI CENTRE DIVISIONAIRE DES IMPÔTS DOUALA 1,V,SERV. FOURN. AUX ENTREPRISES,0.0
-1.0,8245.0,3.0,111.0,0.0,0.0,0.0,1,CENTRE DES IMPOTS DES PROFESSIONS LIBERALES DOUALA,J,MEUBLES METALIQUES,0.0
0.0,303135.0,1.0,195.0,0.0,0.0,0.0,1,CENTRE DIV IMPOTS DE DOUALA 2,J,COMMERCE GENERAL,0.0
0.0,39167.0,3.0,32.0,0.0,0.0,0.0,1,CENTRE DIV IMPOTS DE DOUALA 1,J,COMMERCE GENERAL,0.0
-1.0,46091.0,2.0,107.0,0.0,0.0,0.0,1,CENTRE DIV IMPOTS DE DOUALA 10,J,BATIMENT ET TRAVAUX PUBLICS,1.0
0.0,3060153.0,0.0,27.0,0.0,0.0,0.0,1,CENTRE DIV IMPOTS DE DOUALA 1,R,ACTIVITES D'INFORMATION ET DE TELECOMMUNICATIONS,0.0
-1.0,1435978.0,1.0,94.0,0.0,0.0,0.0,1,CENTRE DIV IMPOTS DE DOUALA 1,J,ACTIVITES FOURNIES PRINCIPALEMENT AUX ENTREPRISES,0.0
2.0,-204.0,1.0,4.0,0.0,0.0,0.0,1,CENTRE DIV IMPOTS DE DOUALA 1,J,ACTIVITES FOURNIES PRINCIPALEMENT AUX ENTREPRISES,0.0
1.0,-20802.0,2.0,99.0,0.0,0.0,0.0,1,CENTRE PRINCIPAL DES IMPOTS DU LITTORAL 1,J,COMMERCE GENERAL,1.0
-1.0,21416.0,2.0,17.0,0.0,0.0,0.0,1,CENTRE DIV IMPOTS DE DOUALA 1,J,ACTIVITES FOURNIES PRINCIPALEMENT AUX ENTREPRISES,0.0
0.0,445800.0,2.0,206.0,0.0,0.0,0.0,1,CENTRE DIV IMPOTS DE DOUALA 3,J,EXPORT-IMPORT PRODUITS INDETERMINES,1.0
0.0,11111679.0,0.0,114.0,0.0,0.0,0.0,1,CENTRE DIV IMPOTS DE DOUALA 6,R,COMMUNICATIONS,0.0
-1.0,86082.0,3.0,157.0,0.0,0.0,0.0,1,CENTRE DIV IMPOTS DE DOUALA 3,V,"IMPORTATEUR COMMERCE GENERAL,PRODUITS INDETERMINES",0.0
-1.0,239621.0,3.0,119.0,0.0,0.0,0.0,1,CENTRE DIV IMPOTS DE DOUALA 1,V,FABRICATION APPARIEL ELECTRIQUE N.C.A,1.0
-1.0,103167.0,3.0,59.0,0.0,0.0,0.0,1,CENTRE PRINCIPAL DES IMPOTS DU LITTORAL 1,V,COMMERCE GENERAL,0.0
0.0,-676.0,3.0,25.0,0.0,0.0,0.0,1,CENTRE DIV IMPOTS DE DOUALA 1,V,ACTIVITES FOURNIES PRINCIPALEMENT AUX ENTREPRISES,0.0
0.0,-2000819.0,3.0,225.0,0.0,0.0,0.0,1,DIRECTION DES GRANDES ENTREPRISES,V,TRANSPORTS MARITIME LONG COURS,1.0
-1.0,-1283.0,3.0,147.0,0.0,0.0,0.0,1,CIME CENTRE DIVISIONAIRE DES IMPÔTS DOUALA 1,V,COMMERCE DE GROS ET DE DETAIL,0.0
-1.0,-965.0,3.0,314.0,0.0,0.0,0.0,1,DIRECTION DES GRANDES ENTREPRISES,V,"ENTREPRISES ET AGENCES DE PRESSE, STUDIOS PHOTOGRAPHIQUES",0.0
-1.0,360175.0,3.0,210.0,0.0,0.0,0.0,1,CIME CENTRE DIVISIONAIRE DES IMPÔTS DOUALA 1,V,"SALONS DE COIFFURE, INSTITUTS DE BEAUTE, ETABLISSEMENTS DE MASSAGE",0.0
-1.0,16838.0,3.0,37.0,0.0,0.0,0.0,1,CENTRE DIV IMPOTS DE DOUALA 1,J,COMMERCE DE GROS ET DE DETAIL,0.0
-1.0,1058299.0,3.0,120.0,0.0,0.0,0.0,1,CENTRE DIV IMPOTS DE DOUALA 10,V,SERV. FOURN. AUX ENTREPRISES,0.0
7.0,2347582.0,0.0,266.0,0.0,0.0,0.0,1,CSPLI CENTRE DIVISIONAIRE DES IMPÔTS DOUALA 3,R,TRANSPORT ET ENTREPOSAGE,1.0
-1.0,42168.0,3.0,167.0,0.0,0.0,0.0,1,CIME CENTRE DIVISIONAIRE DES IMPÔTS DOUALA 2,V,TRANSPORTS PAR CAMIONS,1.0
-1.0,2049706.0,3.0,104.0,0.0,0.0,0.0,1,DIRECTION DES GRANDES ENTREPRISES,J,"IMPORTATEUR COMMERCE GENERAL,PRODUITS INDETERMINES",0.0
0.0,320346421.0,3.0,219.0,0.0,0.0,0.0,1,CENTRE DES IMPOTS DES MOYENNES ENTREPRISES DOUALA BONANJO,J,SERV. FOURN. AUX ENTREPRISES,1.0
-1.0,43274.0,2.0,8.0,0.0,0.0,0.0,1,CENTRE DIV IMPOTS DE DOUALA 1,J,ACTIVITES FOURNIES PRINCIPALEMENT AUX ENTREPRISES,0.0
0.0,492787.0,1.0,50.0,0.0,0.0,0.0,1,CSI WOURI 1,J,"MEDECINS, PHARMACIENS, DENTISTES",0.0
-1.0,703040.0,0.0,13.0,0.0,0.0,0.0,1,CENTRE DIV IMPOTS DE DOUALA 1,R,ACTIVITES FOURNIES PRINCIPALEMENT AUX ENTREPRISES,0.0
0.0,-2851.0,3.0,58.0,0.0,0.0,0.0,1,CENTRE DIV IMPOTS DE DOUALA 1,J,"IMPRIMERIE, EDITION i ANNEXES",0.0
-1.0,145888.0,3.0,26.0,0.0,0.0,0.0,1,CENTRE DIV IMPOTS DE DOUALA 1,J,ACTIVITES FOURNIES PRINCIPALEMENT AUX ENTREPRISES,0.0
0.0,1088.0,3.0,39.0,0.0,0.0,0.0,1,CENTRE DIV IMPOTS DE DOUALA 1,V,"AUTRES ACTIVITES FOURNIES A LA COLLECTIVITE, ACTIVITES SOCIALES ET PERSONNELLES",0.0
-1.0,148668.0,1.0,117.0,0.0,0.0,0.0,1,CENTRE DIV IMPOTS DE DOUALA 3,J,SERV. FOURN. AUX ENTREPRISES,0.0
5.0,31840.0,3.0,28.0,0.0,0.0,0.0,1,CENTRE DIV IMPOTS DE DOUALA 1,V,COMMERCE DE GROS ET DE DETAIL,0.0
0.0,834.0,3.0,212.0,0.0,0.0,0.0,1,CENTRE DIV IMPOTS DE DOUALA 1,J,"COM. GROS d,RESTAURATION h",0.0
0.0,-7356.0,2.0,121.0,0.0,0.0,0.0,1,CSPLI CENTRE DIVISIONAIRE DES IMPÔTS DOUALA 1,J,CONSEILS JURIDIQUES,0.0
-1.0,6595.0,3.0,12.0,0.0,0.0,0.0,1,CENTRE DIV IMPOTS DE DOUALA 1,V,ACTIVITES FOURNIES PRINCIPALEMENT AUX ENTREPRISES,0.0
-1.0,34175.0,1.0,11.0,0.0,0.0,0.0,1,CENTRE DIV IMPOTS DE DOUALA 1,J,ACTIVITES FOURNIES PRINCIPALEMENT AUX ENTREPRISES,0.0
0.0,-748366.0,3.0,193.0,0.0,0.0,0.0,1,CIME CENTRE DIVISIONAIRE DES IMPÔTS DOUALA 1,V,EXPORTATEUR PRODUITS INDETERMINES,1.0
83.0,11601.0,3.0,93.0,0.0,0.0,0.0,1,CSPLI CENTRE DIVISIONAIRE DES IMPÔTS DOUALA 1,V,SERV. FOURN. AUX ENTREPRISES,0.0
-1.0,-3459.0,3.0,43.0,0.0,0.0,0.0,1,CENTRE DIV IMPOTS DE DOUALA 1,V,AGENCES IMMOBILIERES,0.0
0.0,-2921.0,3.0,282.0,0.0,0.0,0.0,1,CIME CENTRE DIVISIONAIRE DES IMPÔTS DOUALA 1,V,REPARATION D'APPAREILS ELECTRIQUES,1.0
-1.0,358923.0,2.0,127.0,0.0,0.0,0.0,1,CENTRE DIV IMPOTS DE DOUALA 2,J,PRODUCTION ET DISTRIBUTION D'ELECTRICITE DE GAZ ET D'AIR CONDITIONNE,0.0
0.0,58678.0,3.0,111.0,0.0,0.0,0.0,1,CENTRE DIV IMPOTS DE DOUALA 1,V,RESTAURANTS ET DEBITS DE BOISSONS,0.0
0.0,58370959.0,0.0,258.0,0.0,0.0,0.0,1,CIME CENTRE DIVISIONAIRE DES IMPÔTS DOUALA 1,R,COMMERCE DE GROS ET DE DETAIL,0.0
1.0,33947.0,0.0,13.0,0.0,0.0,0.0,1,CENTRE DIV IMPOTS DE DOUALA 1,R,ACTIVITES FOURNIES PRINCIPALEMENT AUX ENTREPRISES,0.0
-1.0,172678.0,3.0,88.0,0.0,0.0,0.0,1,CENTRE DIV IMPOTS DE DOUALA 1,V,COMMERCE GENERAL,0.0
-1.0,-3.0,3.0,122.0,0.0,0.0,0.0,1,CSPLI CENTRE DIVISIONAIRE DES IMPÔTS DOUALA 2,J,"PROFESSIONS LIBERALES, CABINETS COMPTABLES ET FISCAUX, CONSEILS JURIDIQUES, OFFICIERS MINISTERIELS",0.0
-1.0,504189.0,0.0,36.0,0.0,0.0,0.0,1,CENTRE DIV IMPOTS DE DOUALA 4,R,SERV. FOURN. AUX ENTREPRISES,0.0
-1.0,8040200.0,3.0,139.0,0.0,0.0,0.0,1,CENTRE DIV IMPOTS DE DOUALA 1,J,SERV. FOURN. AUX ENTREPRISES,1.0
-1.0,125371.0,3.0,16.0,0.0,0.0,0.0,3,CENTRE DIV IMPOTS DE DOUALA 1,J,ENSEIGNEMENT,0.0
-1.0,22433.0,3.0,27.0,0.0,0.0,0.0,1,CENTRE DIV IMPOTS DE DOUALA 2,J,COMMERCE DE GROS ET DE DETAIL,1.0
-1.0,-55089.0,3.0,104.0,0.0,0.0,0.0,1,CENTRE DIVI DES IMPOTS DE DOUALA 5,V,TRANSPORTS ROUTIERS DE MARCHANDISES OU DE VOYAGEURS,1.0
-1.0,-282257.0,3.0,218.0,0.0,0.0,0.0,1,CENTRE DIV IMPOTS DE DOUALA 3,V,ACTIVITES FOURNIES PRINCIPALEMENT AUX ENTREPRISES,1.0
6.0,96196.0,3.0,207.0,0.0,0.0,0.0,1,CIME CENTRE DIVISIONAIRE DES IMPÔTS DOUALA 1,V,COMMERCE DE GROS,0.0
-1.0,1351120.0,0.0,11.0,0.0,0.0,0.0,1,CENTRE DIV IMPOTS DE DOUALA 1,R,ACTIVITES FOURNIES PRINCIPALEMENT AUX ENTREPRISES,0.0
-1.0,50971.0,0.0,16.0,0.0,0.0,0.0,1,CENTRE DIV IMPOTS DE DOUALA 2,R,ACTIVITES FOURNIES PRINCIPALEMENT AUX ENTREPRISES,0.0
0.0,35895.0,3.0,15.0,0.0,0.0,0.0,1,CENTRE DIV IMPOTS DE DOUALA 1,J,ACTIVITES FOURNIES PRINCIPALEMENT AUX ENTREPRISES,0.0
-1.0,-1427.0,3.0,123.0,0.0,0.0,0.0,1,CENTRE DIV IMPOTS DE DOUALA 3,V,SERV. FOURN. AUX ENTREPRISES,0.0
0.0,-4025.0,3.0,173.0,0.0,0.0,0.0,1,CENTRE DIV IMPOTS DE DOUALA 10,V,BATIMENT ET TRAVAUX PUBLICS,1.0
-1.0,10228.0,3.0,28.0,0.0,0.0,0.0,1,CENTRE DIV IMPOTS DE DOUALA 1,V,COMMERCE DE GROS ET DE DETAIL,1.0
-1.0,-722142.0,3.0,252.0,0.0,0.0,0.0,1,CSPLI CENTRE DIVISIONAIRE DES IMPÔTS DOUALA 1,V,CONSEIL JURIDIQUE,0.0
3.0,-1833.0,2.0,9.0,0.0,0.0,0.0,1,CENTRE DIV IMPOTS DE DOUALA 1,J,ACTIVITES FOURNIES PRINCIPALEMENT AUX ENTREPRISES,0.0
-1.0,580122.0,3.0,266.0,0.0,0.0,0.0,1,CIME CENTRE DIVISIONAIRE DES IMPÔTS DOUALA 1,V,BATIMENT ET TRAVAUX PUBLICS,1.0
-1.0,15420.0,3.0,7.0,0.0,0.0,0.0,1,CENTRE DIV IMPOTS DE DOUALA 2,V,ACTIVITES FOURNIES PRINCIPALEMENT AUX ENTREPRISES,0.0
0.0,11635.0,3.0,7.0,0.0,0.0,0.0,1,CENTRE DIV IMPOTS DE DOUALA 1,V,"BATIMENTS ET TRAVAUX PUBLICS : ENTREPRISES GENERALES DE BATIMENT, ENTREPRISES DE PEINTURE, D?INSTALLATIONS SANITAIRES, D?INSTALLATIONS ELECTRIQUES, DE ZINGUERIE, DE PLOMBERIE, DE VITRERIE ; CONSTRUCTION ET ENTRETIEN DES ROUTES, VOIES FERREES, CANALISATION D?EAU (OUVRAGES D?ART EXCLUS)",1.0
1.0,21609.0,2.0,8.0,0.0,0.0,0.0,1,CENTRE DIV IMPOTS DE DOUALA 2,J,ACTIVITES FOURNIES PRINCIPALEMENT AUX ENTREPRISES,0.0
-1.0,286833.0,3.0,28.0,0.0,0.0,0.0,3,CENTRE DIV IMPOTS DE DOUALA 2,V,ACTIVITES EDUCATIVES,0.0
-1.0,104276.0,3.0,69.0,0.0,0.0,0.0,3,CENTRE DIV IMPOTS DE DOUALA 10,V,ENSEIGNEMENT,0.0
-1.0,117937.0,3.0,25.0,0.0,0.0,0.0,1,CENTRE DIV IMPOTS DE DOUALA 1,J,ACTIVITES FOURNIES PRINCIPALEMENT AUX ENTREPRISES,0.0
-1.0,479736.0,3.0,15.0,0.0,0.0,0.0,1,CENTRE DIV IMPOTS DE DOUALA 2,V,ACTIVITES FOURNIES PRINCIPALEMENT AUX ENTREPRISES,0.0
0.0,-31.0,2.0,20.0,0.0,0.0,0.0,1,CENTRE DIV IMPOTS DE DOUALA 2,J,ACTIVITES FINANCIERES ET D'ASSURANCE,0.0
-1.0,2904655.0,3.0,301.0,0.0,0.0,0.0,1,CENTRE DIV IMPOTS DE DOUALA 1,J,CONSEIL JURIDIQUE,0.0
-1.0,26952.0,3.0,44.0,0.0,0.0,0.0,1,CENTRE DIV IMPOTS DE DOUALA 1,V,CONSEILS JURIDIQUES,0.0
0.0,73299.0,2.0,7.0,0.0,0.0,0.0,1,CENTRE DIV IMPOTS DE DOUALA 1,J,COMMERCE DE GROS ET DE DETAIL,1.0
-1.0,3353453.0,3.0,10.0,0.0,0.0,0.0,1,CENTRE DIV IMPOTS DE DOUALA 1,J,ACTIVITES FOURNIES PRINCIPALEMENT AUX ENTREPRISES,0.0
-1.0,459059.0,2.0,25.0,0.0,0.0,0.0,1,CENTRE DIV IMPOTS DE DOUALA 1,J,ACTIVITES FOURNIES PRINCIPALEMENT AUX ENTREPRISES,0.0
-1.0,71276.0,3.0,3.0,0.0,0.0,0.0,9,CENTRE DES IMPOTS DES PROFESSIONS LIBERALES DOUALA,V,nan,0.0
-1.0,1086504.0,0.0,14.0,0.0,0.0,0.0,1,CENTRE DIV IMPOTS DE DOUALA 3,R,FABRICATION DE PRODUITS METALLURGIQUES DE BASE ET D'OUVRAGES EN METAUX,1.0
19.0,-6417670.0,3.0,443.0,0.0,0.0,0.0,1,CIME CENTRE DIVISIONAIRE DES IMPÔTS DOUALA 2,V,FABRICATION DE PRODUITS CHIMIQUES ET PHARMACEUTIQUES,0.0
-1.0,49947.0,2.0,71.0,0.0,0.0,0.0,1,CENTRE DIV IMPOTS DE DOUALA 2,J,SERV. FOURN. AUX ENTREPRISES,1.0
-1.0,-6112.0,3.0,402.0,0.0,0.0,0.0,1,DIRECTION DES GRANDES ENTREPRISES,V,ACTIVITES FINANCIERES ET D'ASSURANCE,0.0
-1.0,4644427.0,3.0,239.0,0.0,0.0,0.0,1,DIRECTION DES GRANDES ENTREPRISES,V,ACTIVITES FINANCIERES ET D'ASSURANCE,0.0
-1.0,1207978.0,3.0,393.0,0.0,0.0,0.0,1,CSPLI CENTRE DIVISIONAIRE DES IMPÔTS DOUALA 1,V,TRANSITAIRE ET AUXILIAIRES DES TRANSPORTS,1.0
-1.0,0.0,3.0,3.0,0.0,0.0,0.0,1,CENTRE DIV IMPOTS DE DOUALA 1,J,COMMERCE DE GROS ET DE DETAIL,1.0
0.0,3044040.0,2.0,157.0,0.0,0.0,0.0,1,CSPLI CENTRE DIVISIONAIRE DES IMPÔTS DOUALA 1,J,TRANSITAIRE ET AUXILIAIRES DES TRANSPORTS,1.0
1.0,259771.0,0.0,7.0,0.0,0.0,0.0,3,CENTRE DIV IMPOTS DE DOUALA 1,R,ENSEIGNEMENT,0.0
-1.0,6426.0,3.0,24.0,0.0,0.0,0.0,1,CENTRE DIV IMPOTS DE DOUALA 2,J,COMMERCE DE GROS ET DE DETAIL,1.0
-1.0,14801181.0,2.0,258.0,0.0,0.0,0.0,1,CIME CENTRE DIVISIONAIRE DES IMPÔTS DOUALA 1,J,SERVICES RECREATIFS s CULTURELS,0.0
-1.0,10270.0,2.0,2.0,0.0,0.0,0.0,1,CENTRE DIV IMPOTS DE DOUALA 1,V,ACTIVITES FOURNIES PRINCIPALEMENT AUX ENTREPRISES,0.0
0.0,3062.0,2.0,9.0,0.0,0.0,0.0,1,CENTRE DIV IMPOTS DE DOUALA 1,J,PRODUCTION DE CAOUTCHOUC ET FABRICATION D'ARTICLES EN CAOUTCHOUC ET MATIERES PLASTIQUES,1.0
-1.0,22347.0,2.0,3.0,0.0,0.0,0.0,1,CENTRE DES IMPOTS DES MOYENNES ENTREPRISES DOUALA BONANJO,J,ACTIVITES FOURNIES PRINCIPALEMENT AUX ENTREPRISES,0.0
0.0,157302.0,3.0,11.0,0.0,0.0,0.0,1,CENTRE DIV IMPOTS DE DOUALA 2,V,COMMERCE DE GROS ET DE DETAIL,1.0
5.0,64463.0,1.0,51.0,0.0,0.0,0.0,1,CENTRE DIV IMPOTS DE DOUALA 3,J,"AUTRES ACTIVITES FOURNIES A LA COLLECTIVITE, ACTIVITES SOCIALES ET PERSONNELLES",0.0
-1.0,10151995.0,3.0,171.0,0.0,0.0,0.0,1,CENTRE DIV IMPOTS DE DOUALA 1,V,SERV. FOURN. AUX ENTREPRISES,0.0
-1.0,29563.0,3.0,39.0,0.0,0.0,0.0,1,CENTRE DIV IMPOTS DE DOUALA 1,V,COMMERCE DE GROS ET DE DETAIL,0.0
-1.0,167877.0,1.0,99.0,0.0,0.0,0.0,1,CENTRE DIV IMPOTS DE DOUALA 1,J,COMMUNICATIONS,0.0
-1.0,41131.0,3.0,31.0,0.0,0.0,0.0,1,CENTRE DIV IMPOTS DE DOUALA 1,V,SERV. FOURN. AUX PARTICULIERS m,0.0
0.0,603193.0,1.0,95.0,0.0,0.0,0.0,1,CENTRE PRINCIPAL DES IMPOTS DU LITTORAL 1,J,COMMERCE DE GROS ET DE DETAIL,0.0
1.0,2500.0,2.0,253.0,0.0,0.0,0.0,1,CENTRE DIV IMPOTS DE DOUALA 3,J,ATELIER DE FROID ET CLIMATISATION,1.0
-1.0,344581.0,2.0,33.0,0.0,0.0,0.0,1,CENTRE DIV IMPOTS DE DOUALA 3,J,TRANSPORTS PAR CAMIONS,1.0
-1.0,236762.0,3.0,39.0,0.0,0.0,0.0,1,CENTRE DIV IMPOTS DE DOUALA 1,V,ACTIVITES FOURNIES PRINCIPALEMENT AUX ENTREPRISES,0.0
0.0,19036.0,1.0,51.0,0.0,0.0,0.0,1,CENTRE DIV IMPOTS DE DOUALA 2,J,COMPTABILITE,0.0
-1.0,3949.0,3.0,39.0,0.0,0.0,0.0,1,CENTRE DIV IMPOTS DE DOUALA 1,V,SERV. FOURN. AUX ENTREPRISES,1.0
-1.0,72031.0,1.0,3.0,0.0,0.0,0.0,1,CENTRE DIV IMPOTS DE DOUALA 1,J,ACTIVITES FOURNIES PRINCIPALEMENT AUX ENTREPRISES,0.0
-1.0,8666.0,3.0,13.0,0.0,0.0,0.0,1,CENTRE DIV IMPOTS DE DOUALA 1,V,ACTIVITES FOURNIES PRINCIPALEMENT AUX ENTREPRISES,0.0
-1.0,154957.0,3.0,74.0,0.0,0.0,0.0,1,CENTRE DIV IMPOTS DE DOUALA 10,V,COMMERCE DE GROS,0.0
0.0,20500.0,3.0,5.0,0.0,0.0,0.0,1,CENTRE DIV IMPOTS DE DOUALA 1,V,ACTIVITES FOURNIES PRINCIPALEMENT AUX ENTREPRISES,0.0
0.0,330684.0,0.0,15.0,0.0,0.0,0.0,1,CENTRE DIV IMPOTS DE DOUALA 1,R,"FABRICATION DE PAPIER, CARTON ET D'ARTICLES EN PAPIER OU EN CARTON, IMPRIMERIE ET REPRODUCTION",1.0
-1.0,23126.0,3.0,28.0,0.0,0.0,0.0,1,CENTRE DIV IMPOTS DE DOUALA 1,V,TRANSITAIRE ET AUXILIAIRES DES TRANSPORTS,1.0
1.0,58505.0,2.0,27.0,0.0,0.0,0.0,1,CENTRE DIV IMPOTS DE DOUALA 1,J,COMMERCE DE GROS ET DE DETAIL,0.0
-1.0,8907.0,3.0,3.0,0.0,0.0,0.0,3,CENTRE DIV IMPOTS DE DOUALA 2,V,ENSEIGNEMENT,0.0
-1.0,2595576.0,2.0,93.0,0.0,0.0,0.0,1,CENTRE DES IMPOTS DES PROFESSIONS LIBERALES YDE,J,CONFECTION,0.0
0.0,645966.0,3.0,58.0,0.0,0.0,0.0,1,CENTRE DIV IMPOTS DE DOUALA 1,V,AUTRES S. SOC. c FOURN A LA COLLEC,1.0
3.0,97705.0,1.0,69.0,0.0,0.0,0.0,1,CENTRE DIV IMPOTS DE DOUALA 1,J,"COMPTABILITE, VERIF. COMPTES t LIV",0.0
-1.0,-6.0,3.0,9.0,0.0,0.0,0.0,9,CENTRE DIV IMPOTS DE DOUALA 1,V,nan,0.0
-1.0,62675.0,3.0,48.0,0.0,0.0,0.0,1,CENTRE DIV IMPOTS DE DOUALA 1,J,COMMUNICATIONS,0.0
0.0,656546.0,1.0,47.0,0.0,0.0,0.0,1,CSI WOURI 2,J,"MEDECINS, PHARMACIENS, DENTISTES",0.0
-1.0,11330.0,3.0,24.0,0.0,0.0,0.0,1,CENTRE DIV IMPOTS DE DOUALA 3,V,"MEDECINS, PHARMACIENS, DENTISTES",0.0
-1.0,322709.0,0.0,74.0,0.0,0.0,0.0,1,CENTRE DIV IMPOTS DE DOUALA 10,R,PETIT RESTAURANT,0.0
19.0,988303.0,2.0,167.0,0.0,0.0,0.0,1,CENTRE DIV IMPOTS DE DOUALA 1,J,COMMERCE GENERAL,0.0
-1.0,1292448.0,2.0,46.0,0.0,0.0,0.0,1,CENTRE PRINCIPAL DES IMPOTS DU CENTRE 1,J,"PROFESSIONS LIBERALES, CABINETS COMPTABLES ET FISCAUX, CONSEILS JURIDIQUES, OFFICIERS MINISTERIELS",0.0
-1.0,552931.0,2.0,81.0,0.0,0.0,0.0,1,CSPLI CENTRE DIVISIONAIRE DES IMPÔTS DOUALA 1,J,"PROFESSIONS LIBERALES, CABINETS COMPTABLES ET FISCAUX, CONSEILS JURIDIQUES, OFFICIERS MINISTERIELS",0.0
0.0,9678.0,2.0,26.0,0.0,0.0,0.0,1,CENTRE DES IMPOTS DES MOYENNES ENTREPRISES DOUALA BONANJO,J,COMMERCE DE GROS ET DE DETAIL,0.0
-1.0,216984.0,2.0,49.0,0.0,0.0,0.0,1,CENTRE DIVI DES IMPOTS DE DOUALA 5,J,COMMERCE DE DETAIL,0.0
-1.0,369115.0,2.0,29.0,0.0,0.0,0.0,1,CENTRE DIV IMPOTS DE DOUALA 1,J,TRANSPORT ET ENTREPOSAGE,1.0
-1.0,142014.0,3.0,131.0,0.0,0.0,0.0,1,CENTRE DIV IMPOTS DE DOUALA 8,V,"HOTELS, HOTELS MEUBLES e ANALOGUES",0.0
-1.0,-41653.0,3.0,29.0,0.0,0.0,0.0,1,CENTRE DIV IMPOTS DE DOUALA 2,V,STATIONS-SERVICE D?ESSENCE,0.0
0.0,753351.0,0.0,186.0,0.0,0.0,0.0,1,CSPLI CENTRE DIVISIONAIRE DES IMPÔTS DOUALA 1,R,SERV. FOURN. AUX PARTICULIERS m,0.0
0.0,35279.0,3.0,50.0,0.0,0.0,0.0,1,CENTRE DES IMPOTS DES MOYENNES ENTREPRISES DOUALA AKWA 2,J,COMMERCE DE GROS ET DE DETAIL,1.0
-1.0,28492.0,3.0,309.0,0.0,0.0,0.0,9,CENTRE DIV IMPOTS DE DOUALA 2,V,SERVICES DOMESTIQUES,0.0
-1.0,30626.0,1.0,51.0,0.0,0.0,0.0,1,CENTRE DIV IMPOTS DE DOUALA 1,J,COMMERCE DE GROS ET DE DETAIL,0.0
-1.0,-8968.0,3.0,30.0,0.0,0.0,0.0,9,CENTRE DIV IMPOTS DE DOUALA 1,J,nan,0.0
-1.0,5309529.0,0.0,141.0,0.0,0.0,0.0,1,CENTRE DIV IMPOTS DE DOUALA 2,R,RESTAURANTS ET DEBITS DE BOISSONS,0.0
-1.0,-3105.0,3.0,40.0,0.0,0.0,0.0,1,CENTRE DIV IMPOTS DE DOUALA 1,V,CONSEILS JURIDIQUES,0.0
-1.0,0.0,1.0,1.0,0.0,0.0,0.0,1,CENTRE DIV IMPOTS DE DOUALA 10,V,ACTIVITES FOURNIES PRINCIPALEMENT AUX ENTREPRISES,0.0
2.0,7719.0,3.0,46.0,0.0,0.0,0.0,1,CENTRE DES IMPOTS DES MOYENNES ENTREPRISES DOUALA AKWA 1,V,COMMERCE GENERAL,0.0
-1.0,256049.0,3.0,99.0,0.0,0.0,0.0,1,CENTRE PRINCIPAL DES IMPOTS DU LITTORAL 1,V,LOCATION MATERIEL ET IMMEUBLE COMMERCIAL,0.0
-1.0,-35118.0,3.0,410.0,0.0,0.0,0.0,1,CENTRE DIV IMPOTS DE DOUALA 1,V,SERV. FOURN. AUX ENTREPRISES,0.0
-1.0,213904.0,3.0,164.0,0.0,0.0,0.0,1,CSPLI CENTRE DIVISIONAIRE DES IMPÔTS DOUALA 1,V,COMMERCE DE GROS ET DE DETAIL,0.0
-1.0,30446.0,2.0,31.0,0.0,0.0,0.0,1,CENTRE DES IMPOTS DES MOYENNES ENTREPRISES DOUALA AKWA 1,J,TRANSPORTS ROUTIERS DE MARCHANDISES OU DE VOYAGEURS,1.0
-1.0,880680.0,1.0,103.0,0.0,0.0,0.0,1,CENTRE DIV IMPOTS DE DOUALA 1,J,CONSTRUCTION,1.0
-1.0,15344.0,3.0,33.0,0.0,0.0,0.0,1,CENTRE DIV IMPOTS DE DOUALA 1,V,ACTIVITES D'INFORMATION ET DE TELECOMMUNICATIONS,1.0
-1.0,24884.0,3.0,146.0,0.0,0.0,0.0,1,CENTRE DIV IMPOTS DE DOUALA 3,V,COMMERCE GENERAL,0.0
-1.0,20580.0,3.0,7.0,0.0,0.0,0.0,1,CENTRE DIV IMPOTS DE DOUALA 1,V,ACTIVITES FOURNIES PRINCIPALEMENT AUX ENTREPRISES,0.0
-1.0,-211.0,3.0,13.0,0.0,0.0,0.0,1,CENTRE DIV IMPOTS DE DOUALA 1,V,ACTIVITES FOURNIES PRINCIPALEMENT AUX ENTREPRISES,0.0
-1.0,85154.0,3.0,16.0,0.0,0.0,0.0,1,CENTRE DIV IMPOTS DE DOUALA 1,V,ACTIVITES FOURNIES PRINCIPALEMENT AUX ENTREPRISES,0.0
-1.0,19706028.0,3.0,334.0,0.0,0.0,0.0,1,DIRECTION DES GRANDES ENTREPRISES,V,COMMERCE DE GROS ET DE DETAIL,1.0
-1.0,485.0,3.0,38.0,0.0,0.0,0.0,1,CENTRE DIV IMPOTS DE DOUALA 4,J,COMMERCE GENERAL,0.0
0.0,373436.0,1.0,12.0,0.0,0.0,0.0,1,CENTRE DIV IMPOTS DE DOUALA 2,J,COMMERCE DE GROS ET DE DETAIL,1.0
5.0,325334.0,2.0,51.0,0.0,0.0,0.0,1,CENTRE DIV IMPOTS DE DOUALA 1,J,SERVICES PERSONNELS N.C.A,0.0
-1.0,14076927.0,3.0,639.0,0.0,0.0,0.0,1,DIRECTION DES GRANDES ENTREPRISES,V,EXPLOITATION FORESTIERE,1.0
-1.0,7915275.0,3.0,171.0,0.0,0.0,0.0,1,DIRECTION DES GRANDES ENTREPRISES,V,"TRANSPORTS MARITIMES, TRANSPORTS FLUVIAUX, BACS",1.0
0.0,959119.0,3.0,27.0,0.0,0.0,0.0,1,CENTRE DIV IMPOTS DE DOUALA 2,J,"BATIMENTS ET TRAVAUX PUBLICS : ENTREPRISES GENERALES DE BATIMENT, ENTREPRISES DE PEINTURE, D?INSTALLATIONS SANITAIRES, D?INSTALLATIONS ELECTRIQUES, DE ZINGUERIE, DE PLOMBERIE, DE VITRERIE ; CONSTRUCTION ET ENTRETIEN DES ROUTES, VOIES FERREES, CANALISATION D?EAU (OUVRAGES D?ART EXCLUS)",1.0
-1.0,-234815.0,3.0,757.0,0.0,0.0,0.0,1,CENTRE DIV IMPOTS DE DOUALA 3,J,COMMERCE DE GROS ET DE DETAIL,0.0
0.0,31857.0,1.0,8.0,0.0,0.0,0.0,1,CENTRE DIV IMPOTS DE DOUALA 2,J,"HOTELS, RESTAURANTS, CAFES, BARS ET DANCING",0.0
0.0,21609.0,0.0,2.0,0.0,0.0,0.0,1,CENTRE DES IMPOTS DES MOYENNES ENTREPRISES DOUALA AKWA 2,R,"HOTELS, RESTAURANTS, CAFES, BARS ET DANCING",0.0
-1.0,165027.0,3.0,37.0,0.0,0.0,0.0,1,CENTRE DIV IMPOTS DE DOUALA 1,V,TRANSPORTS PAR CAMIONS,1.0
3.0,92907.0,1.0,36.0,0.0,0.0,0.0,1,CENTRE DIV IMPOTS DE DOUALA 1,J,COMMERCE GENERAL,0.0
0.0,177892.0,0.0,23.0,0.0,0.0,0.0,1,CENTRE DIV IMPOTS DE DOUALA 1,R,INDUSTRIE DU TEXTILE ET DE LA CONFECTION,0.0
0.0,98082.0,0.0,1.0,0.0,0.0,0.0,1,CENTRE DES IMPOTS DES MOYENNES ENTREPRISES DOUALA AKWA 1,R,COMMERCE DE GROS ET DE DETAIL,1.0
-1.0,259566.0,0.0,174.0,0.0,0.0,0.0,3,CENTRE DIV IMPOTS DE DOUALA 1,R,ENSEIGNEMENT,0.0
0.0,-400.0,1.0,0.0,0.0,0.0,0.0,1,CENTRE DIV IMPOTS DE DOUALA 1,V,ACTIVITES FOURNIES PRINCIPALEMENT AUX ENTREPRISES,0.0
1.0,1483038.0,0.0,64.0,0.0,0.0,0.0,1,CIME CENTRE DIVISIONAIRE DES IMPÔTS DOUALA 1,R,SERV. INGENIEURS a s TECH.,1.0
-1.0,1016042.0,2.0,10.0,0.0,0.0,0.0,1,CENTRE DIV IMPOTS DE DOUALA 1,J,ACTIVITES FOURNIES PRINCIPALEMENT AUX ENTREPRISES,0.0
0.0,18157.0,2.0,14.0,0.0,0.0,0.0,1,CENTRE DIV IMPOTS DE DOUALA 2,J,ACTIVITES FOURNIES PRINCIPALEMENT AUX ENTREPRISES,0.0
0.0,-596.0,3.0,119.0,0.0,0.0,0.0,1,CENTRE DIV IMPOTS DE DOUALA 3,V,SERV. FOURN. AUX ENTREPRISES,1.0
0.0,-176695.0,3.0,218.0,0.0,0.0,0.0,1,CIME CENTRE DIVISIONAIRE DES IMPÔTS DOUALA 1,J,CONSTRUCTION DE BATIMENTS,1.0
-1.0,133737.0,3.0,71.0,0.0,0.0,0.0,1,CENTRE PRINCIPAL DES IMPOTS DU CENTRE 1,V,COMMERCE GENERAL,0.0
0.0,16932.0,3.0,261.0,0.0,0.0,0.0,1,CENTRE DIV IMPOTS DE DOUALA 3,V,SALONS DE COIFFURE i DE BEAUTE,0.0
-1.0,72201.0,3.0,99.0,0.0,0.0,0.0,1,CENTRE DIV IMPOTS DE DOUALA 1,V,ACTIVITES D'INFORMATION ET DE TELECOMMUNICATIONS,0.0
0.0,67005.0,2.0,56.0,0.0,0.0,0.0,1,CENTRE DIV IMPOTS DE DOUALA 2,J,COMMERCE GENERAL,0.0
0.0,3429252.0,0.0,46.0,0.0,0.0,0.0,1,CENTRE DIV IMPOTS DE DOUALA 1,R,SERV. FOURN. AUX ENTREPRISES,0.0
0.0,247097.0,0.0,91.0,0.0,0.0,0.0,1,CENTRE DES IMPOTS DES PROFESSIONS LIBERALES DOUALA,R,DETAILLANT PHARMACEUTIQUES,1.0
1.0,1238150.0,0.0,75.0,0.0,0.0,0.0,1,CENTRE DIV IMPOTS DE DOUALA 2,R,EXPORT-IMPORT PRODUITS INDETERMINES,1.0
0.0,968226.0,0.0,192.0,0.0,0.0,0.0,1,CENTRE DIV IMPOTS DE DOUALA 3,R,EXPORT-IMPORT PRODUITS INDETERMINES,1.0
0.0,39056.0,2.0,14.0,0.0,0.0,0.0,1,CENTRE DIV IMPOTS DE DOUALA 3,J,"BATIMENTS ET TRAVAUX PUBLICS : ENTREPRISES GENERALES DE BATIMENT, ENTREPRISES DE PEINTURE, D?INSTALLATIONS SANITAIRES, D?INSTALLATIONS ELECTRIQUES, DE ZINGUERIE, DE PLOMBERIE, DE VITRERIE ; CONSTRUCTION ET ENTRETIEN DES ROUTES, VOIES FERREES, CANALISATION D?EAU (OUVRAGES D?ART EXCLUS)",1.0
0.0,2234.0,2.0,2.0,0.0,0.0,0.0,1,CENTRE DIV IMPOTS DE DOUALA 1,V,"AUTRES ACTIVITES FOURNIES A LA COLLECTIVITE, ACTIVITES SOCIALES ET PERSONNELLES",0.0
-1.0,105536.0,3.0,7.0,0.0,0.0,0.0,1,CENTRE DIV IMPOTS DE DOUALA 1,V,ACTIVITES FOURNIES PRINCIPALEMENT AUX ENTREPRISES,0.0
-1.0,26850.0,1.0,1.0,0.0,0.0,0.0,1,CENTRE DIV IMPOTS DE DOUALA 2,V,TRANSITAIRES ET AGREES EN DOUANE,1.0
-1.0,163548.0,0.0,51.0,0.0,0.0,0.0,1,CENTRE DIV IMPOTS DE DOUALA 3,R,"GENIE CIVIL CONSTRUCTION ROUTE, PONTS",1.0
0.0,-13058.0,2.0,284.0,0.0,0.0,0.0,1,CIME CENTRE DIVISIONAIRE DES IMPÔTS DOUALA 2,J,COMMERCE DE GROS,0.0
-1.0,10572.0,3.0,32.0,0.0,0.0,0.0,1,CENTRE DES IMPOTS DES MOYENNES ENTREPRISES DOUALA BONANJO,V,COMMERCE DE GROS ET DE DETAIL,0.0
-1.0,1259426.0,2.0,185.0,0.0,0.0,0.0,1,CENTRE DES IMPOTS DES PROFESSIONS LIBERALES DOUALA,J,SOINS MEDICAUX d a SERVICES,0.0
-1.0,2198760.0,2.0,111.0,0.0,0.0,0.0,1,CENTRE DIV IMPOTS DE DOUALA 1,J,EXTRACTION DES PRODUITS DES HYDROCARBURES ET D'AUTRES PRODUITS ENERGETIQUES,1.0
-1.0,3091150.0,2.0,44.0,0.0,0.0,0.0,1,CENTRE DES IMPOTS DES MOYENNES ENTREPRISES DOUALA BONANJO,J,VENTE/PRODUCTEUR PRODUIT INDETERMINE,1.0
2.0,1833589.0,0.0,98.0,0.0,0.0,0.0,1,DIRECTION DES GRANDES ENTREPRISES,R,"IMPORTATEUR COMMERCE GENERAL,PRODUITS INDETERMINES",1.0
-1.0,58307.0,0.0,194.0,0.0,0.0,0.0,1,CIME CENTRE DIVISIONAIRE DES IMPÔTS DOUALA 1,R,SERV. FOURN. AUX PARTICULIERS m,0.0
0.0,31658.0,3.0,43.0,0.0,0.0,0.0,1,CENTRE DIV IMPOTS DE DOUALA 1,J,COMMERCE GENERAL,0.0
-1.0,-1.0,3.0,123.0,0.0,0.0,0.0,1,CENTRE DIV IMPOTS DE DOUALA 1,V,TRANSITAIRE ET AUXILIAIRES DES TRANSPORTS,1.0
-1.0,71539.0,0.0,30.0,0.0,0.0,0.0,1,CENTRE DIV IMPOTS DE DOUALA 1,R,"PROFESSIONS LIBERALES, CABINETS COMPTABLES ET FISCAUX, CONSEILS JURIDIQUES, OFFICIERS MINISTERIELS",0.0
9.0,10740.0,0.0,10.0,0.0,0.0,0.0,1,CSI WOURI 1,R,"OPERATIONS DE TRANSIT, CONSIGNATION DE NAVIRES",1.0
-1.0,-38149.0,2.0,2.0,0.0,0.0,0.0,1,CENTRE DIV IMPOTS DE DOUALA 1,V,ACTIVITES FOURNIES PRINCIPALEMENT AUX ENTREPRISES,0.0
0.0,42989480.0,3.0,179.0,0.0,0.0,0.0,1,DIRECTION DES GRANDES ENTREPRISES,J,TRANSPORTS PAR CAMIONS,1.0
0.0,-2.0,3.0,3.0,0.0,0.0,0.0,1,CIME CENTRE DIVISIONAIRE DES IMPÔTS DOUALA 2,V,TRANSPORTS ROUTIERS DE MARCHANDISES OU DE VOYAGEURS,1.0
1.0,808885.0,2.0,374.0,0.0,0.0,0.0,1,CIME CENTRE DIVISIONAIRE DES IMPÔTS DOUALA 1,J,TRANSITAIRES ET AGREES EN DOUANE,1.0
1.0,16825.0,3.0,195.0,0.0,0.0,0.0,1,CENTRE DIV IMPOTS DE DOUALA 1,J,BATIMENT ET TRAVAUX PUBLICS,1.0
0.0,-6885.0,3.0,273.0,0.0,0.0,0.0,1,CENTRE DIV IMPOTS DE DOUALA 3,J,SERV. FOURN. AUX PARTICULIERS m,0.0
0.0,577777783.0,2.0,315.0,0.0,0.0,0.0,1,DGE CENTRE DIVISIONAIRE DES IMPÔTS DOUALA 10,J,TRANSPORTS PAR CAMIONS,1.0
0.0,964824.0,2.0,151.0,0.0,0.0,0.0,1,CENTRE DIV IMPOTS DE DOUALA 1,J,TRANSITAIRE ET AUXILIAIRES DES TRANSPORTS,1.0
-1.0,295249.0,3.0,144.0,0.0,0.0,0.0,1,CENTRE DIV IMPOTS DE DOUALA 2,V,TRANSITAIRE ET AUXILIAIRES DES TRANSPORTS,1.0
-1.0,2377442.0,3.0,247.0,0.0,0.0,0.0,1,CSPLI CENTRE DIVISIONAIRE DES IMPÔTS DOUALA 1,V,TRANSPORT ET ENTREPOSAGE,1.0
0.0,10592.0,3.0,14.0,0.0,0.0,0.0,1,CENTRE DIV IMPOTS DE DOUALA 1,V,ACTIVITES FOURNIES PRINCIPALEMENT AUX ENTREPRISES,0.0
1.0,23235.0,3.0,38.0,0.0,0.0,0.0,1,CENTRE DIV IMPOTS DE DOUALA 2,V,TRANSITAIRES ET AGREES EN DOUANE,1.0
-1.0,427392.0,2.0,77.0,0.0,0.0,0.0,1,CENTRE PRINCIPAL DES IMPOTS DU LITTORAL 1,J,TRANSITAIRES ET AGREES EN DOUANE,1.0
-1.0,1641132.0,3.0,140.0,0.0,0.0,0.0,1,CIME CENTRE DIVISIONAIRE DES IMPÔTS DOUALA 1,V,TRANSPORT N.C.A,1.0
0.0,129969.0,3.0,45.0,0.0,0.0,0.0,1,CENTRE DIV IMPOTS DE DOUALA 1,V,TRANSITAIRE ET AUXILIAIRES DES TRANSPORTS,1.0
0.0,76470.0,2.0,195.0,0.0,0.0,0.0,1,CENTRE DIV IMPOTS DE DOUALA 10,J,TRANSPORT ET ENTREPOSAGE,1.0
-1.0,1703085.0,0.0,34.0,0.0,0.0,0.0,1,CENTRE DIV DES IMPOTS DE YAOUNDE 6,R,TRANSPORTS PAR CAMIONS,1.0
5.0,124848.0,0.0,10.0,0.0,0.0,0.0,1,CIME CENTRE DIVISIONAIRE DES IMPÔTS DOUALA 2,R,TRANSPORTS ROUTIERS DE MARCHANDISES OU DE VOYAGEURS,1.0
0.0,7616739.0,1.0,239.0,0.0,0.0,0.0,1,CENTRE DIV IMPOTS DE DOUALA 3,J,BATIMENT ET TRAVAUX PUBLICS,1.0
0.0,25776.0,2.0,3.0,0.0,0.0,0.0,1,CENTRE DIV IMPOTS DE DOUALA 3,J,COMMERCE DE GROS ET DE DETAIL,1.0
-1.0,12913.0,3.0,30.0,0.0,0.0,0.0,1,CENTRE DIV IMPOTS DE DOUALA 1,V,TRANSPORTS URBAINS,0.0
-1.0,532069.0,3.0,43.0,0.0,0.0,0.0,1,CENTRE DIV IMPOTS DE DOUALA 1,V,TRANSPORTS PAR CAMIONS,1.0
-1.0,133391.0,3.0,84.0,0.0,0.0,0.0,1,CENTRE DES IMPOTS DES MOYENNES ENTREPRISES DOUALA BONANJO,V,COMMERCE GENERAL,0.0
-1.0,47060.0,3.0,38.0,0.0,0.0,0.0,1,CENTRE DIV IMPOTS DE DOUALA 1,V,COMMERCE GENERAL,0.0
12.0,1904412.0,0.0,23.0,0.0,0.0,0.0,1,CENTRE DIV IMPOTS DE DOUALA 1,R,COMMERCE DE GROS ET DE DETAIL,1.0
-1.0,-6.0,3.0,47.0,0.0,0.0,0.0,1,CSPLI CENTRE DIVISIONAIRE DES IMPÔTS DOUALA 1,V,VENTE/PRODUCTEUR PHARMACEUTIQUE,0.0
0.0,11672.0,3.0,156.0,0.0,0.0,0.0,1,CENTRE DES IMPOTS DES MOYENNES ENTREPRISES DOUALA AKWA 1,J,COMMERCE DE GROS ET DE DETAIL,0.0
0.0,0.0,3.0,3.0,0.0,0.0,0.0,1,CENTRE DIV IMPOTS DE DOUALA 1,V,TRANSPORTS ROUTIERS DE MARCHANDISES OU DE VOYAGEURS,1.0
17.0,8231.0,2.0,47.0,0.0,0.0,0.0,1,CENTRE DIV IMPOTS DE DOUALA 1,J,SERV. FOURN. AUX PARTICULIERS m,0.0
1.0,-1.0,3.0,7.0,0.0,0.0,0.0,1,CENTRE DIV IMPOTS DE DOUALA 2,V,TRANSPORTS ROUTIERS DE MARCHANDISES OU DE VOYAGEURS,1.0
0.0,-220.0,3.0,10.0,0.0,0.0,0.0,1,CENTRE DIV IMPOTS DE DOUALA 1,V,ACTIVITES D'INFORMATION ET DE TELECOMMUNICATIONS,0.0
0.0,-75.0,3.0,15.0,0.0,0.0,0.0,1,CENTRE DIV IMPOTS DE DOUALA 2,V,COMMERCE DE GROS ET DE DETAIL,1.0
1.0,19710.0,3.0,9.0,0.0,0.0,0.0,1,CENTRE DES IMPOTS DES MOYENNES ENTREPRISES DOUALA AKWA 2,V,ACTIVITES FOURNIES PRINCIPALEMENT AUX ENTREPRISES,0.0
8.0,233259.0,3.0,264.0,0.0,0.0,0.0,9,CENTRE DIV IMPOTS DE DOUALA 1,V,SERVICES DOMESTIQUES,0.0
53.0,21875.0,3.0,452.0,0.0,0.0,0.0,1,CENTRE PRINCIPAL DES IMPOTS DU LITTORAL 2,V,INDUSTRIE DU MEUBLE N.C.A,1.0
6.0,150221.0,3.0,181.0,0.0,0.0,0.0,1,CENTRE DIV IMPOTS DE DOUALA 1,J,SERV. INGENIEURS a s TECH.,0.0
-1.0,344097.0,3.0,351.0,0.0,0.0,0.0,1,CIME CENTRE DIV DES IMPOTS DE YAOUNDE 1,V,SERV. FOURN. AUX ENTREPRISES,0.0
0.0,73806.0,1.0,30.0,0.0,0.0,0.0,9,CENTRE DIV IMPOTS DE DOUALA 1,J,nan,0.0
-1.0,1256811.0,2.0,159.0,0.0,0.0,0.0,1,CENTRE DIV IMPOTS DE DOUALA 2,J,"PROFESSIONS LIBERALES, CABINETS COMPTABLES ET FISCAUX, CONSEILS JURIDIQUES, OFFICIERS MINISTERIELS",0.0
-1.0,785828.0,2.0,35.0,0.0,0.0,0.0,1,CENTRE DIV IMPOTS DE DOUALA 1,J,ACTIVITES FOURNIES PRINCIPALEMENT AUX ENTREPRISES,0.0
1.0,183671.0,2.0,48.0,0.0,0.0,0.0,1,CENTRE DIV IMPOTS DE DOUALA 1,J,"INDUSTRIES TEXTILES, HABILLEMENT c",0.0
18.0,589218.0,3.0,437.0,0.0,0.0,0.0,1,CENTRE DIV IMPOTS DE DOUALA 1,V,CONSEILS JURIDIQUES,0.0
-1.0,3530676.0,3.0,135.0,0.0,0.0,0.0,1,CSPLI CENTRE DIVISIONAIRE DES IMPÔTS DOUALA 1,V,"ASSOCIATIONS PROFESSIONNELLES, SYNDICATS PROFESSIONNELS, CHAMBRES CONSULAIRES, PARTIS POLITIQUES",0.0
27.0,679519.0,3.0,42.0,0.0,0.0,0.0,1,CENTRE DIV IMPOTS DE DOUALA 1,J,TRANSPORT ET ENTREPOSAGE,1.0
0.0,1262002.0,1.0,30.0,0.0,0.0,0.0,1,CENTRE DIV IMPOTS DE DOUALA 1,J,ACTIVITES FOURNIES PRINCIPALEMENT AUX ENTREPRISES,0.0
-1.0,269801.0,3.0,16.0,0.0,0.0,0.0,1,CENTRE DIV IMPOTS DE DOUALA 1,J,ACTIVITES FOURNIES PRINCIPALEMENT AUX ENTREPRISES,0.0
-1.0,879348.0,3.0,159.0,0.0,0.0,0.0,1,DIRECTION DES GRANDES ENTREPRISES,V,"VENTE/PRODUCTEUR VEHICULE, ENGIN, PNEU",0.0
1.0,122629.0,0.0,47.0,0.0,0.0,0.0,1,CENTRE DIV IMPOTS DE DOUALA 13,R,COMMERCE GENERAL,0.0
0.0,123063.0,3.0,61.0,0.0,0.0,0.0,1,CENTRE DIVI DES IMPOTS DE DOUALA 5,V,SERVICES FINANCIERS,0.0
0.0,0.0,3.0,3.0,0.0,0.0,0.0,1,CENTRE DIV IMPOTS DE DOUALA 2,V,CONSTRUCTION,1.0
0.0,96116.0,1.0,12.0,0.0,0.0,0.0,1,CENTRE DES IMPOTS DES MOYENNES ENTREPRISES DOUALA AKWA 1,J,TRANSITAIRES ET AGREES EN DOUANE,1.0
-1.0,-7607.0,3.0,75.0,0.0,0.0,0.0,1,CENTRE DIV IMPOTS DE DOUALA 1,J,AUTRES S. SOC. c FOURN A LA COLLEC,0.0
0.0,14258.0,2.0,20.0,0.0,0.0,0.0,1,CENTRE DIV IMPOTS DE DOUALA 2,J,COMMERCE DE GROS ET DE DETAIL,1.0
0.0,30534.0,0.0,91.0,0.0,0.0,0.0,1,CENTRE PRINCIPAL DES IMPOTS DU LITTORAL 1,R,BATIMENT ET TRAVAUX PUBLICS,1.0
-1.0,-660231.0,3.0,60.0,0.0,0.0,0.0,1,CENTRE PRINCIPAL DES IMPOTS DU LITTORAL 1,V,ACTIVITES FINANCIERES ET D'ASSURANCE,0.0
-1.0,152973.0,3.0,11.0,0.0,0.0,0.0,1,CENTRE DIV IMPOTS DE DOUALA 1,V,REPARATION ET INSTALLATION DES MACHINES ET EQUIPEMENTS,1.0
1.0,-378.0,2.0,5.0,0.0,0.0,0.0,1,CENTRE DES IMPOTS DES MOYENNES ENTREPRISES DOUALA AKWA 1,J,ACTIVITES D'INFORMATION ET DE TELECOMMUNICATIONS,0.0
1.0,1232463.0,2.0,60.0,0.0,0.0,0.0,1,CENTRE DIV IMPOTS DE DOUALA 1,J,EXTRACTION DES PRODUITS DES HYDROCARBURES ET D'AUTRES PRODUITS ENERGETIQUES,1.0
-1.0,1442203.0,3.0,198.0,0.0,0.0,0.0,1,CIME CENTRE DIVISIONAIRE DES IMPÔTS DOUALA 1,V,SERVICES PERSONNELS NON CLASSES AILLEURS,1.0
23.0,718742.0,0.0,31.0,0.0,0.0,0.0,1,CENTRE DIV IMPOTS DE DOUALA 4,R,HEBERGEMENT ET RESTAURATION,0.0
5.0,7707578.0,0.0,94.0,0.0,0.0,0.0,1,CSPLI CENTRE DIVISIONAIRE DES IMPÔTS DOUALA 1,R,COMMERCE GENERAL,0.0
-1.0,1479295.0,2.0,17.0,0.0,0.0,0.0,1,CENTRE DIV IMPOTS DE DOUALA 1,J,EXTRACTION DES PRODUITS DES HYDROCARBURES ET D'AUTRES PRODUITS ENERGETIQUES,1.0
0.0,-160.0,3.0,19.0,0.0,0.0,0.0,1,CENTRE DIV IMPOTS DE DOUALA 1,V,ACTIVITES FOURNIES PRINCIPALEMENT AUX ENTREPRISES,0.0
-1.0,20580.0,3.0,5.0,0.0,0.0,0.0,1,CENTRE DIV IMPOTS DE DOUALA 1,V,"MEDECINS, PHARMACIENS, DENTISTES",0.0
-1.0,158264.0,2.0,17.0,0.0,0.0,0.0,1,CENTRE DIV IMPOTS DE DOUALA 1,J,ACTIVITES FOURNIES PRINCIPALEMENT AUX ENTREPRISES,0.0
-1.0,84949.0,3.0,326.0,0.0,0.0,0.0,1,CIME CENTRE DIVISIONAIRE DES IMPÔTS DOUALA 1,V,COMMERCE DE GROS ET DE DETAIL,0.0
11.0,4640956.0,2.0,125.0,0.0,0.0,0.0,1,CENTRE DIV IMPOTS DE DOUALA 1,J,TRANSITAIRES ET AGREES EN DOUANE,1.0
-1.0,-578.0,3.0,17.0,0.0,0.0,0.0,1,CENTRE DIV IMPOTS DE DOUALA 2,V,ACTIVITES D'INFORMATION ET DE TELECOMMUNICATIONS,0.0
0.0,11960075.0,2.0,498.0,0.0,0.0,0.0,1,DIRECTION DES GRANDES ENTREPRISES,J,"PROFESSIONS LIBERALES, CABINETS COMPTABLES ET FISCAUX, CONSEILS JURIDIQUES, OFFICIERS MINISTERIELS",0.0
0.0,1452365.0,3.0,9.0,0.0,0.0,0.0,1,CSPLI CENTRE DIVISIONAIRE DES IMPÔTS DOUALA 1,J,ACTIVITES FOURNIES PRINCIPALEMENT AUX ENTREPRISES,0.0
1.0,35603.0,1.0,13.0,0.0,0.0,0.0,1,CENTRE DIV IMPOTS DE DOUALA 2,J,ACTIVITES D'INFORMATION ET DE TELECOMMUNICATIONS,0.0
3.0,664202.0,0.0,61.0,0.0,0.0,0.0,1,CIME CENTRE DIVISIONAIRE DES IMPÔTS DOUALA 1,R,COMMERCE GENERAL,0.0
0.0,145778.0,2.0,16.0,0.0,0.0,0.0,1,CENTRE DIV IMPOTS DE DOUALA 1,J,ACTIVITE POUR LA SANTE HUMAINE ET ACTION SOCIALE,0.0
-1.0,519346.0,0.0,53.0,0.0,0.0,0.0,1,CENTRE DIV IMPOTS DE DOUALA 1,R,SERV. FOURN. AUX ENTREPRISES,1.0
0.0,52289.0,3.0,31.0,0.0,0.0,0.0,1,CSPLI CENTRE DIVISIONAIRE DES IMPÔTS DOUALA 1,J,"MEDECINS, PHARMACIENS, DENTISTES",0.0
1.0,2276136.0,3.0,306.0,0.0,0.0,0.0,1,CENTRE DIV IMPOTS DE DOUALA 3,V,VENTE/PRODUCTEUR PHARMACEUTIQUE,0.0
0.0,79441.0,3.0,442.0,0.0,0.0,0.0,1,CENTRE DIV IMPOTS DE DOUALA 2,V,"SALONS DE COIFFURE, INSTITUTS DE BEAUTE, ETABLISSEMENTS DE MASSAGE",0.0
1.0,-369.0,3.0,37.0,0.0,0.0,0.0,1,CENTRE DIV IMPOTS DE DOUALA 1,V,"AUTRES ACTIVITES FOURNIES A LA COLLECTIVITE, ACTIVITES SOCIALES ET PERSONNELLES",0.0
-1.0,-222.0,3.0,30.0,0.0,0.0,0.0,1,CENTRE DIV IMPOTS DE DOUALA 3,V,ENSEIGNEMENT,0.0
-1.0,473200.0,1.0,29.0,0.0,0.0,0.0,1,CENTRE DIV IMPOTS DE DOUALA 1,J,ACTIVITES D'INFORMATION ET DE TELECOMMUNICATIONS,0.0
0.0,-825.0,2.0,66.0,0.0,0.0,0.0,1,CENTRE DIV IMPOTS DE DOUALA 1,J,SERV. FOURN. AUX ENTREPRISES,1.0
0.0,21557.0,3.0,19.0,0.0,0.0,0.0,1,CENTRE DIV IMPOTS DE DOUALA 1,V,ACTIVITES FOURNIES PRINCIPALEMENT AUX ENTREPRISES,0.0
-1.0,1772540.0,3.0,3.0,0.0,0.0,0.0,1,CIME CENTRE DIVISIONAIRE DES IMPÔTS DOUALA 2,V,"INDUSTRIE DU CACAO, DU CAFE, DU THE, ET DU SUCRE",1.0
1.0,-568.0,1.0,2.0,0.0,0.0,0.0,1,CENTRE DIV IMPOTS DE DOUALA 1,J,ACTIVITES FOURNIES PRINCIPALEMENT AUX ENTREPRISES,0.0
-1.0,2059853.0,3.0,105.0,0.0,0.0,0.0,1,DIRECTION DES GRANDES ENTREPRISES,V,ASSURANCES,0.0
-1.0,-4274.0,3.0,110.0,0.0,0.0,0.0,1,CENTRE DES IMPOTS DES MOYENNES ENTREPRISES DOUALA BONANJO,V,ACTIVITES FINANCIERES ET D'ASSURANCE,0.0
0.0,-4639.0,3.0,102.0,0.0,0.0,0.0,1,CENTRE DIV IMPOTS DE DOUALA 1,J,COMMERCE GENERAL,0.0
-1.0,452067.0,3.0,19.0,0.0,0.0,0.0,1,CENTRE DIV IMPOTS DE DOUALA 1,V,AGENCES DE VOYAGE,0.0
0.0,21438.0,3.0,9.0,0.0,0.0,0.0,1,CENTRE DIV IMPOTS DE DOUALA 1,V,COMMERCE DE GROS ET DE DETAIL,1.0
0.0,209.0,3.0,10.0,0.0,0.0,0.0,1,CENTRE DIV IMPOTS DE DOUALA 2,J,COMMERCE DE GROS ET DE DETAIL,1.0
-1.0,467035.0,3.0,35.0,0.0,0.0,0.0,1,CENTRE DIV IMPOTS DE DOUALA 3,V,COMMERCE GENERAL,0.0
-1.0,284323.0,3.0,110.0,0.0,0.0,0.0,1,CENTRE DES IMPOTS DES PROFESSIONS LIBERALES DOUALA,V,COMPTABILITE,0.0
2.0,497330.0,0.0,36.0,0.0,0.0,0.0,1,CENTRE DIV IMPOTS DE DOUALA 1,R,COMMERCE GENERAL,0.0
-1.0,190606.0,0.0,53.0,0.0,0.0,0.0,1,CENTRE DIVI DES IMPOTS DE DOUALA 5,R,ASSISTANCE TECHNOLOGIQUE AUX ENTREPRISES,0.0
-1.0,921023.0,1.0,38.0,0.0,0.0,0.0,1,CENTRE DIV IMPOTS DE DOUALA 1,J,ACTIVITES D'INFORMATION ET DE TELECOMMUNICATIONS,0.0
0.0,-1006.0,3.0,122.0,0.0,0.0,0.0,1,CSPLI CENTRE DIVISIONAIRE DES IMPÔTS DOUALA 1,V,COMMUNICATIONS,0.0
1.0,20944.0,2.0,10.0,0.0,0.0,0.0,1,CENTRE DIV IMPOTS DE DOUALA 2,J,COMMERCE DE GROS ET DE DETAIL,1.0
-1.0,477442.0,2.0,80.0,0.0,0.0,0.0,1,CSPLI CENTRE DIVISIONAIRE DES IMPÔTS DOUALA 1,J,"PROFESSIONS LIBERALES, CABINETS COMPTABLES ET FISCAUX, CONSEILS JURIDIQUES, OFFICIERS MINISTERIELS",0.0
0.0,361823.0,1.0,20.0,0.0,0.0,0.0,1,CENTRE DIV IMPOTS DE DOUALA 1,J,"TRANSPORTS MARITIMES, TRANSPORTS FLUVIAUX, BACS",1.0
-1.0,2475092.0,2.0,268.0,0.0,0.0,0.0,1,CENTRE DIV IMPOTS DE DOUALA 1,J,AUXILIAIRES DES TRANSPORTS AERIENS,1.0
2.0,23227.0,3.0,23.0,0.0,0.0,0.0,1,CENTRE DIV IMPOTS DE DOUALA 3,J,"PROFESSIONS LIBERALES, CABINETS COMPTABLES ET FISCAUX, CONSEILS JURIDIQUES, OFFICIERS MINISTERIELS",0.0
-1.0,46003.0,3.0,56.0,0.0,0.0,0.0,1,CENTRE PRINCIPAL DES IMPOTS DU LITTORAL 1,V,SERV. FOURN. AUX ENTREPRISES,0.0
-1.0,9937.0,1.0,1.0,0.0,0.0,0.0,3,CENTRE DIV IMPOTS DE DOUALA 2,V,ACTIVITES EDUCATIVES,0.0
-1.0,5260415.0,0.0,109.0,0.0,0.0,0.0,1,CENTRE SPECIALISE DES IMPOTS,R,COMMERCE DE GROS ET DE DETAIL,0.0
-1.0,15741755.0,3.0,531.0,0.0,0.0,0.0,1,DIRECTION DES GRANDES ENTREPRISES,V,ASSURANCES,0.0
0.0,1646.0,3.0,17.0,0.0,0.0,0.0,1,CENTRE DIV IMPOTS DE DOUALA 4,V,ENTREPRISES D?ENTRETIEN ET DE NETTOYAGE D?IMMEUBLES,0.0
-1.0,324915.0,3.0,99.0,0.0,0.0,0.0,1,CENTRE DIV IMPOTS DE DOUALA 1,V,VENTE/PRODUCTEUR PHARMACEUTIQUE,0.0
-1.0,10925.0,3.0,31.0,0.0,0.0,0.0,3,CENTRE DIV IMPOTS DE DOUALA 1,V,ENSEIGNEMENT,0.0
0.0,10919.0,2.0,38.0,0.0,0.0,0.0,1,CENTRE DIV IMPOTS DE DOUALA 3,J,COMMERCE GENERAL,0.0
-1.0,981236.0,0.0,58.0,0.0,0.0,0.0,1,CENTRE DIV IMPOTS DE DOUALA 1,R,COMMERCE DE GROS ET DE DETAIL,0.0
0.0,7662406.0,2.0,166.0,0.0,0.0,0.0,1,CIME CENTRE DIVISIONAIRE DES IMPÔTS DOUALA 3,J,TRANSITAIRES ET AGREES EN DOUANE,1.0
0.0,42096.0,3.0,16.0,0.0,0.0,0.0,1,CENTRE DIV IMPOTS DE DOUALA 2,J,COMMERCE DE GROS ET DE DETAIL,1.0
0.0,6391287.0,0.0,284.0,0.0,0.0,0.0,1,CENTRE DIV IMPOTS DE DOUALA 1,R,SERVICES DE PUBLICITE,0.0
-1.0,248125.0,2.0,56.0,0.0,0.0,0.0,1,CENTRE DIV IMPOTS DE DOUALA 1,J,SERVICES TRAITEMENT t DONNEES,0.0
-1.0,14348.0,3.0,73.0,0.0,0.0,0.0,1,CENTRE DIV IMPOTS DE DOUALA 1,V,TRANSITAIRE ET AUXILIAIRES DES TRANSPORTS,1.0
3.0,2165275.0,3.0,266.0,0.0,0.0,0.0,1,CSPLI CENTRE DIVISIONAIRE DES IMPÔTS DOUALA 1,V,DETAILLANT PHARMACEUTIQUES,0.0
1.0,23834.0,3.0,283.0,0.0,0.0,0.0,1,CENTRE DIV IMPOTS DE DOUALA 3,J,COMMERCE DE GROS ET DE DETAIL,0.0
-1.0,58610.0,3.0,19.0,0.0,0.0,0.0,1,CENTRE DIV IMPOTS DE DOUALA 1,J,ACTIVITES FOURNIES PRINCIPALEMENT AUX ENTREPRISES,0.0
-1.0,32192.0,3.0,10.0,0.0,0.0,0.0,1,CENTRE DIV IMPOTS DE DOUALA 2,V,COMMERCE DE GROS ET DE DETAIL,1.0
-1.0,31681.0,3.0,10.0,0.0,0.0,0.0,1,CENTRE DIV IMPOTS DE DOUALA 2,V,COMMERCE DE GROS ET DE DETAIL,1.0
8.0,471306.0,0.0,33.0,0.0,0.0,0.0,1,CENTRE DIV IMPOTS DE DOUALA 1,R,BATIMENT ET TRAVAUX PUBLICS,1.0
-1.0,32178.0,3.0,10.0,0.0,0.0,0.0,1,CENTRE DIV IMPOTS DE DOUALA 2,V,COMMERCE DE GROS ET DE DETAIL,1.0
-1.0,21382.0,3.0,24.0,0.0,0.0,0.0,1,CENTRE DIV IMPOTS DE DOUALA 2,V,COMMERCE DE GROS ET DE DETAIL,0.0
0.0,-3205.0,3.0,17.0,0.0,0.0,0.0,1,CENTRE DIV IMPOTS DE DOUALA 2,V,COMMERCE DE GROS ET DE DETAIL,1.0
6.0,564177.0,0.0,50.0,0.0,0.0,0.0,1,CENTRE DIV IMPOTS DE DOUALA 1,R,"BLANCHISSERIE, TEINTURERIE",0.0
0.0,47026.0,3.0,15.0,0.0,0.0,0.0,1,CENTRE DIV IMPOTS DE DOUALA 2,V,ACTIVITES FOURNIES PRINCIPALEMENT AUX ENTREPRISES,0.0
-1.0,28242.0,3.0,3.0,0.0,0.0,0.0,1,CENTRE DIV IMPOTS DE DOUALA 2,V,ACTIVITES FOURNIES PRINCIPALEMENT AUX ENTREPRISES,0.0
0.0,15470.0,2.0,31.0,0.0,0.0,0.0,1,CENTRE DIV IMPOTS DE DOUALA 1,J,ACTIVITES FOURNIES PRINCIPALEMENT AUX ENTREPRISES,0.0
2.0,30416.0,3.0,23.0,0.0,0.0,0.0,1,CENTRE DIV IMPOTS DE DOUALA 2,J,COMMERCE DE GROS ET DE DETAIL,1.0
-1.0,0.0,2.0,0.0,0.0,0.0,0.0,1,CENTRE DIV IMPOTS DE DOUALA 1,R,ACTIVITES FOURNIES PRINCIPALEMENT AUX ENTREPRISES,0.0
-1.0,38260.0,3.0,22.0,0.0,0.0,0.0,2,CENTRE DIV IMPOTS DE DOUALA 1,V,COMMERCE DE GROS ET DE DETAIL,0.0
-1.0,46713.0,2.0,8.0,0.0,0.0,0.0,9,CENTRE DIV IMPOTS DE DOUALA 2,J,HEBERGEMENT ET RESTAURATION,0.0
-1.0,170509.0,3.0,229.0,0.0,0.0,0.0,1,CENTRE DIV IMPOTS DE DOUALA 10,J,SERVICES PERSONNELS N.C.A,0.0
-1.0,-1000.0,3.0,52.0,0.0,0.0,0.0,1,CENTRE DIV IMPOTS DE DOUALA 1,V,COMMERCE GENERAL,0.0
-1.0,326994.0,0.0,257.0,0.0,0.0,0.0,1,CENTRE DIV IMPOTS DE DOUALA 1,R,"BIB. MUSEES, JARDINS BOTANIQ. z",0.0
0.0,-9632.0,3.0,321.0,0.0,0.0,0.0,1,CENTRE DIV IMPOTS DE DOUALA 1,J,COMMERCE DE GROS ET DE DETAIL,0.0
0.0,72904.0,3.0,59.0,0.0,0.0,0.0,1,CENTRE DIV IMPOTS DE DOUALA 1,V,COMMERCE GENERAL,0.0
0.0,-221.0,1.0,1.0,0.0,0.0,0.0,1,CSI WOURI 2,V,ACTIVITES IMMOBILIERES,0.0
0.0,3338.0,3.0,121.0,0.0,0.0,0.0,1,CIME CENTRE DIVISIONAIRE DES IMPÔTS DOUALA 1,V,SERV. FOURN. AUX ENTREPRISES,0.0
-1.0,104094.0,3.0,291.0,0.0,0.0,0.0,1,CIME CENTRE DIVISIONAIRE DES IMPÔTS DOUALA 3,V,DETAILLANT COMMERCE GENERAL,0.0
0.0,3087.0,3.0,79.0,0.0,0.0,0.0,1,CENTRE DIV IMPOTS DE DOUALA 11,J,SERV. FOURN. AUX ENTREPRISES,0.0
-1.0,32601.0,3.0,95.0,0.0,0.0,0.0,1,CENTRE DIV DES IMPOTS DE YAOUNDE 2,V,SERV. FOURN. AUX ENTREPRISES,0.0
0.0,-68699.0,3.0,220.0,0.0,0.0,0.0,1,DIRECTION DES GRANDES ENTREPRISES,J,ACTIVITES FINANCIERES ET D'ASSURANCE,0.0
0.0,67838.0,0.0,2.0,0.0,0.0,0.0,1,CENTRE DIV IMPOTS DE DOUALA 1,R,ACTIVITES FOURNIES PRINCIPALEMENT AUX ENTREPRISES,0.0
0.0,3554.0,3.0,16.0,0.0,0.0,0.0,1,CENTRE DIV IMPOTS DE DOUALA 1,J,COMMERCE DE GROS ET DE DETAIL,1.0
-1.0,87374.0,2.0,73.0,0.0,0.0,0.0,1,CENTRE DIV IMPOTS DE DOUALA 1,J,SERV. FOURN. AUX ENTREPRISES,1.0
-1.0,282777.0,3.0,29.0,0.0,0.0,0.0,1,CENTRE DIV IMPOTS DE DOUALA 1,V,COMMERCE DE GROS ET DE DETAIL,0.0
-1.0,10680.0,3.0,9.0,0.0,0.0,0.0,1,CENTRE DES IMPOTS DES MOYENNES ENTREPRISES DOUALA AKWA 1,V,COMMERCE DE GROS ET DE DETAIL,1.0
-1.0,43124.0,3.0,41.0,0.0,0.0,0.0,1,CENTRE SPECIALISE DES IMPOTS,V,SOINS MEDICAUX d a SERVICES,0.0
-1.0,32183.0,1.0,63.0,0.0,0.0,0.0,1,CENTRE DIV IMPOTS DE DOUALA 1,J,SERV. FOURN. AUX ENTREPRISES,1.0
-1.0,21480.0,2.0,0.0,0.0,0.0,0.0,1,CENTRE DIV IMPOTS DE DOUALA 2,R,COMMERCE DE GROS ET DE DETAIL,1.0
1.0,31608.0,3.0,41.0,0.0,0.0,0.0,1,CENTRE DIV IMPOTS DE DOUALA 2,J,VENTE/PRODUCTEUR ENERGIE ET LUBRIFIANT,0.0
-1.0,50887.0,1.0,212.0,0.0,0.0,0.0,1,CSPLI CENTRE DIVISIONAIRE DES IMPÔTS DOUALA 3,J,SOINS MEDICAUX d a SERVICES,0.0
-1.0,102646.0,3.0,499.0,0.0,0.0,0.0,1,CENTRE DIV IMPOTS DE DOUALA 3,V,TRAVAUX ANNEXES DU BATIMENT,1.0
-1.0,751629.0,3.0,153.0,0.0,0.0,0.0,1,DGE CENTRE DIVISIONAIRE DES IMPÔTS DOUALA 3,V,COMMERCE DE GROS ET DE DETAIL,0.0
-1.0,20580.0,2.0,0.0,0.0,0.0,0.0,1,CENTRE DIV IMPOTS DE DOUALA 1,R,ACTIVITES FOURNIES PRINCIPALEMENT AUX ENTREPRISES,0.0
7.0,-321908.0,0.0,111.0,0.0,0.0,0.0,1,CIME CENTRE DIVISIONAIRE DES IMPÔTS DOUALA 2,R,VENTE/PRODUCTEUR ENERGIE ET LUBRIFIANT,0.0
4.0,0.0,0.0,5.0,0.0,0.0,0.0,1,CENTRE DIV IMPOTS DE DOUALA 1,R,ACTIVITES FOURNIES PRINCIPALEMENT AUX ENTREPRISES,0.0
3.0,-572.0,0.0,19.0,0.0,0.0,0.0,1,CENTRE DIVISIONNAIRE DES IMPOTS DE LIMBE,R,"BATIMENTS ET TRAVAUX PUBLICS : ENTREPRISES GENERALES DE BATIMENT, ENTREPRISES DE PEINTURE, D?INSTALLATIONS SANITAIRES, D?INSTALLATIONS ELECTRIQUES, DE ZINGUERIE, DE PLOMBERIE, DE VITRERIE ; CONSTRUCTION ET ENTRETIEN DES ROUTES, VOIES FERREES, CANALISATION D?EAU (OUVRAGES D?ART EXCLUS)",1.0
16.0,-16606.0,0.0,193.0,0.0,0.0,0.0,2,CENTRE DIV IMPOTS DE DOUALA 2,R,"ENTREPRISES FORESTIERES, SCIERIES",1.0
3.0,13377.0,0.0,5.0,0.0,0.0,0.0,1,CENTRE DIV IMPOTS DE DOUALA 1,R,ACTIVITES FOURNIES PRINCIPALEMENT AUX ENTREPRISES,0.0
3.0,752339.0,0.0,45.0,0.0,0.0,0.0,1,CENTRE DIV IMPOTS DE DOUALA 1,R,"AUTRES ACTIVITES FOURNIES A LA COLLECTIVITE, ACTIVITES SOCIALES ET PERSONNELLES",1.0
13.0,0.0,0.0,21.0,0.0,0.0,0.0,1,CENTRE DIV IMPOTS DE DOUALA 1,R,ACTIVITES FOURNIES PRINCIPALEMENT AUX ENTREPRISES,1.0
15.0,224561.0,0.0,32.0,0.0,0.0,0.0,1,CENTRE DIV IMPOTS DE DOUALA 1,R,COMMERCE GENERAL,0.0
59.0,81722.0,0.0,100.0,0.0,0.0,0.0,1,CENTRE DIV IMPOTS DE DOUALA 1,R,SERV. FOURN. AUX ENTREPRISES,0.0
15.0,12005.0,0.0,17.0,0.0,0.0,0.0,1,CENTRE DIV IMPOTS DE DOUALA 2,R,ACTIVITES D'INFORMATION ET DE TELECOMMUNICATIONS,0.0
13.0,8310.0,0.0,17.0,0.0,0.0,0.0,3,CENTRE DIV IMPOTS DE DOUALA 3,R,ACTIVITES EDUCATIVES,0.0
11.0,94423.0,0.0,186.0,0.0,0.0,0.0,1,CSPLI CENTRE DIVISIONAIRE DES IMPÔTS DOUALA 1,R,SOINS MEDICAUX d a SERVICES,0.0
0.0,80176.0,2.0,50.0,0.0,0.0,0.0,1,CENTRE DIV IMPOTS DE DOUALA 1,R,ACTIVITES FOURNIES PRINCIPALEMENT AUX ENTREPRISES,0.0
0.0,80176.0,2.0,50.0,0.0,0.0,0.0,1,CENTRE DIV IMPOTS DE DOUALA 3,R,ACTIVITES FOURNIES PRINCIPALEMENT AUX ENTREPRISES,0.0
7.0,55223.0,0.0,9.0,0.0,0.0,0.0,1,CENTRE DIV IMPOTS DE DOUALA 6,R,ACTIVITES FOURNIES PRINCIPALEMENT AUX ENTREPRISES,0.0
18.0,21478.0,0.0,24.0,0.0,0.0,0.0,1,CENTRE DIV IMPOTS DE DOUALA 1,R,TRANSITAIRES ET AGREES EN DOUANE,1.0
0.0,80176.0,0.0,119.0,0.0,0.0,0.0,1,CENTRE DIV IMPOTS DE DOUALA 1,R,ACTIVITES FOURNIES PRINCIPALEMENT AUX ENTREPRISES,0.0
29.0,78031.0,0.0,37.0,0.0,0.0,0.0,1,CENTRE DIV IMPOTS DE DOUALA 1,R,"PROFESSIONS LIBERALES, CABINETS COMPTABLES ET FISCAUX, CONSEILS JURIDIQUES, OFFICIERS MINISTERIELS",0.0
35.0,10171850.0,0.0,167.0,0.0,0.0,0.0,1,CIME CENTRE DIVISIONAIRE DES IMPÔTS DOUALA 3,R,SERV. FOURN. AUX ENT. SAUF LOCATION M-M,0.0
22.0,609808.0,0.0,42.0,0.0,0.0,0.0,1,CENTRE DIV IMPOTS DE DOUALA 1,R,SCIERIES ET RAVAIL MECANIQUE DU BOIS,1.0
69.0,208887.0,0.0,76.0,0.0,0.0,0.0,1,CENTRE DIV IMPOTS DE DOUALA 1,R,ACTIVITES D'INFORMATION ET DE TELECOMMUNICATIONS,0.0
0.0,80176.0,2.0,1.0,0.0,0.0,0.0,1,CENTRE DIV IMPOTS DE DOUALA 1,R,COMMERCE DE GROS ET DE DETAIL,1.0
60.0,98088.0,0.0,63.0,0.0,0.0,0.0,1,CENTRE DIV IMPOTS DE DOUALA 1,R,COMMUNICATIONS,0.0
0.0,80176.0,0.0,10.0,0.0,0.0,0.0,1,CENTRE DIV IMPOTS DE DOUALA 2,R,COMMERCE DE GROS ET DE DETAIL,1.0
0.0,80176.0,0.0,106.0,0.0,0.0,0.0,1,CENTRE DIV IMPOTS DE DOUALA 1,R,ACTIVITES FOURNIES PRINCIPALEMENT AUX ENTREPRISES,0.0
0.0,80176.0,0.0,6.0,0.0,0.0,0.0,1,CENTRE DIV IMPOTS DE DOUALA 1,R,ACTIVITES FOURNIES PRINCIPALEMENT AUX ENTREPRISES,0.0
0.0,80176.0,2.0,50.0,0.0,0.0,0.0,1,CENTRE DIV IMPOTS DE DOUALA 1,R,ACTIVITES D'INFORMATION ET DE TELECOMMUNICATIONS,0.0
18.0,57414.0,0.0,39.0,0.0,0.0,0.0,1,CENTRE DIV IMPOTS DE DOUALA 1,R,SERV. FOURN. AUX ENTREPRISES,1.0
0.0,80176.0,0.0,96.0,0.0,0.0,0.0,3,CENTRE DIV IMPOTS DE DOUALA 2,R,ACTIVITES EDUCATIVES,0.0
65.0,901918.0,0.0,100.0,0.0,0.0,0.0,9,CIME CENTRE DIVISIONAIRE DES IMPÔTS DOUALA 4,R,nan,0.0
11.0,1041.0,0.0,24.0,0.0,0.0,0.0,1,CENTRE DIV IMPOTS DE DOUALA 4,R,ACTIVITES EDUCATIVES,0.0
3.0,67914.0,0.0,21.0,0.0,0.0,0.0,1,CENTRE DES IMPOTS DES MOYENNES ENTREPRISES DOUALA BONANJO,R,COMMERCE DE GROS ET DE DETAIL,0.0
15.0,22824.0,0.0,51.0,0.0,0.0,0.0,1,CENTRE DIV IMPOTS DE DOUALA 1,R,AGENCE DE PRESSE,0.0
6.0,-2.0,0.0,7.0,0.0,0.0,0.0,1,CENTRE DIV IMPOTS DE DOUALA 1,R,ACTIVITES FOURNIES PRINCIPALEMENT AUX ENTREPRISES,0.0
44.0,5458.0,0.0,58.0,0.0,0.0,0.0,1,CENTRE SPECIALISE DES IMPOTS,R,COMMERCE GENERAL,0.0
0.0,80176.0,0.0,135.0,0.0,0.0,0.0,1,CENTRE DIVISIONNAIRE DES IMPÔTS DOUALA 12,R,ENTREPRISES DE GARDIENNAGE ET DE SURVEILLANCE ;,1.0
0.0,80176.0,0.0,120.0,0.0,0.0,0.0,1,CENTRE DIV IMPOTS DE DOUALA 2,R,ENTREPRISES DE GARDIENNAGE ET DE SURVEILLANCE ;,1.0
9.0,120446.0,0.0,26.0,0.0,0.0,0.0,1,CENTRE DIV IMPOTS DE DOUALA 1,R,COMMERCE DE GROS ET DE DETAIL,0.0
22.0,10487.0,0.0,51.0,0.0,0.0,0.0,3,CENTRE DIV IMPOTS DE DOUALA 3,R,ENSEIGNEMENT,0.0
9.0,222014.0,0.0,14.0,0.0,0.0,0.0,1,CENTRE DIV IMPOTS DE DOUALA 1,R,ASSISTANCE TECHNOLOGIQUE AUX ENTREPRISES,0.0
17.0,23281.0,0.0,76.0,0.0,0.0,0.0,1,DIRECTION DES GRANDES ENTREPRISES,R,TRANSITAIRES ET AGREES EN DOUANE,1.0
0.0,80176.0,2.0,50.0,0.0,0.0,0.0,1,CENTRE DIV IMPOTS DE DOUALA 2,R,AGENCES DE VOYAGE,0.0
38.0,2463274.0,0.0,198.0,0.0,0.0,0.0,1,CENTRE DIV IMPOTS DE DOUALA 6,R,"ELECTRICITE, GAZ ET EAUX",1.0
0.0,80176.0,0.0,34.0,0.0,0.0,0.0,1,CENTRE DIV IMPOTS DE DOUALA 3,R,"BATIMENTS ET TRAVAUX PUBLICS : ENTREPRISES GENERALES DE BATIMENT, ENTREPRISES DE PEINTURE, D?INSTALLATIONS SANITAIRES, D?INSTALLATIONS ELECTRIQUES, DE ZINGUERIE, DE PLOMBERIE, DE VITRERIE ; CONSTRUCTION ET ENTRETIEN DES ROUTES, VOIES FERREES, CANALISATION D?EAU (OUVRAGES D?ART EXCLUS)",1.0
5.0,8130.0,0.0,45.0,0.0,0.0,0.0,1,CENTRE DIV IMPOTS DE DOUALA 1,R,SOINS MEDICAUX d a SERVICES,0.0
0.0,80176.0,0.0,11.0,0.0,0.0,0.0,1,CENTRE DIV IMPOTS DE DOUALA 1,R,ACTIVITES FOURNIES PRINCIPALEMENT AUX ENTREPRISES,0.0
19.0,43902.0,0.0,23.0,0.0,0.0,0.0,1,CENTRE DIV IMPOTS DE DOUALA 1,R,COMMERCE DE GROS ET DE DETAIL,0.0
239.0,42082.0,0.0,282.0,0.0,0.0,0.0,9,CENTRE DIV IMPOTS DE DOUALA 3,R,nan,0.0
7.0,0.0,0.0,8.0,0.0,0.0,0.0,1,CENTRE DIVI DES IMPOTS DE DOUALA 5,R,ACTIVITES FOURNIES PRINCIPALEMENT AUX ENTREPRISES,0.0
44.0,892029.0,0.0,73.0,0.0,0.0,0.0,1,CENTRE DES IMPOTS DES MOYENNES ENTREPRISES DOUALA AKWA 2,R,COMMERCE DE GROS ET DE DETAIL,0.0
4.0,12865.0,0.0,21.0,0.0,0.0,0.0,1,CENTRE DIV IMPOTS DE DOUALA 2,R,ACTIVITES D'INFORMATION ET DE TELECOMMUNICATIONS,0.0
0.0,80176.0,0.0,4.0,0.0,0.0,0.0,1,CENTRE DES IMPOTS DES MOYENNES ENTREPRISES DOUALA AKWA 2,R,ACTIVITES FOURNIES PRINCIPALEMENT AUX ENTREPRISES,0.0
27.0,42596.0,0.0,57.0,0.0,0.0,0.0,1,CENTRE DIV IMPOTS DE DOUALA 10,R,AUTRES S. SOC. c FOURN A LA COLLEC,0.0
6.0,39417848.0,0.0,308.0,0.0,0.0,0.0,1,DIVISION DES GRANDES ENTREPRISES,R,TRANSPORTS PAR CAMIONS,1.0
34.0,-16128.0,0.0,230.0,0.0,0.0,0.0,1,CIME CENTRE DIVISIONAIRE DES IMPÔTS DOUALA 1,R,TRANSPORTS PAR LA VOIE TERRESTRE,1.0
5.0,776041.0,0.0,16.0,0.0,0.0,0.0,1,CIME CENTRE DIVISIONAIRE DES IMPÔTS DOUALA 2,R,TRANSPORTS ROUTIERS DE MARCHANDISES OU DE VOYAGEURS,1.0
6.0,500564609.0,0.0,429.0,0.0,0.0,0.0,1,DIVISION DES GRANDES ENTREPRISES,R,TRANSPORTS PAR CAMIONS,1.0
5.0,12075767.0,0.0,135.0,0.0,0.0,0.0,1,CENTRE DIV IMPOTS DE DOUALA 1,R,ACTIVITES FOURNIES PRINCIPALEMENT AUX ENTREPRISES,0.0
11.0,215875.0,0.0,458.0,0.0,0.0,0.0,1,CENTRE DIV IMPOTS DE DOUALA 3,R,TRANSPORT ET ENTREPOSAGE,1.0
3.0,24038205.0,0.0,409.0,0.0,0.0,0.0,1,CENTRE DES IMPOTS DES MOYENNES ENTREPRISES DOUALA BONANJO,R,TRANSITAIRE ET AUXILIAIRES DES TRANSPORTS,1.0
0.0,80176.0,0.0,1.0,0.0,0.0,0.0,1,CENTRE DIV IMPOTS DE DOUALA 1,R,TRANSITAIRES ET AGREES EN DOUANE,1.0
22.0,0.0,0.0,23.0,0.0,0.0,0.0,1,CENTRE DIV IMPOTS DE DOUALA 1,R,ACTIVITES FOURNIES PRINCIPALEMENT AUX ENTREPRISES,0.0
0.0,80176.0,2.0,50.0,0.0,0.0,0.0,1,CENTRE DIV IMPOTS DE DOUALA 1,R,ACTIVITES FINANCIERES ET D'ASSURANCE,0.0
0.0,80176.0,2.0,50.0,0.0,0.0,0.0,1,CENTRE DIV IMPOTS DE DOUALA 2,R,ACTIVITES FOURNIES PRINCIPALEMENT AUX ENTREPRISES,0.0
18.0,44380.0,0.0,66.0,0.0,0.0,0.0,1,CENTRE DIV IMPOTS DE DOUALA 1,R,SERV. FOURN. AUX ENTREPRISES,0.0
0.0,80176.0,0.0,2.0,0.0,0.0,0.0,1,CENTRE DIV IMPOTS DE DOUALA 1,R,ACTIVITES D'INFORMATION ET DE TELECOMMUNICATIONS,0.0
13.0,73078.0,0.0,49.0,0.0,0.0,0.0,1,CENTRE DIV IMPOTS DE DOUALA 6,R,ATELIER DE CONFECTION,1.0
0.0,80176.0,0.0,4.0,0.0,0.0,0.0,1,CENTRE DIV IMPOTS DE DOUALA 1,R,ACTIVITES FOURNIES PRINCIPALEMENT AUX ENTREPRISES,0.0
0.0,80176.0,0.0,60.0,0.0,0.0,0.0,1,CENTRE DIV IMPOTS DE DOUALA 3,R,ACTIVITES D'INFORMATION ET DE TELECOMMUNICATIONS,0.0
40.0,9424.0,0.0,53.0,0.0,0.0,0.0,1,CENTRE DIV IMPOTS DE DOUALA 1,R,COMMERCE GENERAL,0.0
3.0,442279.0,0.0,22.0,0.0,0.0,0.0,1,CENTRE DIV IMPOTS DE DOUALA 1,R,TRANSITAIRES ET AGREES EN DOUANE,1.0
18.0,43047.0,0.0,23.0,0.0,0.0,0.0,1,CENTRE DIV IMPOTS DE DOUALA 2,R,COMMERCE DE GROS ET DE DETAIL,1.0
21.0,893991.0,0.0,34.0,0.0,0.0,0.0,1,DIRECTION DES GRANDES ENTREPRISES,R,"IMPORTATEUR COMMERCE GENERAL,PRODUITS INDETERMINES",1.0
8.0,103180.0,0.0,154.0,0.0,0.0,0.0,1,CENTRE SPECIALISE DES IMPOTS,R,SOINS MEDICAUX d a SERVICES,0.0
3.0,38370.0,0.0,12.0,0.0,0.0,0.0,1,CENTRE DIV IMPOTS DE DOUALA 1,R,"FABRICATION DE MACHINES, D'APPAREILS ELECTRIQUES ET MATERIELS N.C.A",1.0
5.0,24630.0,0.0,33.0,0.0,0.0,0.0,1,CENTRE DIV IMPOTS DE DOUALA 2,R,COMMERCE GENERAL,0.0
16.0,193829.0,0.0,253.0,0.0,0.0,0.0,1,CENTRE PRINCIPAL DES IMPOTS DU LITTORAL 1,R,VENTE/PRODUCTEUR PRODUIT INDETERMINE,0.0
12.0,117166.0,0.0,78.0,0.0,0.0,0.0,1,CENTRE DIV IMPOTS DE DOUALA 1,R,ACTIVITES FOURNIES PRINCIPALEMENT AUX ENTREPRISES,0.0
0.0,80176.0,2.0,50.0,0.0,0.0,0.0,2,CENTRE DIV IMPOTS DE DOUALA 2,R,"AGRICULTURE ET ENTREPRISES AGRO-PASTORALES, HORTICULTURE, SYLVICULTURE",0.0
30.0,61743.0,0.0,36.0,0.0,0.0,0.0,9,CENTRE DIV IMPOTS DE DOUALA 1,R,nan,0.0
12.0,341418.0,0.0,102.0,0.0,0.0,0.0,1,CENTRE DIV IMPOTS DE DOUALA 1,R,SERV. FOURN. AUX ENTREPRISES,1.0
25.0,23593.0,0.0,38.0,0.0,0.0,0.0,1,CENTRE DIV IMPOTS DE DOUALA 1,R,TRANSPORTS ROUTIERS DE MARCHANDISES OU DE VOYAGEURS,1.0
41.0,251539.0,0.0,132.0,0.0,0.0,0.0,1,CENTRE DIV IMPOTS DE DOUALA 1,R,COMMUNICATIONS,0.0
29.0,179722.0,0.0,39.0,0.0,0.0,0.0,1,CENTRE PRINCIPAL DES IMPOTS DU CENTRE 1,R,ACTIVITES FOURNIES PRINCIPALEMENT AUX ENTREPRISES,1.0
13.0,35861.0,0.0,233.0,0.0,0.0,0.0,1,CENTRE DIV IMPOTS DE DOUALA 2,R,CONSTRUCTION DE BATIMENTS,1.0
70.0,148928.0,0.0,113.0,0.0,0.0,0.0,1,CIME CENTRE DIVISIONAIRE DES IMPÔTS DOUALA 1,R,BATIMENT ET TRAVAUX PUBLICS,1.0
14.0,73851.0,0.0,34.0,0.0,0.0,0.0,1,CENTRE DIV IMPOTS DE DOUALA 2,R,TRAVAUX ANNEXES DU BATIMENT,1.0
0.0,80176.0,0.0,25.0,0.0,0.0,0.0,1,CENTRE DIVISIONNAIRE DES IMPÔTS DOUALA 14,R,COMMERCE GENERAL,0.0
26.0,88120.0,0.0,54.0,0.0,0.0,0.0,1,CENTRE DIV IMPOTS DE DOUALA 10,R,COMMERCE GENERAL,0.0
4.0,30953.0,0.0,106.0,0.0,0.0,0.0,1,CSPLI CENTRE DIVISIONAIRE DES IMPÔTS DOUALA 3,R,SOINS MEDICAUX d a SERVICES,0.0
51.0,1298.0,0.0,71.0,0.0,0.0,0.0,1,CENTRE DIV IMPOTS DE DOUALA 1,R,SERV. FOURN. AUX ENTREPRISES,0.0
39.0,295300.0,0.0,56.0,0.0,0.0,0.0,1,CENTRE DIV IMPOTS DE DOUALA 1,R,TRANSITAIRE ET AUXILIAIRES DES TRANSPORTS,1.0
19.0,230910.0,0.0,36.0,0.0,0.0,0.0,1,CENTRE DIV IMPOTS DE DOUALA 2,R,ACTIVITES FOURNIES PRINCIPALEMENT AUX ENTREPRISES,1.0
0.0,80176.0,0.0,2.0,0.0,0.0,0.0,1,CENTRE DIV IMPOTS DE DOUALA 1,R,TRANSITAIRES ET AGREES EN DOUANE,1.0
74.0,0.0,0.0,75.0,0.0,0.0,0.0,1,CENTRE DIV IMPOTS DE DOUALA 1,R,ACTIVITES FOURNIES PRINCIPALEMENT AUX ENTREPRISES,0.0
3.0,0.0,0.0,25.0,0.0,0.0,0.0,9,CENTRE DIV IMPOTS DE DOUALA 1,R,nan,0.0
12.0,3045708.0,0.0,84.0,0.0,0.0,0.0,1,CSPLI CENTRE DIVISIONAIRE DES IMPÔTS DOUALA 1,R,COMMUNICATIONS,0.0
0.0,80176.0,0.0,1.0,0.0,0.0,0.0,1,CENTRE DIV IMPOTS DE DOUALA 2,R,COMMERCE DE GROS ET DE DETAIL,1.0
39.0,40250.0,0.0,231.0,0.0,0.0,0.0,1,CENTRE DIV IMPOTS DE DOUALA 10,R,SERV. FOURN. AUX ENTREPRISES,0.0
20.0,84238.0,0.0,30.0,0.0,0.0,0.0,1,CENTRE DIV IMPOTS DE DOUALA 1,R,COMMERCE DE GROS ET DE DETAIL,0.0
0.0,80176.0,0.0,43.0,0.0,0.0,0.0,1,CIME CENTRE DIVISIONAIRE DES IMPÔTS DOUALA 2,R,COMMERCE DE GROS ET DE DETAIL,1.0
20.0,-678.0,0.0,35.0,0.0,0.0,0.0,1,CENTRE DIV IMPOTS DE DOUALA 10,R,"AUTRES ACTIVITES FOURNIES A LA COLLECTIVITE, ACTIVITES SOCIALES ET PERSONNELLES",0.0
21.0,36046.0,0.0,65.0,0.0,0.0,0.0,1,CENTRE PRINCIPAL DES IMPOTS DU LITTORAL 1,R,COMMERCE GENERAL,0.0
3.0,-5.0,0.0,9.0,0.0,0.0,0.0,1,CENTRE DIV IMPOTS DE DOUALA 3,R,PRODUCTION ET DISTRIBUTION D'ELECTRICITE DE GAZ ET D'AIR CONDITIONNE,1.0
18.0,-1.0,0.0,32.0,0.0,0.0,0.0,1,CENTRE DIV IMPOTS DE DOUALA 2,R,ACTIVITES FOURNIES PRINCIPALEMENT AUX ENTREPRISES,0.0
5.0,196599.0,0.0,48.0,0.0,0.0,0.0,1,CENTRE DIV IMPOTS DE DOUALA 1,R,"ASSOCIATIONS PROFESSIONNELLES, SYNDICATS PROFESSIONNELS, CHAMBRES CONSULAIRES, PARTIS POLITIQUES",1.0
5.0,3787690.0,0.0,78.0,0.0,0.0,0.0,1,CENTRE DIV IMPOTS DE DOUALA 1,R,AUTRES S. SOC. c FOURN A LA COLLEC,0.0
0.0,80176.0,2.0,0.0,0.0,0.0,0.0,1,CENTRE DIV IMPOTS DE DOUALA 1,R,COMMERCE DE GROS ET DE DETAIL,1.0
8.0,1266911.0,0.0,157.0,0.0,0.0,0.0,1,CENTRE DIV IMPOTS DE DOUALA 3,R,ACTIVITES FOURNIES PRINCIPALEMENT AUX ENTREPRISES,0.0
39.0,2699.0,0.0,41.0,0.0,0.0,0.0,1,CENTRE DIV IMPOTS DE DOUALA 1,R,ASSURANCES,0.0
6.0,0.0,0.0,7.0,0.0,0.0,0.0,1,CENTRE DIV IMPOTS DE DOUALA 1,R,ACTIVITES IMMOBILIERES,0.0
0.0,80176.0,0.0,5.0,0.0,0.0,0.0,1,CENTRE DIV IMPOTS DE DOUALA 1,R,ACTIVITES FOURNIES PRINCIPALEMENT AUX ENTREPRISES,0.0
14.0,63496.0,0.0,32.0,0.0,0.0,0.0,1,CENTRE DIV IMPOTS DE DOUALA 3,R,SERV. FOURN. AUX ENTREPRISES,0.0
14.0,29926.0,0.0,32.0,0.0,0.0,0.0,1,CENTRE DIV IMPOTS DE DOUALA 1,R,COMMERCE GENERAL,0.0
0.0,80176.0,0.0,4.0,0.0,0.0,0.0,1,CENTRE DIV IMPOTS DE DOUALA 1,R,"TRANSPORTS MARITIMES, TRANSPORTS FLUVIAUX, BACS",1.0
18.0,1594271.0,0.0,144.0,0.0,0.0,0.0,1,CIME CENTRE DIVISIONAIRE DES IMPÔTS DOUALA 2,R,SERV. FOURN. AUX ENTREPRISES,0.0
3.0,-14911.0,0.0,50.0,0.0,0.0,0.0,1,CENTRE DIV IMPOTS DE DOUALA 1,R,ACTIVITES FOURNIES PRINCIPALEMENT AUX ENTREPRISES,1.0
39.0,34300.0,0.0,41.0,0.0,0.0,0.0,1,CENTRE DIV IMPOTS DE DOUALA 2,R,COMMERCE GENERAL,0.0
0.0,80176.0,0.0,2.0,0.0,0.0,0.0,1,CENTRE DIV IMPOTS DE DOUALA 1,R,TRANSPORTS ROUTIERS DE MARCHANDISES OU DE VOYAGEURS,1.0
5.0,199764.0,0.0,24.0,0.0,0.0,0.0,1,CENTRE DIV IMPOTS DE DOUALA 3,R,ACTIVITES FOURNIES PRINCIPALEMENT AUX ENTREPRISES,1.0
0.0,80176.0,0.0,17.0,0.0,0.0,0.0,1,CENTRE DIV IMPOTS DE DOUALA 1,R,COMMERCE DE GROS ET DE DETAIL,1.0
12.0,5417685.0,0.0,93.0,0.0,0.0,0.0,1,CENTRE DIV IMPOTS DE DOUALA 1,R,ACTIVITES D'INFORMATION ET DE TELECOMMUNICATIONS,0.0
5.0,0.0,0.0,25.0,0.0,0.0,0.0,1,CENTRE DIV IMPOTS DE DOUALA 2,R,"PROFESSIONS LIBERALES, CABINETS COMPTABLES ET FISCAUX, CONSEILS JURIDIQUES, OFFICIERS MINISTERIELS",0.0
39.0,-1489.0,0.0,248.0,0.0,0.0,0.0,1,CENTRE DIV IMPOTS DE DOUALA 1,R,"GENIE CIVIL CONSTRUCTION ROUTE, PONTS",1.0
0.0,80176.0,2.0,0.0,0.0,0.0,0.0,1,CENTRE DIV IMPOTS DE DOUALA 3,R,COMMERCE DE GROS ET DE DETAIL,1.0
22.0,1479395.0,0.0,322.0,0.0,0.0,0.0,1,CENTRE PRINCIPAL DES IMPOTS DU LITTORAL 2,R,TRANSITAIRE ET AUXILIAIRES DES TRANSPORTS,1.0
8.0,-40.0,0.0,9.0,0.0,0.0,0.0,1,CENTRE DIV IMPOTS DE DOUALA 1,R,ACTIVITES FOURNIES PRINCIPALEMENT AUX ENTREPRISES,0.0
6.0,-594.0,0.0,7.0,0.0,0.0,0.0,1,CENTRE DIV IMPOTS DE DOUALA 2,R,ACTIVITES FOURNIES PRINCIPALEMENT AUX ENTREPRISES,0.0
6.0,0.0,0.0,7.0,0.0,0.0,0.0,1,CENTRE DIV IMPOTS DE DOUALA 1,R,ACTIVITES FOURNIES PRINCIPALEMENT AUX ENTREPRISES,0.0
18.0,28295.0,0.0,27.0,0.0,0.0,0.0,1,CENTRE DIV IMPOTS DE DOUALA 1,R,ACTIVITES FOURNIES PRINCIPALEMENT AUX ENTREPRISES,0.0
10.0,3430327.0,0.0,113.0,0.0,0.0,0.0,1,CIME CENTRE DIVISIONAIRE DES IMPÔTS DOUALA 1,R,TRANSPORT ET ENTREPOSAGE,1.0
0.0,80176.0,0.0,81.0,0.0,0.0,0.0,1,CENTRE DIV IMPOTS DE DOUALA 2,R,ACTIVITES D'INFORMATION ET DE TELECOMMUNICATIONS,0.0
6.0,81640.0,0.0,8.0,0.0,0.0,0.0,1,CENTRE DIV IMPOTS DE DOUALA 1,R,ACTIVITES FOURNIES PRINCIPALEMENT AUX ENTREPRISES,0.0
0.0,80176.0,0.0,80.0,0.0,0.0,0.0,1,CENTRE DIV IMPOTS DE DOUALA 1,R,TRANSITAIRES ET AGREES EN DOUANE,1.0
22.0,514600.0,0.0,121.0,0.0,0.0,0.0,1,CENTRE DIV IMPOTS DE DOUALA 1,R,ACTIVITES FOURNIES PRINCIPALEMENT AUX ENTREPRISES,1.0
14.0,3233903.0,0.0,159.0,0.0,0.0,0.0,1,CSPLI CENTRE DIVISIONAIRE DES IMPÔTS DOUALA 1,R,TRANSPORT ET ENTREPOSAGE,1.0
21.0,199051.0,0.0,118.0,0.0,0.0,0.0,1,CENTRE DIV IMPOTS DE DOUALA 2,R,SERV. FOURN. AUX ENTREPRISES,0.0
3.0,-801.0,0.0,38.0,0.0,0.0,0.0,1,CENTRE DIV IMPOTS DE DOUALA 1,R,ADDUCTIONS ET DISTRIBUTION D?EAU,1.0
0.0,80176.0,2.0,1.0,0.0,0.0,0.0,1,CENTRE DIV IMPOTS DE DOUALA 2,R,COMMERCE DE GROS ET DE DETAIL,1.0
18.0,55395.0,0.0,122.0,0.0,0.0,0.0,1,CENTRE DIV IMPOTS DE DOUALA 3,R,AUTRES FABRICATIONS,0.0
25.0,54880.0,0.0,30.0,0.0,0.0,0.0,1,CENTRE DIV IMPOTS DE DOUALA 2,R,ACTIVITES FOURNIES PRINCIPALEMENT AUX ENTREPRISES,0.0
62.0,55454.0,0.0,172.0,0.0,0.0,0.0,1,CENTRE DIV IMPOTS DE DOUALA 1,R,"HOTELS, HOTELS MEUBLES e ANALOGUES",0.0
13.0,-10.0,0.0,14.0,0.0,0.0,0.0,1,CENTRE DIV IMPOTS DE DOUALA 2,R,ACTIVITES FOURNIES PRINCIPALEMENT AUX ENTREPRISES,0.0
33.0,50542.0,0.0,58.0,0.0,0.0,0.0,1,CENTRE DIV IMPOTS DE DOUALA 1,R,COMMERCE GENERAL,0.0
57.0,410736.0,0.0,91.0,0.0,0.0,0.0,1,CENTRE DIV IMPOTS DE DOUALA 1,R,SERV. FOURN. AUX ENTREPRISES,0.0
29.0,8323.0,0.0,41.0,0.0,0.0,0.0,1,CENTRE DIV IMPOTS DE DOUALA 1,R,SERV. FOURN. AUX ENTREPRISES,1.0
15.0,0.0,0.0,27.0,0.0,0.0,0.0,1,CENTRE DIV IMPOTS DE DOUALA 1,R,"AUTRES ACTIVITES FOURNIES A LA COLLECTIVITE, ACTIVITES SOCIALES ET PERSONNELLES",0.0
22.0,80048.0,0.0,25.0,0.0,0.0,0.0,1,CENTRE DIV IMPOTS DE DOUALA 1,R,TRANSPORTS ROUTIERS DE MARCHANDISES OU DE VOYAGEURS,1.0
13.0,246960.0,0.0,27.0,0.0,0.0,0.0,1,CIME CENTRE DIVISIONAIRE DES IMPÔTS DOUALA 2,R,ACTIVITES FOURNIES PRINCIPALEMENT AUX ENTREPRISES,0.0
0.0,80176.0,0.0,5.0,0.0,0.0,0.0,1,CENTRE DIV IMPOTS DE DOUALA 1,R,ACTIVITES FOURNIES PRINCIPALEMENT AUX ENTREPRISES,0.0
50.0,9935869.0,0.0,219.0,0.0,0.0,0.0,1,CSPLI CENTRE DIVISIONAIRE DES IMPÔTS DOUALA 3,R,SOINS MEDICAUX d a SERVICES,0.0
9.0,131098.0,0.0,39.0,0.0,0.0,0.0,1,CENTRE DIV IMPOTS DE DOUALA 2,R,ACTIVITES FOURNIES PRINCIPALEMENT AUX ENTREPRISES,0.0
12.0,-4275.0,0.0,14.0,0.0,0.0,0.0,1,CENTRE DIV IMPOTS DE DOUALA 1,R,ACTIVITES FOURNIES PRINCIPALEMENT AUX ENTREPRISES,0.0
27.0,95200.0,0.0,44.0,0.0,0.0,0.0,1,CENTRE DIV IMPOTS DE DOUALA 1,R,COMMERCE GENERAL,0.0
126.0,0.0,0.0,181.0,0.0,0.0,0.0,1,CENTRE DIV IMPOTS DE DOUALA 3,R,BATIMENT ET TRAVAUX PUBLICS,1.0
16.0,112161.0,0.0,59.0,0.0,0.0,0.0,1,CENTRE DIV IMPOTS DE DOUALA 2,R,ACTIVITES FOURNIES PRINCIPALEMENT AUX ENTREPRISES,0.0
72.0,22402.0,0.0,118.0,0.0,0.0,0.0,1,CENTRE DES IMPOTS DES MOYENNES ENTREPRISES DOUALA AKWA 1,R,TRANSPORTS AERIENS,1.0
5.0,3869249.0,0.0,207.0,0.0,0.0,0.0,1,CENTRE DIV IMPOTS DE DOUALA 8,R,COMMERCE DE GROS,0.0
37.0,41160.0,0.0,42.0,0.0,0.0,0.0,1,CENTRE DIV IMPOTS DE DOUALA 8,R,SERV. FOURN. AUX ENTREPRISES,0.0
5.0,72689.0,0.0,35.0,0.0,0.0,0.0,1,CENTRE DIVI DES IMPOTS DE DOUALA 5,R,"HOTELS, HOTELS MEUBLES e ANALOGUES",0.0
0.0,80176.0,0.0,2.0,0.0,0.0,0.0,9,CENTRE DES IMPOTS DES MOYENNES ENTREPRISES DOUALA BONANJO,R,HEBERGEMENT ET RESTAURATION,0.0
15.0,43218.0,0.0,20.0,0.0,0.0,0.0,1,CENTRE DIV IMPOTS DE DOUALA 2,R,COMMERCE DE GROS ET DE DETAIL,0.0
15.0,243909.0,0.0,123.0,0.0,0.0,0.0,1,CENTRE DIV IMPOTS DE DOUALA 1,R,COMMERCE GENERAL,0.0
0.0,80176.0,0.0,120.0,0.0,0.0,0.0,1,CENTRE DIV IMPOTS DE DOUALA 1,R,"BATIMENTS ET TRAVAUX PUBLICS : ENTREPRISES GENERALES DE BATIMENT, ENTREPRISES DE PEINTURE, D?INSTALLATIONS SANITAIRES, D?INSTALLATIONS ELECTRIQUES, DE ZINGUERIE, DE PLOMBERIE, DE VITRERIE ; CONSTRUCTION ET ENTRETIEN DES ROUTES, VOIES FERREES, CANALISATION D?EAU (OUVRAGES D?ART EXCLUS)",1.0
53.0,-12567.0,0.0,125.0,0.0,0.0,0.0,1,CENTRE DIV IMPOTS DE DOUALA 1,R,COMMERCE GENERAL,0.0
34.0,35031484.0,0.0,203.0,0.0,0.0,0.0,1,CENTRE DIV IMPOTS DE DOUALA 1,R,TRANSITAIRE ET AUXILIAIRES DES TRANSPORTS,1.0
39.0,313356.0,0.0,271.0,0.0,0.0,0.0,1,CENTRE DIV IMPOTS DE DOUALA 3,R,DETAILLANT ENERGIE ET LUBRIFIANT,1.0
20.0,11563301.0,0.0,190.0,0.0,0.0,0.0,1,CENTRE DIV IMPOTS DE DOUALA 10,R,BATIMENT ET TRAVAUX PUBLICS,1.0
11.0,-10.0,0.0,12.0,0.0,0.0,0.0,1,CENTRE DIV IMPOTS DE DOUALA 1,R,ACTIVITES FOURNIES PRINCIPALEMENT AUX ENTREPRISES,0.0
6.0,7426.0,0.0,36.0,0.0,0.0,0.0,1,CENTRE DES IMPOTS DES MOYENNES ENTREPRISES DOUALA AKWA 1,R,COMMERCE GENERAL,0.0
53.0,24616.0,0.0,116.0,0.0,0.0,0.0,1,CENTRE DIV IMPOTS DE DOUALA 2,R,RADIODIFFUSION ET TELEVISION,0.0
0.0,80176.0,0.0,37.0,0.0,0.0,0.0,1,CENTRE DIV IMPOTS DE DOUALA 1,R,ACTIVITES FOURNIES PRINCIPALEMENT AUX ENTREPRISES,0.0
21.0,-11177.0,0.0,27.0,0.0,0.0,0.0,1,CENTRE DIV IMPOTS DE DOUALA 1,R,COMMERCE DE GROS ET DE DETAIL,0.0
79.0,7515762.0,0.0,257.0,0.0,0.0,0.0,1,CENTRE DES IMPOTS DES MOYENNES ENTREPRISES DOUALA AKWA 1,R,REPARATION MATERIEL FERROVIAIRE,1.0
20.0,734923.0,0.0,108.0,0.0,0.0,0.0,1,CENTRE DIV IMPOTS DE DOUALA 2,R,FERRAILLEURS RECUPERATION DE MATERIAUX,1.0
0.0,80176.0,0.0,88.0,0.0,0.0,0.0,1,CENTRE DIV IMPOTS DE DOUALA 1,R,ACTIVITES FOURNIES PRINCIPALEMENT AUX ENTREPRISES,0.0
24.0,-100.0,0.0,25.0,0.0,0.0,0.0,1,CENTRE DIV IMPOTS DE DOUALA 1,R,ACTIVITES FOURNIES PRINCIPALEMENT AUX ENTREPRISES,1.0
5.0,76816.0,0.0,15.0,0.0,0.0,0.0,1,CENTRE DIV IMPOTS DE DOUALA 2,R,ACTIVITES FOURNIES PRINCIPALEMENT AUX ENTREPRISES,0.0
3.0,-140.0,0.0,8.0,0.0,0.0,0.0,1,CENTRE DIV IMPOTS DE DOUALA 1,R,ACTIVITES FOURNIES PRINCIPALEMENT AUX ENTREPRISES,0.0
9.0,978924.0,0.0,63.0,0.0,0.0,0.0,1,CENTRE DIV IMPOTS DE DOUALA 2,R,COMMERCE GENERAL,0.0
86.0,27507.0,0.0,186.0,0.0,0.0,0.0,1,CENTRE DIV IMPOTS DE DOUALA 3,R,COMMERCE DE GROS,0.0
33.0,851037.0,0.0,111.0,0.0,0.0,0.0,1,CIME CENTRE DIVISIONAIRE DES IMPÔTS DOUALA 1,R,RESTAURANTS ET DEBITS DE BOISSONS,0.0
41.0,480371.0,0.0,108.0,0.0,0.0,0.0,1,CENTRE SPECIALISE DES IMPOTS DU LITTORAL 5 (EDEA),R,SERV. FOURN. AUX ENTREPRISES,0.0
68.0,539627.0,0.0,142.0,0.0,0.0,0.0,1,CENTRE DIV IMPOTS DE DOUALA 2,R,COMMERCE GENERAL,0.0
9.0,-40.0,0.0,10.0,0.0,0.0,0.0,1,CENTRE DIV IMPOTS DE DOUALA 1,R,ACTIVITES FOURNIES PRINCIPALEMENT AUX ENTREPRISES,0.0
39.0,3921973.0,0.0,229.0,0.0,0.0,0.0,1,CIME CENTRE DIVISIONAIRE DES IMPÔTS DOUALA 1,R,"COM. GROS d,RESTAURATION h",0.0
39.0,1181536.0,0.0,119.0,0.0,0.0,0.0,1,CENTRE DIV IMPOTS DE DOUALA 2,R,SERV. FOURN. AUX ENTREPRISES,1.0
8.0,68941.0,0.0,15.0,0.0,0.0,0.0,1,CENTRE DIV IMPOTS DE DOUALA 3,R,ACTIVITES FOURNIES PRINCIPALEMENT AUX ENTREPRISES,0.0
7.0,-20.0,0.0,8.0,0.0,0.0,0.0,1,CENTRE DIV IMPOTS DE DOUALA 3,R,TRANSPORT ET ENTREPOSAGE,1.0
0.0,80176.0,0.0,11.0,0.0,0.0,0.0,1,CENTRE DIV IMPOTS DE DOUALA 3,R,COMMERCE DE GROS ET DE DETAIL,1.0
7.0,2108.0,0.0,11.0,0.0,0.0,0.0,1,CENTRE DIV IMPOTS DE DOUALA 1,R,COMMERCE DE GROS ET DE DETAIL,1.0
0.0,80176.0,0.0,1.0,0.0,0.0,0.0,1,CENTRE DIV IMPOTS DE DOUALA 1,R,ASSISTANCE TECHNOLOGIQUE AUX ENTREPRISES,0.0
72.0,4084538.0,0.0,99.0,0.0,0.0,0.0,1,CENTRE DIV IMPOTS DE DOUALA 1,R,CONSEIL JURIDIQUE,0.0
0.0,80176.0,0.0,3.0,0.0,0.0,0.0,1,CENTRE DIV IMPOTS DE DOUALA 1,R,ACTIVITES FOURNIES PRINCIPALEMENT AUX ENTREPRISES,0.0
10.0,-1940.0,0.0,12.0,0.0,0.0,0.0,1,CENTRE DIV IMPOTS DE DOUALA 1,R,TRANSPORTS ROUTIERS DE MARCHANDISES OU DE VOYAGEURS,1.0
41.0,391630.0,0.0,265.0,0.0,0.0,0.0,1,CIME CENTRE DIVISIONAIRE DES IMPÔTS DOUALA 1,R,VENTE/PRODUCTEUR ENERGIE ET LUBRIFIANT,0.0
10.0,68053.0,0.0,121.0,0.0,0.0,0.0,1,CENTRE DIV IMPOTS DE DOUALA 1,R,ACTIVITES D'INFORMATION ET DE TELECOMMUNICATIONS,0.0
6.0,23665061.0,0.0,191.0,0.0,0.0,0.0,1,DIRECTION DES GRANDES ENTREPRISES,R,VENTE/PRODUCTEUR PRODUIT INDETERMINE,0.0
20.0,29271887.0,0.0,206.0,0.0,0.0,0.0,1,CENTRE DIV IMPOTS DE DOUALA 10,R,TRANSPORT ET ENTREPOSAGE,1.0
0.0,80176.0,0.0,1.0,0.0,0.0,0.0,1,CENTRE DIV IMPOTS DE DOUALA 3,R,ACTIVITES FOURNIES PRINCIPALEMENT AUX ENTREPRISES,0.0
27.0,43905.0,0.0,50.0,0.0,0.0,0.0,9,CENTRE DIV IMPOTS DE DOUALA 1,R,nan,0.0
0.0,80176.0,0.0,6.0,0.0,0.0,0.0,1,CENTRE DIV IMPOTS DE DOUALA 2,R,COMMERCE DE GROS ET DE DETAIL,1.0
0.0,80176.0,0.0,2.0,0.0,0.0,0.0,1,CENTRE DIV IMPOTS DE DOUALA 2,R,COMMERCE DE GROS ET DE DETAIL,1.0
0.0,80176.0,2.0,1.0,0.0,0.0,0.0,1,CENTRE DIV IMPOTS DE DOUALA 2,R,ACTIVITES FOURNIES PRINCIPALEMENT AUX ENTREPRISES,0.0
26.0,163313.0,0.0,39.0,0.0,0.0,0.0,1,CENTRE DIV IMPOTS DE DOUALA 1,R,COMMERCE DE GROS ET DE DETAIL,0.0
14.0,106326.0,0.0,25.0,0.0,0.0,0.0,1,CENTRE DIV IMPOTS DE DOUALA 1,R,"BATIMENTS ET TRAVAUX PUBLICS : ENTREPRISES GENERALES DE BATIMENT, ENTREPRISES DE PEINTURE, D?INSTALLATIONS SANITAIRES, D?INSTALLATIONS ELECTRIQUES, DE ZINGUERIE, DE PLOMBERIE, DE VITRERIE ; CONSTRUCTION ET ENTRETIEN DES ROUTES, VOIES FERREES, CANALISATION D?EAU (OUVRAGES D?ART EXCLUS)",1.0
10.0,25573435.0,0.0,166.0,0.0,0.0,0.0,1,CENTRE DIV IMPOTS DE DOUALA 2,R,COMMERCE GENERAL,0.0
47.0,-169.0,0.0,67.0,0.0,0.0,0.0,1,CENTRE DIVISIONNAIRE DES IMPÔTS DOUALA 12,R,BATIMENT ET TRAVAUX PUBLICS,1.0
67.0,200749.0,0.0,536.0,0.0,0.0,0.0,1,CENTRE DES IMPOTS DES MOYENNES ENTREPRISES DOUALA AKWA 1,R,AUTRES S. SOC. c FOURN A LA COLLEC,0.0
38.0,1772268.0,0.0,148.0,0.0,0.0,0.0,1,CENTRE DIV IMPOTS DE DOUALA 3,R,TRANSPORTS PAR LA VOIE TERRESTRE,1.0
90.0,386525.0,0.0,129.0,0.0,0.0,0.0,1,CENTRE DIV IMPOTS DE DOUALA 1,R,COMMERCE GENERAL,1.0
3.0,21480.0,0.0,5.0,0.0,0.0,0.0,1,CENTRE DES IMPOTS DES MOYENNES ENTREPRISES DOUALA AKWA 1,R,COMMERCE DE GROS ET DE DETAIL,1.0
5.0,-1495.0,0.0,31.0,0.0,0.0,0.0,1,CENTRE DIV IMPOTS DE DOUALA 2,R,TRANSITAIRE ET AUXILIAIRES DES TRANSPORTS,1.0
48.0,-1310.0,0.0,50.0,0.0,0.0,0.0,1,CENTRE DIV IMPOTS DE DOUALA 1,R,SERV. FOURN. AUX PARTICULIERS m,1.0
22.0,220528.0,0.0,26.0,0.0,0.0,0.0,1,CENTRE DIV IMPOTS DE DOUALA 2,R,COMMERCE DE GROS ET DE DETAIL,1.0
29.0,45252.0,0.0,34.0,0.0,0.0,0.0,1,CENTRE DIV IMPOTS DE DOUALA 1,R,SERV. FOURN. AUX ENTREPRISES,1.0
20.0,68406.0,0.0,35.0,0.0,0.0,0.0,1,CENTRE DIV IMPOTS DE DOUALA 1,R,ACTIVITES IMMOBILIERES,0.0
0.0,80176.0,2.0,50.0,0.0,0.0,0.0,1,CENTRE DIV IMPOTS DE DOUALA 1,R,COMMERCE DE GROS ET DE DETAIL,1.0
11.0,-3.0,0.0,14.0,0.0,0.0,0.0,1,CENTRE DIV IMPOTS DE DOUALA 1,R,TRANSITAIRES ET AGREES EN DOUANE,1.0
0.0,80176.0,0.0,3.0,0.0,0.0,0.0,1,CENTRE DIV IMPOTS DE DOUALA 2,R,ACTIVITES FOURNIES PRINCIPALEMENT AUX ENTREPRISES,0.0
6.0,51443.0,0.0,15.0,0.0,0.0,0.0,1,CENTRE DIV IMPOTS DE DOUALA 1,R,ACTIVITES FOURNIES PRINCIPALEMENT AUX ENTREPRISES,0.0
6.0,30733.0,0.0,57.0,0.0,0.0,0.0,1,CENTRE DIV IMPOTS DE DOUALA 10,R,COMMERCE GENERAL,0.0
23.0,-247384.0,0.0,214.0,0.0,0.0,0.0,1,CIME CENTRE DIVISIONAIRE DES IMPÔTS DOUALA 1,R,TRANSPORTS ROUTIERS DE MARCHANDISES OU DE VOYAGEURS,1.0
0.0,80176.0,0.0,3.0,0.0,0.0,0.0,1,CENTRE DIV IMPOTS DE DOUALA 1,R,COMMERCE DE GROS ET DE DETAIL,1.0
3.0,15423.0,0.0,21.0,0.0,0.0,0.0,1,CENTRE DES IMPOTS DES MOYENNES ENTREPRISES DOUALA AKWA 1,R,COMMERCE DE GROS ET DE DETAIL,0.0
11.0,0.0,0.0,27.0,0.0,0.0,0.0,1,CENTRE DIV IMPOTS DE DOUALA 1,R,ACTIVITES FOURNIES PRINCIPALEMENT AUX ENTREPRISES,0.0
24.0,839121.0,0.0,139.0,0.0,0.0,0.0,1,CIME CENTRE DIVISIONAIRE DES IMPÔTS DOUALA 1,R,COMMERCE GENERAL,0.0
0.0,80176.0,0.0,3.0,0.0,0.0,0.0,1,CENTRE DIV IMPOTS DE DOUALA 2,R,ACTIVITES FOURNIES PRINCIPALEMENT AUX ENTREPRISES,0.0
22.0,3641155.0,0.0,100.0,0.0,0.0,0.0,1,CENTRE DIV IMPOTS DE DOUALA 2,R,ACTIVITES FOURNIES PRINCIPALEMENT AUX ENTREPRISES,0.0
14.0,158643.0,0.0,91.0,0.0,0.0,0.0,1,CENTRE PRINCIPAL DES IMPOTS DU LITTORAL 1,R,COMMERCE GENERAL,0.0
39.0,23195.0,0.0,79.0,0.0,0.0,0.0,1,CENTRE DIV IMPOTS DE DOUALA 13,R,AUTRES S. SOC. c FOURN A LA COLLEC,0.0
68.0,-164.0,0.0,79.0,0.0,0.0,0.0,1,CENTRE DIV IMPOTS DE DOUALA 1,R,SERVICE TECHNIQUE ET LABORATOIRES,1.0
35.0,469186.0,0.0,73.0,0.0,0.0,0.0,1,CENTRE DIV IMPOTS DE DOUALA 2,R,VENTE/PRODUCTEUR PHARMACEUTIQUE,0.0
5.0,1332626.0,0.0,154.0,0.0,0.0,0.0,1,CENTRE DIV IMPOTS DE DOUALA 3,R,TRANSITAIRES ET AGREES EN DOUANE,1.0
45.0,30932.0,0.0,77.0,0.0,0.0,0.0,1,CENTRE DIVISIONNAIRE DES IMPÔTS DOUALA 14,R,AUTRES S. SOC. c FOURN A LA COLLEC,0.0
51.0,256367.0,0.0,91.0,0.0,0.0,0.0,1,CIME CENTRE DIVISIONAIRE DES IMPÔTS DOUALA 1,R,COMMERCE GENERAL,0.0
54.0,28417.0,0.0,66.0,0.0,0.0,0.0,1,CENTRE DES IMPOTS DES MOYENNES ENTREPRISES DOUALA AKWA 1,R,ASSURANCES,1.0
3.0,-18.0,0.0,125.0,0.0,0.0,0.0,1,CENTRE DIV IMPOTS DE DOUALA 3,R,AUTRES S. SOC. c FOURN A LA COLLEC,0.0
3.0,28869.0,0.0,42.0,0.0,0.0,0.0,1,CENTRE DIV IMPOTS DE DOUALA 2,R,SERV. FOURN. AUX ENTREPRISES,0.0
3.0,149309.0,0.0,106.0,0.0,0.0,0.0,1,CENTRE DIV IMPOTS DE DOUALA 1,R,"BATIMENTS ET TRAVAUX PUBLICS : ENTREPRISES GENERALES DE BATIMENT, ENTREPRISES DE PEINTURE, D?INSTALLATIONS SANITAIRES, D?INSTALLATIONS ELECTRIQUES, DE ZINGUERIE, DE PLOMBERIE, DE VITRERIE ; CONSTRUCTION ET ENTRETIEN DES ROUTES, VOIES FERREES, CANALISATION D?EAU (OUVRAGES D?ART EXCLUS)",1.0
17.0,462441.0,0.0,25.0,0.0,0.0,0.0,1,CENTRE DIV IMPOTS DE DOUALA 1,R,ACTIVITES FOURNIES PRINCIPALEMENT AUX ENTREPRISES,0.0
0.0,80176.0,0.0,5.0,0.0,0.0,0.0,1,CENTRE DIV IMPOTS DE DOUALA 2,R,CONSTRUCTION,1.0
46.0,589718.0,0.0,157.0,0.0,0.0,0.0,1,CENTRE DIV IMPOTS DE DOUALA 1,R,RESTAURANTS ET DEBITS DE BOISSONS,0.0
0.0,80176.0,0.0,79.0,0.0,0.0,0.0,2,CSPLI CENTRE DIVISIONAIRE DES IMPÔTS DOUALA 1,R,"AGRICULTURE ET ENTREPRISES AGRO-PASTORALES, HORTICULTURE, SYLVICULTURE",0.0
6.0,45921.0,0.0,158.0,0.0,0.0,0.0,1,CSPLI CENTRE DIVISIONAIRE DES IMPÔTS DOUALA 1,R,VENTE/PRODUCTEUR PHARMACEUTIQUE,0.0
20.0,4005.0,0.0,69.0,0.0,0.0,0.0,1,CENTRE DIV DES IMPOTS DE YAOUNDE 1,R,SERV. FOURN. AUX ENTREPRISES,1.0
42.0,27695.0,0.0,46.0,0.0,0.0,0.0,1,CENTRE DIV IMPOTS DE DOUALA 10,R,TRANSITAIRE ET AUXILIAIRES DES TRANSPORTS,1.0
0.0,80176.0,0.0,3.0,0.0,0.0,0.0,1,CENTRE DIV IMPOTS DE DOUALA 2,R,TRANSPORTS ROUTIERS DE MARCHANDISES OU DE VOYAGEURS,1.0
3.0,6259.0,0.0,30.0,0.0,0.0,0.0,1,CENTRE DES IMPOTS DES MOYENNES ENTREPRISES DOUALA AKWA 1,R,TRANSPORTS ROUTIERS DE MARCHANDISES OU DE VOYAGEURS,0.0
0.0,80176.0,0.0,38.0,0.0,0.0,0.0,1,CENTRE DIV IMPOTS DE DOUALA 11,R,ACTIVITES FOURNIES PRINCIPALEMENT AUX ENTREPRISES,0.0
15.0,470823.0,0.0,122.0,0.0,0.0,0.0,1,CENTRE DIV IMPOTS DE DOUALA 2,R,SERV. FOURN. AUX ENTREPRISES,1.0
25.0,488987.0,0.0,59.0,0.0,0.0,0.0,1,CENTRE DIV IMPOTS DE DOUALA 2,R,COMMERCE DE DETAIL,0.0
4.0,43218.0,0.0,6.0,0.0,0.0,0.0,1,CENTRE DIV IMPOTS DE DOUALA 1,R,ACTIVITES FOURNIES PRINCIPALEMENT AUX ENTREPRISES,0.0
12.0,97605.0,0.0,18.0,0.0,0.0,0.0,1,CENTRE DIV IMPOTS DE DOUALA 1,R,ACTIVITES FOURNIES PRINCIPALEMENT AUX ENTREPRISES,0.0
17.0,651558.0,0.0,26.0,0.0,0.0,0.0,1,CENTRE DIV IMPOTS DE DOUALA 1,R,TRANSITAIRES ET AGREES EN DOUANE,1.0
12.0,226433.0,0.0,47.0,0.0,0.0,0.0,1,CENTRE DIV IMPOTS DE DOUALA 1,R,SERV. FOURN. AUX PARTICULIERS m,0.0
3.0,226892.0,0.0,8.0,0.0,0.0,0.0,1,CENTRE DIV IMPOTS DE DOUALA 1,R,COMMERCE DE GROS ET DE DETAIL,1.0
39.0,256363.0,0.0,219.0,0.0,0.0,0.0,1,CENTRE DIV IMPOTS DE DOUALA 10,R,SERV. FOURN. AUX ENTREPRISES,0.0
3.0,68352.0,0.0,158.0,0.0,0.0,0.0,1,CENTRE DIV IMPOTS DE DOUALA 2,R,COMMERCE GENERAL,0.0
22.0,-10617.0,0.0,138.0,0.0,0.0,0.0,1,CENTRE DIV IMPOTS DE DOUALA 1,R,SERV. FOURN. AUX ENTREPRISES,0.0
0.0,80176.0,0.0,1.0,0.0,0.0,0.0,9,CENTRE DIV IMPOTS DE DOUALA 2,R,HEBERGEMENT ET RESTAURATION,0.0
27.0,-1.0,0.0,36.0,0.0,0.0,0.0,1,CENTRE DIV IMPOTS DE DOUALA 2,R,TRANSPORTS PAR LA VOIE TERRESTRE,1.0
41.0,100137.0,0.0,65.0,0.0,0.0,0.0,1,CENTRE DIV IMPOTS DE DOUALA 2,R,COMMERCE GENERAL,0.0
3.0,-4.0,0.0,86.0,0.0,0.0,0.0,1,CENTRE DIV IMPOTS DE DOUALA 11,R,COMMERCE GENERAL,1.0
3.0,496842.0,0.0,28.0,0.0,0.0,0.0,1,CENTRE DIV IMPOTS DE DOUALA 1,R,COMMERCE DE GROS ET DE DETAIL,1.0
20.0,-223.0,0.0,33.0,0.0,0.0,0.0,1,CENTRE DIV IMPOTS DE DOUALA 1,R,SERV. FOURN. AUX ENTREPRISES,0.0
41.0,1411623.0,0.0,59.0,0.0,0.0,0.0,1,CSPLI CENTRE DIVISIONAIRE DES IMPÔTS DOUALA 1,R,SERV. FOURN. AUX ENTREPRISES,1.0
10.0,40220.0,0.0,18.0,0.0,0.0,0.0,1,CENTRE DIV IMPOTS DE DOUALA 2,R,FABRICATION DE PRODUITS CHIMIQUES ET PHARMACEUTIQUES,1.0
11.0,-2353.0,0.0,25.0,0.0,0.0,0.0,1,CENTRE DIV IMPOTS DE DOUALA 1,R,ACTIVITES FOURNIES PRINCIPALEMENT AUX ENTREPRISES,0.0
4.0,4039.0,0.0,14.0,0.0,0.0,0.0,1,CENTRE DIV IMPOTS DE DOUALA 2,R,TRANSPORTS ROUTIERS DE MARCHANDISES OU DE VOYAGEURS,1.0
20.0,150122.0,0.0,23.0,0.0,0.0,0.0,1,CENTRE DIV IMPOTS DE DOUALA 1,R,ACTIVITES FOURNIES PRINCIPALEMENT AUX ENTREPRISES,0.0
18.0,777781.0,0.0,98.0,0.0,0.0,0.0,1,CENTRE DIV IMPOTS DE DOUALA 1,R,PECHE EN NAVIRE,1.0
39.0,-3430.0,0.0,49.0,0.0,0.0,0.0,1,CENTRE DIV IMPOTS DE DOUALA 13,R,SERV. FOURN. AUX ENTREPRISES,0.0
28.0,5701.0,0.0,45.0,0.0,0.0,0.0,1,CENTRE DIV IMPOTS DE DOUALA 3,R,SALONS DE COIFFURE i DE BEAUTE,0.0
0.0,80176.0,0.0,20.0,0.0,0.0,0.0,1,CENTRE DIV IMPOTS DE DOUALA 1,R,FABRICATION DE PRODUITS METALLURGIQUES DE BASE ET D'OUVRAGES EN METAUX,1.0
4.0,21869.0,0.0,123.0,0.0,0.0,0.0,1,CENTRE DES IMPOTS DES MOYENNES ENTREPRISES DOUALA AKWA 1,R,"ELECTRICITE, GAZ ET EAUX",1.0
33.0,751929.0,0.0,84.0,0.0,0.0,0.0,1,CENTRE DIV IMPOTS DE DOUALA 1,R,COMMERCE GENERAL,0.0
3.0,1590153.0,0.0,59.0,0.0,0.0,0.0,1,CENTRE DIV IMPOTS DE DOUALA 1,R,COMMERCE GENERAL,0.0
0.0,80176.0,0.0,57.0,0.0,0.0,0.0,1,CENTRE DIV IMPOTS DE DOUALA 1,R,"BATIMENTS ET TRAVAUX PUBLICS : ENTREPRISES GENERALES DE BATIMENT, ENTREPRISES DE PEINTURE, D?INSTALLATIONS SANITAIRES, D?INSTALLATIONS ELECTRIQUES, DE ZINGUERIE, DE PLOMBERIE, DE VITRERIE ; CONSTRUCTION ET ENTRETIEN DES ROUTES, VOIES FERREES, CANALISATION D?EAU (OUVRAGES D?ART EXCLUS)",1.0
3.0,5688179.0,0.0,79.0,0.0,0.0,0.0,1,CENTRE DIV IMPOTS DE DOUALA 1,R,SERV. FOURN. AUX ENTREPRISES,0.0
17.0,268893.0,0.0,30.0,0.0,0.0,0.0,1,CENTRE DIV IMPOTS DE DOUALA 3,R,ACTIVITES FOURNIES PRINCIPALEMENT AUX ENTREPRISES,0.0
7.0,181124.0,0.0,22.0,0.0,0.0,0.0,1,CENTRE DIV IMPOTS DE DOUALA 2,R,COMMERCE DE GROS ET DE DETAIL,1.0
68.0,446913.0,0.0,176.0,0.0,0.0,0.0,1,DGE CENTRE DIVISIONAIRE DES IMPÔTS DOUALA 8,R,COMMERCE GENERAL,0.0
0.0,80176.0,0.0,7.0,0.0,0.0,0.0,1,CENTRE DIV IMPOTS DE DOUALA 1,R,ACTIVITES FOURNIES PRINCIPALEMENT AUX ENTREPRISES,0.0
24.0,89432.0,0.0,46.0,0.0,0.0,0.0,1,CENTRE DIV IMPOTS DE DOUALA 1,R,"BATIMENTS ET TRAVAUX PUBLICS : ENTREPRISES GENERALES DE BATIMENT, ENTREPRISES DE PEINTURE, D?INSTALLATIONS SANITAIRES, D?INSTALLATIONS ELECTRIQUES, DE ZINGUERIE, DE PLOMBERIE, DE VITRERIE ; CONSTRUCTION ET ENTRETIEN DES ROUTES, VOIES FERREES, CANALISATION D?EAU (OUVRAGES D?ART EXCLUS)",1.0
33.0,558595.0,0.0,105.0,0.0,0.0,0.0,1,CENTRE DIV IMPOTS DE DOUALA 1,R,COMMERCE DE GROS ET DE DETAIL,0.0
61.0,22638.0,0.0,63.0,0.0,0.0,0.0,1,CENTRE DIV IMPOTS DE DOUALA 1,R,AGENCES DE VOYAGE,0.0
41.0,51367.0,0.0,130.0,0.0,0.0,0.0,1,CENTRE DIV IMPOTS DE DOUALA 3,R,COMMUNICATIONS,0.0
10.0,245725.0,0.0,54.0,0.0,0.0,0.0,1,CENTRE DIV IMPOTS DE DOUALA 10,R,COMMERCE GENERAL,0.0
14.0,226818.0,0.0,51.0,0.0,0.0,0.0,2,CENTRE DIV IMPOTS DE DOUALA 2,R,"AGRICULTURE ET ENTREPRISES AGRO-PASTORALES, HORTICULTURE, SYLVICULTURE",0.0
20.0,35800.0,0.0,23.0,0.0,0.0,0.0,1,CENTRE DIV IMPOTS DE DOUALA 1,R,TRANSITAIRES ET AGREES EN DOUANE,1.0
31.0,78761.0,0.0,34.0,0.0,0.0,0.0,1,CENTRE DIV IMPOTS DE DOUALA 1,R,COMMERCE GENERAL,1.0
28.0,787200.0,0.0,43.0,0.0,0.0,0.0,1,CENTRE DES IMPOTS DES MOYENNES ENTREPRISES DOUALA AKWA 1,R,TRANSPORTS ROUTIERS DE MARCHANDISES OU DE VOYAGEURS,1.0
34.0,75463.0,0.0,41.0,0.0,0.0,0.0,1,CENTRE DIV IMPOTS DE DOUALA 1,R,"HOTELS, HOTELS MEUBLES e ANALOGUES",0.0
9.0,0.0,0.0,10.0,0.0,0.0,0.0,1,CENTRE DIV IMPOTS DE DOUALA 1,R,"AUTRES ACTIVITES FOURNIES A LA COLLECTIVITE, ACTIVITES SOCIALES ET PERSONNELLES",0.0
21.0,0.0,0.0,22.0,0.0,0.0,0.0,1,CENTRE DIV IMPOTS DE DOUALA 1,R,COMMERCE DE GROS ET DE DETAIL,0.0
25.0,170030.0,0.0,43.0,0.0,0.0,0.0,1,CENTRE DIV IMPOTS DE DOUALA 1,R,COMMERCE DE GROS,0.0
0.0,80176.0,0.0,51.0,0.0,0.0,0.0,9,CENTRE DIV IMPOTS DE DOUALA 2,R,ABATTOIRS,1.0
66.0,534433.0,0.0,71.0,0.0,0.0,0.0,1,CENTRE DIV IMPOTS DE DOUALA 1,R,"ELECTRICITE, GAZ ET EAUX",1.0
13.0,61530.0,0.0,19.0,0.0,0.0,0.0,1,CENTRE DIV IMPOTS DE DOUALA 1,R,ACTIVITES FOURNIES PRINCIPALEMENT AUX ENTREPRISES,0.0
39.0,238882.0,0.0,242.0,0.0,0.0,0.0,1,CENTRE DIV IMPOTS DE DOUALA 3,R,SERV. DE REPARATION NON CLASSES AILLEURS,0.0
17.0,262256.0,0.0,42.0,0.0,0.0,0.0,1,CENTRE DIV IMPOTS DE DOUALA 1,R,"VENTE/PRODUCTEUR VEHICULE, ENGIN, PNEU",0.0
28.0,176508.0,0.0,75.0,0.0,0.0,0.0,1,CENTRE DIV IMPOTS DE DOUALA 13,R,ELEVAGE DE VOLAILLES,1.0
26.0,3216111.0,0.0,138.0,0.0,0.0,0.0,1,CENTRE DIV IMPOTS DE DOUALA 10,R,"BOULANGERIES, PATISSERIES, BISCUITERIES, FABRICATION DE PRODUITS A BASE DE CEREALES",1.0
0.0,80176.0,0.0,21.0,0.0,0.0,0.0,1,CENTRE DIV IMPOTS DE DOUALA 2,R,"AUTRES ACTIVITES FOURNIES A LA COLLECTIVITE, ACTIVITES SOCIALES ET PERSONNELLES",0.0
15.0,34368.0,0.0,19.0,0.0,0.0,0.0,1,CENTRE DES IMPOTS DES MOYENNES ENTREPRISES DOUALA BONANJO,R,COMMERCE DE GROS ET DE DETAIL,1.0
26.0,1243665.0,0.0,129.0,0.0,0.0,0.0,1,CENTRE DES IMPOTS DES MOYENNES ENTREPRISES DOUALA AKWA 1,R,SERV. FOURN. AUX ENTREPRISES,1.0
0.0,80176.0,0.0,3.0,0.0,0.0,0.0,1,CENTRE DIV IMPOTS DE DOUALA 1,R,"PROFESSIONS LIBERALES, CABINETS COMPTABLES ET FISCAUX, CONSEILS JURIDIQUES, OFFICIERS MINISTERIELS",0.0
18.0,570125.0,0.0,270.0,0.0,0.0,0.0,1,CSPLI CENTRE DIVISIONAIRE DES IMPÔTS DOUALA 2,R,AGENCES IMMOBILIERES,0.0
40.0,79204.0,0.0,67.0,0.0,0.0,0.0,1,CENTRE DIV IMPOTS DE DOUALA 1,R,AGENCES IMMOBILIAIRES,0.0
41.0,22134.0,0.0,91.0,0.0,0.0,0.0,1,CSPLI CENTRE DIVISIONAIRE DES IMPÔTS DOUALA 1,R,SERV. FOURN. AUX ENTREPRISES,0.0
11.0,282683.0,0.0,20.0,0.0,0.0,0.0,1,CENTRE DES IMPOTS DES PROFESSIONS LIBERALES DOUALA,R,ACTIVITES IMMOBILIERES,0.0
24.0,116991.0,0.0,42.0,0.0,0.0,0.0,1,CSI WOURI 1,R,LOCATION MATERIEL ET IMMEUBLE COMMERCIAL,0.0
30.0,217189.0,0.0,92.0,0.0,0.0,0.0,1,CSPLI CENTRE DIVISIONAIRE DES IMPÔTS DOUALA 1,R,COMMERCE GENERAL,0.0
22.0,44933.0,0.0,23.0,0.0,0.0,0.0,1,CSPLI CENTRE DIVISIONAIRE DES IMPÔTS DOUALA 1,R,ACTIVITES IMMOBILIERES,0.0
16.0,-5700.0,0.0,27.0,0.0,0.0,0.0,1,CSI WOURI 1,R,ACTIVITES IMMOBILIERES,0.0
3.0,-178.0,0.0,29.0,0.0,0.0,0.0,1,CENTRE DIV IMPOTS DE DOUALA 1,R,ACTIVITES IMMOBILIERES,0.0
0.0,80176.0,0.0,15.0,0.0,0.0,0.0,1,CENTRE DIV IMPOTS DE DOUALA 2,R,CONSTRUCTION,1.0
0.0,80176.0,2.0,0.0,0.0,0.0,0.0,1,CENTRE DIV IMPOTS DE DOUALA 1,R,ACTIVITES IMMOBILIERES,0.0
0.0,80176.0,2.0,0.0,0.0,0.0,0.0,1,CSPLI CENTRE DIVISIONAIRE DES IMPÔTS DOUALA 1,R,ACTIVITES FOURNIES PRINCIPALEMENT AUX ENTREPRISES,0.0
41.0,206921.0,0.0,123.0,0.0,0.0,0.0,1,CENTRE DIV IMPOTS DE DOUALA 2,R,SERV. FOURN. AUX ENTREPRISES,1.0
19.0,248283.0,0.0,280.0,0.0,0.0,0.0,1,CSPLI CENTRE DIVISIONAIRE DES IMPÔTS DOUALA 2,R,AGENCES IMMOBILIERES,0.0
16.0,35120.0,0.0,67.0,0.0,0.0,0.0,1,CENTRE DIV IMPOTS DE DOUALA 1,R,COMMUNICATIONS,0.0
4.0,1263955.0,0.0,25.0,0.0,0.0,0.0,1,CENTRE DIV IMPOTS DE DOUALA 1,R,ACTIVITES FOURNIES PRINCIPALEMENT AUX ENTREPRISES,0.0
3.0,16274855.0,0.0,153.0,0.0,0.0,0.0,1,CENTRE DIV IMPOTS DE DOUALA 2,R,TRANSPORTS AERIENS,1.0
4.0,98808.0,0.0,6.0,0.0,0.0,0.0,1,CENTRE DIV IMPOTS DE DOUALA 1,R,REPARATION DE VEHICULES,1.0
3.0,-1.0,0.0,165.0,0.0,0.0,0.0,1,CENTRE DIV IMPOTS DE DOUALA 3,R,COMMERCE GENERAL,0.0
64.0,3462868.0,0.0,127.0,0.0,0.0,0.0,1,CSPLI CENTRE DIVISIONAIRE DES IMPÔTS DOUALA 1,R,"PROFESSIONS LIBERALES, CABINETS COMPTABLES ET FISCAUX, CONSEILS JURIDIQUES, OFFICIERS MINISTERIELS",0.0
10.0,46674.0,0.0,58.0,0.0,0.0,0.0,1,CENTRE DIV IMPOTS DE DOUALA 1,R,COMMERCE GENERAL,0.0
21.0,299714.0,0.0,78.0,0.0,0.0,0.0,1,CSPLI CENTRE DIVISIONAIRE DES IMPÔTS DOUALA 1,R,AUTRES S. SOC. c FOURN A LA COLLEC,0.0
26.0,157164.0,0.0,39.0,0.0,0.0,0.0,1,CENTRE DIV IMPOTS DE DOUALA 1,R,COMMERCE GENERAL,1.0
35.0,536805.0,0.0,121.0,0.0,0.0,0.0,1,CENTRE DIV IMPOTS DE DOUALA 10,R,SERV. FOURN. AUX ENTREPRISES,0.0
28.0,1729421.0,0.0,144.0,0.0,0.0,0.0,1,CENTRE DIV IMPOTS DE DOUALA 3,R,BATIMENT ET TRAVAUX PUBLICS,1.0
14.0,25199.0,0.0,25.0,0.0,0.0,0.0,1,CENTRE DIV IMPOTS DE DOUALA 1,R,TRANSPORTS ROUTIERS DE MARCHANDISES OU DE VOYAGEURS,1.0
0.0,80176.0,0.0,288.0,0.0,0.0,0.0,1,CENTRE DIV IMPOTS DE DOUALA 1,R,REPARATION DE VEHICULES,1.0
25.0,511717.0,0.0,106.0,0.0,0.0,0.0,1,CENTRE DIV IMPOTS DE DOUALA 1,R,SERV. FOURN. AUX ENTREPRISES,0.0
15.0,76932.0,0.0,25.0,0.0,0.0,0.0,1,CENTRE DES IMPOTS DES MOYENNES ENTREPRISES DOUALA AKWA 1,R,COMMERCE DE GROS ET DE DETAIL,1.0
11.0,-991.0,0.0,17.0,0.0,0.0,0.0,1,CENTRE DIV IMPOTS DE DOUALA 1,R,TRANSITAIRES ET AGREES EN DOUANE,1.0
27.0,526282.0,0.0,149.0,0.0,0.0,0.0,1,nan,R,COMMERCE GENERAL,0.0
13.0,53036.0,0.0,89.0,0.0,0.0,0.0,1,CENTRE DIV IMPOTS DE DOUALA 1,R,TRAVAUX ANNEXES DU BATIMENT,1.0
64.0,64440.0,0.0,72.0,0.0,0.0,0.0,1,CENTRE DIV IMPOTS DE DOUALA 1,R,TRANSITAIRE ET AUXILIAIRES DES TRANSPORTS,1.0
24.0,1167553.0,0.0,99.0,0.0,0.0,0.0,1,CENTRE DIV IMPOTS DE DOUALA 1,R,"OPERATIONS DE TRANSIT, CONSIGNATION DE NAVIRES",1.0
0.0,80176.0,2.0,1.0,0.0,0.0,0.0,1,CIME CENTRE DIVISIONAIRE DES IMPÔTS DOUALA 2,R,TRANSPORTS ROUTIERS DE MARCHANDISES OU DE VOYAGEURS,1.0
28.0,1540905.0,0.0,61.0,0.0,0.0,0.0,1,CENTRE DIV IMPOTS DE DOUALA 2,R,COMMUNICATIONS,0.0
27.0,15404.0,0.0,91.0,0.0,0.0,0.0,1,CENTRE DIV IMPOTS DE DOUALA 10,R,COMPTABILITE,0.0
21.0,1538336.0,0.0,72.0,0.0,0.0,0.0,1,CSPLI CENTRE DIVISIONAIRE DES IMPÔTS DOUALA 3,R,AUTRES S. SOC. c FOURN A LA COLLEC,0.0
3.0,-124.0,0.0,7.0,0.0,0.0,0.0,1,CENTRE DES IMPOTS DES MOYENNES ENTREPRISES DOUALA BONANJO,R,ACTIVITES FOURNIES PRINCIPALEMENT AUX ENTREPRISES,0.0
24.0,165564.0,0.0,301.0,0.0,0.0,0.0,1,CENTRE DIV IMPOTS DE DOUALA 2,R,SERV. FOURN. AUX ENTREPRISES,0.0
3.0,-110.0,0.0,6.0,0.0,0.0,0.0,1,CENTRE DIV IMPOTS DE DOUALA 1,R,ACTIVITES FOURNIES PRINCIPALEMENT AUX ENTREPRISES,0.0
53.0,310877.0,0.0,70.0,0.0,0.0,0.0,1,CENTRE DIV IMPOTS DE DOUALA 1,R,AUTRES ETABLISEMENTS FINANCIERS,0.0
4.0,4872.0,0.0,8.0,0.0,0.0,0.0,1,CENTRE DIV IMPOTS DE DOUALA 1,R,ACTIVITES FOURNIES PRINCIPALEMENT AUX ENTREPRISES,0.0
4.0,3132927.0,0.0,42.0,0.0,0.0,0.0,1,CENTRE DIV IMPOTS DE DOUALA 1,R,COMMUNICATIONS,0.0
38.0,22344.0,0.0,42.0,0.0,0.0,0.0,1,CENTRE DIV IMPOTS DE DOUALA 1,R,SERV. FOURN. AUX PARTICULIERS m,0.0
19.0,1338799.0,0.0,99.0,0.0,0.0,0.0,1,CIME CENTRE DIVISIONAIRE DES IMPÔTS DOUALA 1,R,ACTIVITES D'INFORMATION ET DE TELECOMMUNICATIONS,0.0
13.0,872172.0,0.0,61.0,0.0,0.0,0.0,1,CENTRE DIV IMPOTS DE DOUALA 10,R,TRANSPORT N.C.A,1.0
7.0,158565.0,0.0,20.0,0.0,0.0,0.0,1,CENTRE DIV IMPOTS DE DOUALA 2,R,ACTIVITES FINANCIERES ET D'ASSURANCE,0.0
22.0,785507.0,0.0,291.0,0.0,0.0,0.0,1,CENTRE DIV IMPOTS DE DOUALA 1,R,SERV. FOURN. AUX ENTREPRISES,0.0
11.0,263162.0,0.0,43.0,0.0,0.0,0.0,1,CENTRE DIV IMPOTS DE DOUALA 1,R,SERV. FOURN. AUX PARTICULIERS m,0.0
3.0,74.0,0.0,22.0,0.0,0.0,0.0,1,CENTRE DIV IMPOTS DE DOUALA 1,R,"BATIMENTS ET TRAVAUX PUBLICS : ENTREPRISES GENERALES DE BATIMENT, ENTREPRISES DE PEINTURE, D?INSTALLATIONS SANITAIRES, D?INSTALLATIONS ELECTRIQUES, DE ZINGUERIE, DE PLOMBERIE, DE VITRERIE ; CONSTRUCTION ET ENTRETIEN DES ROUTES, VOIES FERREES, CANALISATION D?EAU (OUVRAGES D?ART EXCLUS)",1.0
24.0,276898.0,0.0,52.0,0.0,0.0,0.0,1,CENTRE DIV IMPOTS DE DOUALA 1,R,"HOTELS, HOTELS MEUBLES e ANALOGUES",0.0
0.0,80176.0,0.0,6.0,0.0,0.0,0.0,1,CENTRE DIV IMPOTS DE DOUALA 1,R,ACTIVITES FOURNIES PRINCIPALEMENT AUX ENTREPRISES,0.0
8.0,177613.0,0.0,25.0,0.0,0.0,0.0,1,CENTRE DIV IMPOTS DE DOUALA 2,R,"TRAVAUX PUBLICS, GENIE CIVIL : CARRIERE A CIEL OUVERT, TRAVAUX SOUTERRAINS DANS LA CONSTRUCTION ET L?ENTRETIEN DES EGOUTS ET CANALISATIONS D?EAU, CONSTRUCTION ET ENTRETIEN D?OUVRAGES D?ART (PONTS, AQUEDUCS, QUAIS, JETEES, DIGUES ET BARRAGES), ENTREPRISES DE CONSTRUCTION ET D?ENTRETIEN DE LIGNES EXTERIEURES DE TRANSPORT D?ENERGIE, ENTREPRISES DE DEMOLITION, CONSTRUCTION DE TUNNELS",1.0
34.0,-848.0,0.0,35.0,0.0,0.0,0.0,1,CENTRE DIV IMPOTS DE DOUALA 1,R,BATIMENT ET TRAVAUX PUBLICS,1.0
0.0,80176.0,0.0,3.0,0.0,0.0,0.0,1,CENTRE DIV IMPOTS DE DOUALA 2,R,REPARATION DE VEHICULES,1.0
156.0,183001.0,0.0,293.0,0.0,0.0,0.0,2,CENTRE DIV IMPOTS DE DOUALA 10,R,EXPLOITATION FORESTIERE,1.0
4.0,36015.0,0.0,8.0,0.0,0.0,0.0,1,CENTRE DIV IMPOTS DE DOUALA 2,R,ACTIVITES FOURNIES PRINCIPALEMENT AUX ENTREPRISES,0.0
21.0,1721045.0,0.0,120.0,0.0,0.0,0.0,1,CSPLI CENTRE DIVISIONAIRE DES IMPÔTS DOUALA 1,R,ACTIVITES FOURNIES PRINCIPALEMENT AUX ENTREPRISES,0.0
7.0,207170.0,0.0,12.0,0.0,0.0,0.0,1,CENTRE DIV IMPOTS DE DOUALA 1,R,"ASSOCIATIONS PROFESSIONNELLES, SYNDICATS PROFESSIONNELS, CHAMBRES CONSULAIRES, PARTIS POLITIQUES",0.0
0.0,80176.0,0.0,2.0,0.0,0.0,0.0,1,CENTRE DES IMPOTS DES MOYENNES ENTREPRISES DOUALA AKWA 1,R,"ASSOCIATIONS PROFESSIONNELLES, SYNDICATS PROFESSIONNELS, CHAMBRES CONSULAIRES, PARTIS POLITIQUES",0.0
5.0,997.0,0.0,14.0,0.0,0.0,0.0,1,CENTRE DIV IMPOTS DE DOUALA 4,R,ACTIVITES FOURNIES PRINCIPALEMENT AUX ENTREPRISES,0.0
40.0,829302.0,0.0,135.0,0.0,0.0,0.0,1,CSPLI CENTRE DIVISIONAIRE DES IMPÔTS DOUALA 1,R,AGENCES IMMOBILIERES,0.0
0.0,80176.0,0.0,9.0,0.0,0.0,0.0,1,CSPLI CENTRE DIVISIONAIRE DES IMPÔTS DOUALA 1,R,ACTIVITES IMMOBILIERES,0.0
14.0,849096.0,0.0,126.0,0.0,0.0,0.0,1,CENTRE DES IMPOTS DES MOYENNES ENTREPRISES DOUALA BONANJO,R,ACTIVITES IMMOBILIERES,0.0
38.0,1623914.0,0.0,67.0,0.0,0.0,0.0,1,CENTRE DIV IMPOTS DE DOUALA 1,R,AGENCES IMMOBILIERES,0.0
9.0,2219083.0,0.0,159.0,0.0,0.0,0.0,1,CSPLI CENTRE DIVISIONAIRE DES IMPÔTS DOUALA 1,R,SERV. FOURN. AUX ENTREPRISES,0.0
23.0,9261.0,0.0,29.0,0.0,0.0,0.0,1,CSPLI CENTRE DIVISIONAIRE DES IMPÔTS DOUALA 1,R,ACTIVITES IMMOBILIERES,0.0
45.0,-1768.0,0.0,47.0,0.0,0.0,0.0,1,CENTRE SPECIALISE DES IMPOTS,R,AGENCES IMMOBILIERES,0.0
16.0,0.0,0.0,24.0,0.0,0.0,0.0,1,CENTRE DIV IMPOTS DE DOUALA 1,R,ACTIVITES IMMOBILIERES,0.0
45.0,45870.0,0.0,73.0,0.0,0.0,0.0,1,CSPLI CENTRE DIVISIONAIRE DES IMPÔTS DOUALA 2,R,AGENCES IMMOBILIERES,0.0
0.0,80176.0,0.0,3.0,0.0,0.0,0.0,1,CSPLI CENTRE DIVISIONAIRE DES IMPÔTS DOUALA 1,R,ACTIVITES IMMOBILIERES,0.0
0.0,11319.0,2.0,50.0,0.0,0.0,0.0,1,CENTRE DIV IMPOTS DE DOUALA 2,R,ACTIVITES FOURNIES PRINCIPALEMENT AUX ENTREPRISES,0.0
29.0,42158.0,0.0,34.0,0.0,0.0,0.0,1,CENTRE DIV IMPOTS DE DOUALA 1,R,"IMPORTATEUR VEHICULES, ENGINS, PNEU",0.0
15.0,-41.0,0.0,222.0,0.0,0.0,0.0,1,nan,R,VENTE/PRODUCTEUR PHARMACEUTIQUE,0.0
3.0,14924030.0,0.0,476.0,0.0,0.0,0.0,1,DIRECTION DES GRANDES ENTREPRISES,R,ACTIVITES FINANCIERES ET D'ASSURANCE,0.0
3.0,-39036.0,0.0,22.0,0.0,0.0,0.0,9,CENTRE DIV IMPOTS DE DOUALA 1,R,nan,0.0
4.0,-20.0,0.0,5.0,0.0,0.0,0.0,2,CENTRE DIV IMPOTS DE DOUALA 1,R,"AGRICULTURE ET ENTREPRISES AGRO-PASTORALES, HORTICULTURE, SYLVICULTURE",0.0
3.0,4323371.0,0.0,915.0,0.0,0.0,0.0,2,DIVISION DES GRANDES ENTREPRISES,R,"ENTREPRISES FORESTIERES, SCIERIES",1.0
15.0,431010.0,0.0,74.0,0.0,0.0,0.0,1,CENTRE DIV IMPOTS DE DOUALA 11,R,CONSEIL JURIDIQUE,0.0
19.0,1707111.0,0.0,110.0,0.0,0.0,0.0,1,CENTRE DIV IMPOTS DE DOUALA 1,R,TRANSPORTS MARITIME LONG COURS,1.0
63.0,-2276.0,0.0,460.0,0.0,0.0,0.0,1,CENTRE DIV IMPOTS DE DOUALA 1,R,CONSTRUCTION DE BATIMENTS,1.0
3.0,154350.0,0.0,19.0,0.0,0.0,0.0,1,CENTRE DIV IMPOTS DE DOUALA 1,R,ACTIVITES FOURNIES PRINCIPALEMENT AUX ENTREPRISES,0.0
29.0,1286368.0,0.0,183.0,0.0,0.0,0.0,1,CENTRE DIV IMPOTS DE DOUALA 3,R,DETAILLANT COMMERCE GENERAL,0.0
0.0,80176.0,2.0,50.0,0.0,0.0,0.0,1,CENTRE DES IMPOTS DES MOYENNES ENTREPRISES DOUALA BONANJO,R,ASSISTANCE TECHNOLOGIQUE AUX ENTREPRISES,0.0
0.0,80176.0,0.0,15.0,0.0,0.0,0.0,1,CENTRE DIV IMPOTS DE DOUALA 1,R,"HOTELS, RESTAURANTS, CAFES, BARS ET DANCING",0.0
0.0,80176.0,0.0,74.0,0.0,0.0,0.0,1,CENTRE DIV IMPOTS DE DOUALA 1,R,"HOTELS, RESTAURANTS, CAFES, BARS ET DANCING",0.0
27.0,40752.0,0.0,72.0,0.0,0.0,0.0,1,CENTRE DIV IMPOTS DE DOUALA 1,R,RESTAURANTS ET DEBITS DE BOISSONS,0.0
11.0,45960.0,0.0,395.0,0.0,0.0,0.0,1,CIME CENTRE DIVISIONAIRE DES IMPÔTS DOUALA 1,R,"HOTELS, RESTAURANTS, CAFES, BARS ET DANCING",0.0
24.0,0.0,0.0,25.0,0.0,0.0,0.0,1,CENTRE DIV IMPOTS DE DOUALA 6,R,"HOTELS, RESTAURANTS, CAFES, BARS ET DANCING",0.0
0.0,80176.0,2.0,0.0,0.0,0.0,0.0,9,CENTRE DIV IMPOTS DE DOUALA 1,R,HEBERGEMENT ET RESTAURATION,0.0
32.0,1109460.0,0.0,57.0,0.0,0.0,0.0,1,CENTRE DIV IMPOTS DE DOUALA 1,R,RESTAURANTS ET DEBITS DE BOISSONS,0.0
3.0,21626.0,0.0,27.0,0.0,0.0,0.0,1,CENTRE DIV IMPOTS DE DOUALA 1,R,COMMERCE DE GROS ET DE DETAIL,1.0
4.0,129008.0,0.0,23.0,0.0,0.0,0.0,1,CENTRE DIV IMPOTS DE DOUALA 13,R,TRANSPORT ET ENTREPOSAGE,1.0
39.0,190288.0,0.0,58.0,0.0,0.0,0.0,1,CENTRE DIV IMPOTS DE DOUALA 1,R,AFF. IMMOB. s FOURN. AUX ENTREP.,0.0
0.0,80176.0,0.0,7.0,0.0,0.0,0.0,1,CENTRE DIV IMPOTS DE DOUALA 2,R,"FABRICATION DE PAPIER, CARTON ET D'ARTICLES EN PAPIER OU EN CARTON, IMPRIMERIE ET REPRODUCTION",1.0
3.0,88605.0,0.0,10.0,0.0,0.0,0.0,1,CENTRE DIV IMPOTS DE DOUALA 1,R,"BATIMENTS ET TRAVAUX PUBLICS : ENTREPRISES GENERALES DE BATIMENT, ENTREPRISES DE PEINTURE, D?INSTALLATIONS SANITAIRES, D?INSTALLATIONS ELECTRIQUES, DE ZINGUERIE, DE PLOMBERIE, DE VITRERIE ; CONSTRUCTION ET ENTRETIEN DES ROUTES, VOIES FERREES, CANALISATION D?EAU (OUVRAGES D?ART EXCLUS)",1.0
6.0,33166.0,0.0,44.0,0.0,0.0,0.0,1,CENTRE DIV IMPOTS DE DOUALA 2,R,VENTE/PRODUCTEUR PHARMACEUTIQUE,0.0
50.0,47075.0,0.0,57.0,0.0,0.0,0.0,1,CENTRE DES IMPOTS DES PROFESSIONS LIBERALES DOUALA,R,ACTIVITES IMMOBILIERES,0.0
24.0,1077172.0,0.0,42.0,0.0,0.0,0.0,1,CENTRE DIV IMPOTS DE DOUALA 1,R,TRANSITAIRE ET AUXILIAIRES DES TRANSPORTS,1.0
14.0,491720.0,0.0,51.0,0.0,0.0,0.0,1,CENTRE DIV IMPOTS DE DOUALA 1,R,COMMERCE GENERAL,0.0
14.0,496403.0,0.0,22.0,0.0,0.0,0.0,1,CENTRE DIV IMPOTS DE DOUALA 4,R,ACTIVITES FOURNIES PRINCIPALEMENT AUX ENTREPRISES,0.0
5.0,-7072.0,0.0,250.0,0.0,0.0,0.0,1,CENTRE DIV IMPOTS DE DOUALA 2,R,SERV. FOURN. AUX ENTREPRISES,0.0
0.0,80176.0,2.0,0.0,0.0,0.0,0.0,1,CENTRE DIV IMPOTS DE DOUALA 1,R,ACTIVITES FOURNIES PRINCIPALEMENT AUX ENTREPRISES,0.0
0.0,80176.0,0.0,2.0,0.0,0.0,0.0,1,CIME CENTRE DIVISIONAIRE DES IMPÔTS DOUALA 2,R,COMMERCE DE GROS ET DE DETAIL,1.0
14.0,15698342.0,0.0,231.0,0.0,0.0,0.0,1,CENTRE DES IMPOTS DES MOYENNES ENTREPRISES DOUALA BONANJO,R,COMMUNICATIONS,0.0
21.0,1225137.0,0.0,157.0,0.0,0.0,0.0,1,CENTRE DIV IMPOTS DE DOUALA 2,R,COMMERCE DE GROS ET DE DETAIL,0.0
4.0,1417908.0,0.0,51.0,0.0,0.0,0.0,1,CIME CENTRE DIVISIONAIRE DES IMPÔTS DOUALA 2,R,TRANSITAIRE ET AUXILIAIRES DES TRANSPORTS,1.0
0.0,80176.0,2.0,30.0,0.0,0.0,0.0,1,CENTRE DIV IMPOTS DE DOUALA 1,R,ACTIVITES FOURNIES PRINCIPALEMENT AUX ENTREPRISES,0.0
28.0,160910.0,0.0,45.0,0.0,0.0,0.0,1,CSPLI CENTRE DIVISIONAIRE DES IMPÔTS DOUALA 1,R,CONSEILS JURIDIQUES,0.0
25.0,337670.0,0.0,39.0,0.0,0.0,0.0,1,CENTRE DIV IMPOTS DE DOUALA 1,R,SERV. FOURN. AUX ENT. SAUF LOCATION M-M,0.0
8.0,201196009.0,0.0,251.0,0.0,0.0,0.0,1,CENTRE DIV IMPOTS DE DOUALA 3,R,SERVICES PERSONNELS NON CLASSES AILLEURS,0.0
17.0,582591.0,0.0,57.0,0.0,0.0,0.0,1,CENTRE DIV IMPOTS DE DOUALA 2,R,COMMERCE GENERAL,0.0
0.0,80176.0,2.0,1.0,0.0,0.0,0.0,1,CENTRE DIV IMPOTS DE DOUALA 2,R,COMMERCE DE GROS ET DE DETAIL,1.0
14.0,207141.0,0.0,27.0,0.0,0.0,0.0,1,CENTRE DIV IMPOTS DE DOUALA 1,R,"AUTRES ACTIVITES FOURNIES A LA COLLECTIVITE, ACTIVITES SOCIALES ET PERSONNELLES",0.0
6.0,153987.0,0.0,25.0,0.0,0.0,0.0,1,CENTRE DIV IMPOTS DE DOUALA 1,R,COMMERCE DE GROS ET DE DETAIL,0.0
8.0,297352.0,0.0,813.0,0.0,0.0,0.0,1,CSPLI CENTRE DIVISIONAIRE DES IMPÔTS DOUALA 3,R,ACTIVITE POUR LA SANTE HUMAINE ET ACTION SOCIALE,0.0
41.0,78352.0,0.0,43.0,0.0,0.0,0.0,1,CENTRE DIV IMPOTS DE DOUALA 1,R,TRANSITAIRE ET AUXILIAIRES DES TRANSPORTS,1.0
39.0,23752.0,0.0,41.0,0.0,0.0,0.0,1,CENTRE DIV IMPOTS DE DOUALA 3,R,"PLOMBERIE, MIROITERIE,...",0.0
21.0,170005.0,0.0,68.0,0.0,0.0,0.0,1,CENTRE DIV IMPOTS DE DOUALA 1,R,COMMERCE GENERAL,0.0
0.0,80176.0,0.0,4.0,0.0,0.0,0.0,1,CENTRE DIV IMPOTS DE DOUALA 4,R,ACTIVITES FOURNIES PRINCIPALEMENT AUX ENTREPRISES,0.0
0.0,0.0,0.0,21.0,0.0,0.0,0.0,1,CENTRE DIV IMPOTS DE DOUALA 2,R,COMMERCE DE GROS ET DE DETAIL,1.0
4.0,-10.0,0.0,5.0,0.0,0.0,0.0,1,CENTRE DIV IMPOTS DE DOUALA 1,R,ACTIVITES D'INFORMATION ET DE TELECOMMUNICATIONS,0.0
0.0,80176.0,2.0,0.0,0.0,0.0,0.0,1,CSPLI CENTRE DIVISIONAIRE DES IMPÔTS DOUALA 4,R,"MEDECINS, PHARMACIENS, DENTISTES",0.0
24.0,5072268.0,0.0,321.0,0.0,0.0,0.0,1,CSPLI CENTRE DIVISIONAIRE DES IMPÔTS DOUALA 1,R,DETAILLANT PHARMACEUTIQUES,0.0
20.0,17999679.0,0.0,99.0,0.0,0.0,0.0,1,CIME CENTRE DIVISIONAIRE DES IMPÔTS DOUALA 2,R,COMMERCE DE GROS ET DE DETAIL,0.0
3.0,-27043.0,0.0,51.0,0.0,0.0,0.0,1,CENTRE PRINCIPAL DES IMPOTS DU LITTORAL 2,R,ETUDE ET PROSPECTION DE PETROLE,1.0
3.0,7732.0,0.0,19.0,0.0,0.0,0.0,1,CENTRE DIV IMPOTS DE DOUALA 1,R,ACTIVITES FOURNIES PRINCIPALEMENT AUX ENTREPRISES,1.0
6.0,28301.0,0.0,62.0,0.0,0.0,0.0,1,CENTRE DIV IMPOTS DE DOUALA 2,R,SERV. FOURN. AUX ENTREPRISES,1.0
33.0,7943653.0,0.0,97.0,0.0,0.0,0.0,1,CENTRE DIVISIONNAIRE DES IMPÔTS DOUALA 14,R,TRANSPORTS PAR LA VOIE TERRESTRE,1.0
39.0,0.0,0.0,40.0,0.0,0.0,0.0,1,CENTRE DIV IMPOTS DE DOUALA 1,R,SERV. FOURN. AUX ENTREPRISES,0.0
0.0,80176.0,2.0,50.0,0.0,0.0,0.0,1,CENTRE DIV IMPOTS DE DOUALA 2,R,ACTIVITES FOURNIES PRINCIPALEMENT AUX ENTREPRISES,0.0
0.0,80176.0,2.0,50.0,0.0,0.0,0.0,1,CENTRE DIV IMPOTS DE DOUALA 1,R,FABRICATION DE PRODUITS CHIMIQUES ET PHARMACEUTIQUES,1.0
0.0,0.0,0.0,31.0,0.0,0.0,0.0,1,CENTRE DIV IMPOTS DE DOUALA 1,R,ACTIVITES FOURNIES PRINCIPALEMENT AUX ENTREPRISES,1.0
17.0,25589.0,0.0,41.0,0.0,0.0,0.0,1,CENTRE DIV IMPOTS DE DOUALA 10,R,SERV. FOURN. AUX ENTREPRISES,0.0
16.0,82167.0,0.0,109.0,0.0,0.0,0.0,1,CENTRE DIV IMPOTS DE DOUALA 2,R,COMMERCE GENERAL,0.0
0.0,80176.0,0.0,6.0,0.0,0.0,0.0,1,CENTRE DIV IMPOTS DE DOUALA 1,R,ACTIVITES FOURNIES PRINCIPALEMENT AUX ENTREPRISES,0.0
18.0,12209482.0,0.0,42.0,0.0,0.0,0.0,1,CENTRE DIV IMPOTS DE DOUALA 2,R,TRANSPORTS PAR LA VOIE TERRESTRE,1.0
3.0,1389740.0,0.0,48.0,0.0,0.0,0.0,1,CENTRE DIV IMPOTS DE DOUALA 1,R,"AUTRES ACTIVITES FOURNIES A LA COLLECTIVITE, ACTIVITES SOCIALES ET PERSONNELLES",1.0
26.0,-1110.0,0.0,28.0,0.0,0.0,0.0,1,CENTRE DIV IMPOTS DE DOUALA 2,R,ACTIVITES FOURNIES PRINCIPALEMENT AUX ENTREPRISES,0.0
12.0,38856.0,0.0,16.0,0.0,0.0,0.0,1,CENTRE DIV IMPOTS DE DOUALA 2,R,TRANSPORTS ROUTIERS DE MARCHANDISES OU DE VOYAGEURS,1.0
4.0,269907.0,0.0,39.0,0.0,0.0,0.0,1,CENTRE DIV IMPOTS DE DOUALA 1,R,COMMERCE GENERAL,0.0
6.0,161000.0,0.0,99.0,0.0,0.0,0.0,1,CENTRE DIV IMPOTS DE DOUALA 1,R,SERV. FOURN. AUX ENTREPRISES,1.0
13.0,204960.0,0.0,28.0,0.0,0.0,0.0,1,CENTRE DIV IMPOTS DE DOUALA 1,R,COMMERCE DE GROS ET DE DETAIL,0.0
18.0,73053.0,0.0,39.0,0.0,0.0,0.0,1,CENTRE DIV IMPOTS DE DOUALA 2,R,COMMERCE GENERAL,0.0
7.0,30870.0,0.0,10.0,0.0,0.0,0.0,1,CENTRE DIV IMPOTS DE DOUALA 1,R,ACTIVITES FOURNIES PRINCIPALEMENT AUX ENTREPRISES,0.0
3.0,87492.0,0.0,23.0,0.0,0.0,0.0,1,CENTRE DIV IMPOTS DE DOUALA 2,R,"BATIMENTS ET TRAVAUX PUBLICS : ENTREPRISES GENERALES DE BATIMENT, ENTREPRISES DE PEINTURE, D?INSTALLATIONS SANITAIRES, D?INSTALLATIONS ELECTRIQUES, DE ZINGUERIE, DE PLOMBERIE, DE VITRERIE ; CONSTRUCTION ET ENTRETIEN DES ROUTES, VOIES FERREES, CANALISATION D?EAU (OUVRAGES D?ART EXCLUS)",1.0
5.0,171843.0,0.0,19.0,0.0,0.0,0.0,1,CSI WOURI 1,R,ACTIVITES IMMOBILIERES,0.0
5.0,39617.0,0.0,8.0,0.0,0.0,0.0,1,CENTRE DIV IMPOTS DE DOUALA 1,R,ACTIVITES FOURNIES PRINCIPALEMENT AUX ENTREPRISES,0.0
14.0,97358.0,0.0,27.0,0.0,0.0,0.0,1,CENTRE DIV IMPOTS DE DOUALA 1,R,"BATIMENTS ET TRAVAUX PUBLICS : ENTREPRISES GENERALES DE BATIMENT, ENTREPRISES DE PEINTURE, D?INSTALLATIONS SANITAIRES, D?INSTALLATIONS ELECTRIQUES, DE ZINGUERIE, DE PLOMBERIE, DE VITRERIE ; CONSTRUCTION ET ENTRETIEN DES ROUTES, VOIES FERREES, CANALISATION D?EAU (OUVRAGES D?ART EXCLUS)",1.0
0.0,80176.0,0.0,72.0,0.0,0.0,0.0,1,CENTRE DIV IMPOTS DE DOUALA 1,R,ACTIVITES FOURNIES PRINCIPALEMENT AUX ENTREPRISES,0.0
30.0,98749.0,0.0,52.0,0.0,0.0,0.0,2,CENTRE DIV IMPOTS DE DOUALA 2,R,"AGRICULTURE ET ENTREPRISES AGRO-PASTORALES, HORTICULTURE, SYLVICULTURE",0.0
4.0,134233.0,0.0,19.0,0.0,0.0,0.0,1,CENTRE DIV IMPOTS DE DOUALA 1,R,COMMERCE DE GROS ET DE DETAIL,1.0
3.0,-92.0,0.0,7.0,0.0,0.0,0.0,2,CENTRE DIV IMPOTS DE DOUALA 1,R,PECHE ET AQUACULTURE,1.0
10.0,0.0,0.0,17.0,0.0,0.0,0.0,1,CENTRE DIV IMPOTS DE DOUALA 3,R,COMMERCE DE GROS ET DE DETAIL,1.0
42.0,238200.0,0.0,226.0,0.0,0.0,0.0,1,CENTRE DIV IMPOTS DE DOUALA 10,R,SOINS MEDICAUX d a SERVICES,0.0
0.0,80176.0,0.0,3.0,0.0,0.0,0.0,1,CENTRE DIV IMPOTS DE DOUALA 4,R,ACTIVITES FOURNIES PRINCIPALEMENT AUX ENTREPRISES,0.0
30.0,2310072.0,0.0,260.0,0.0,0.0,0.0,1,CIME CENTRE DIVISIONAIRE DES IMPÔTS DOUALA 1,R,REPRESENTANT PHARMACEUTIQUE,0.0
4.0,12267.0,0.0,31.0,0.0,0.0,0.0,9,CENTRE DIV IMPOTS DE DOUALA 1,R,nan,0.0
41.0,504888.0,0.0,56.0,0.0,0.0,0.0,1,CENTRE DIV IMPOTS DE DOUALA 1,R,TRANSITAIRE ET AUXILIAIRES DES TRANSPORTS,1.0
14.0,197661.0,0.0,20.0,0.0,0.0,0.0,1,CENTRE DIV IMPOTS DE DOUALA 2,R,ACTIVITES FOURNIES PRINCIPALEMENT AUX ENTREPRISES,0.0
7.0,111476.0,0.0,15.0,0.0,0.0,0.0,1,CENTRE PRINCIPAL DES IMPOTS DU LITTORAL 2,R,ACTIVITES FINANCIERES ET D'ASSURANCE,0.0
28.0,57774.0,0.0,42.0,0.0,0.0,0.0,1,CENTRE DIV IMPOTS DE DOUALA 1,R,ACTIVITES FOURNIES PRINCIPALEMENT AUX ENTREPRISES,0.0
10.0,8617745.0,0.0,29.0,0.0,0.0,0.0,1,CENTRE DIV IMPOTS DE DOUALA 1,R,INDUSTRIE DES OLEAGINEUX ET D'ALIMENTS POUR ANIMAUX,1.0
37.0,42432.0,0.0,43.0,0.0,0.0,0.0,1,CENTRE DES IMPOTS DES MOYENNES ENTREPRISES DOUALA AKWA 1,R,COMMERCE GENERAL,0.0
14.0,40625.0,0.0,95.0,0.0,0.0,0.0,1,CENTRE DIV IMPOTS DE DOUALA 4,R,SERV. FOURN. AUX ENTREPRISES,0.0
15.0,27085.0,0.0,29.0,0.0,0.0,0.0,1,CENTRE DIV IMPOTS DE DOUALA 13,R,TRANSITAIRES ET AGREES EN DOUANE,1.0
3.0,2969.0,0.0,24.0,0.0,0.0,0.0,1,CENTRE DIV IMPOTS DE DOUALA 2,R,"BATIMENTS ET TRAVAUX PUBLICS : ENTREPRISES GENERALES DE BATIMENT, ENTREPRISES DE PEINTURE, D?INSTALLATIONS SANITAIRES, D?INSTALLATIONS ELECTRIQUES, DE ZINGUERIE, DE PLOMBERIE, DE VITRERIE ; CONSTRUCTION ET ENTRETIEN DES ROUTES, VOIES FERREES, CANALISATION D?EAU (OUVRAGES D?ART EXCLUS)",1.0
9.0,232671.0,0.0,63.0,0.0,0.0,0.0,1,CENTRE PRINCIPAL DES IMPOTS DU LITTORAL 2,R,DETAILLANT PHARMACEUTIQUES,0.0
38.0,32378.0,0.0,40.0,0.0,0.0,0.0,1,CENTRE DIV IMPOTS DE DOUALA 1,R,BATIMENT ET TRAVAUX PUBLICS,1.0
3.0,0.0,0.0,5.0,0.0,0.0,0.0,1,CENTRE DIV IMPOTS DE DOUALA 1,R,ACTIVITES D'INFORMATION ET DE TELECOMMUNICATIONS,0.0
30.0,0.0,0.0,31.0,0.0,0.0,0.0,9,CENTRE DIV IMPOTS DE DOUALA 3,R,nan,0.0
37.0,439044.0,0.0,79.0,0.0,0.0,0.0,1,CENTRE PRINCIPAL DES IMPOTS DU LITTORAL 1,R,"IMPORTATEUR COMMERCE GENERAL,PRODUITS INDETERMINES",1.0
3.0,9987.0,0.0,30.0,0.0,0.0,0.0,1,CENTRE DES IMPOTS DES MOYENNES ENTREPRISES DOUALA AKWA 1,R,COMMERCE DE GROS ET DE DETAIL,0.0
3.0,-914.0,0.0,11.0,0.0,0.0,0.0,1,CENTRE DIV IMPOTS DE DOUALA 1,R,ACTIVITES FOURNIES PRINCIPALEMENT AUX ENTREPRISES,0.0
7.0,63787.0,0.0,13.0,0.0,0.0,0.0,1,CENTRE DIVI DES IMPOTS DE DOUALA 5,R,ACTIVITES FOURNIES PRINCIPALEMENT AUX ENTREPRISES,0.0
0.0,80176.0,0.0,1.0,0.0,0.0,0.0,1,CENTRE DIV IMPOTS DE DOUALA 3,R,ACTIVITES FOURNIES PRINCIPALEMENT AUX ENTREPRISES,0.0
0.0,80176.0,0.0,98.0,0.0,0.0,0.0,1,CENTRE DIV IMPOTS DE DOUALA 2,R,COMMERCE DE GROS ET DE DETAIL,1.0
9.0,6860.0,0.0,10.0,0.0,0.0,0.0,1,CENTRE DIV IMPOTS DE DOUALA 1,R,ACTIVITES FOURNIES PRINCIPALEMENT AUX ENTREPRISES,0.0
16.0,57218.0,0.0,75.0,0.0,0.0,0.0,1,CENTRE DIV IMPOTS DE DOUALA 1,R,COMMUNICATIONS,0.0
10.0,214164.0,0.0,41.0,0.0,0.0,0.0,1,CENTRE DIV IMPOTS DE DOUALA 2,R,COMMERCE GENERAL,0.0
0.0,80176.0,2.0,50.0,0.0,0.0,0.0,1,CENTRE DIV IMPOTS DE DOUALA 3,R,CONSTRUCTION,1.0
26.0,0.0,0.0,27.0,0.0,0.0,0.0,9,CENTRE DIV IMPOTS DE DOUALA 1,R,nan,0.0
23.0,43120.0,0.0,39.0,0.0,0.0,0.0,1,CENTRE DIV IMPOTS DE DOUALA 1,R,"MEDECINS, PHARMACIENS, DENTISTES",0.0
29.0,0.0,0.0,30.0,0.0,0.0,0.0,9,CENTRE DIV IMPOTS DE DOUALA 1,R,nan,0.0
16.0,-2.0,0.0,17.0,0.0,0.0,0.0,1,CENTRE DIV DES IMPOTS DE YAOUNDE 1,R,ACTIVITES FOURNIES PRINCIPALEMENT AUX ENTREPRISES,0.0
4.0,0.0,0.0,5.0,0.0,0.0,0.0,1,CENTRE DIV IMPOTS DE DOUALA 2,R,ACTIVITES FOURNIES PRINCIPALEMENT AUX ENTREPRISES,0.0
17.0,60011.0,0.0,32.0,0.0,0.0,0.0,1,CENTRE DIV IMPOTS DE DOUALA 1,R,SERV. FOURN. AUX ENTREPRISES,1.0
51.0,0.0,0.0,63.0,0.0,0.0,0.0,9,CENTRE DIV IMPOTS DE DOUALA 1,R,nan,0.0
35.0,192508.0,0.0,53.0,0.0,0.0,0.0,1,CENTRE DIV IMPOTS DE DOUALA 1,R,RESTAURANTS ET DEBITS DE BOISSONS,0.0
32.0,5542824.0,0.0,155.0,0.0,0.0,0.0,1,nan,R,ACHETEUR PRODUITS CRUS INDETERMINES,0.0
14.0,51461.0,0.0,34.0,0.0,0.0,0.0,1,CENTRE DIV IMPOTS DE DOUALA 2,R,BATIMENT ET TRAVAUX PUBLICS,1.0
14.0,371717.0,0.0,125.0,0.0,0.0,0.0,1,CENTRE DIV IMPOTS DE DOUALA 3,R,AUTRES S. SOC. c FOURN A LA COLLEC,0.0
0.0,80176.0,0.0,13.0,0.0,0.0,0.0,3,CENTRE DIV IMPOTS DE DOUALA 3,R,ACTIVITES EDUCATIVES,0.0
3.0,0.0,0.0,24.0,0.0,0.0,0.0,1,CENTRE DIV IMPOTS DE DOUALA 2,R,ACTIVITES FOURNIES PRINCIPALEMENT AUX ENTREPRISES,1.0
25.0,-2.0,0.0,26.0,0.0,0.0,0.0,1,CENTRE DIV IMPOTS DE DOUALA 2,R,ACTIVITES D'INFORMATION ET DE TELECOMMUNICATIONS,0.0
0.0,80176.0,0.0,21.0,0.0,0.0,0.0,1,CENTRE DES IMPOTS DES MOYENNES ENTREPRISES DOUALA AKWA 2,R,COMMERCE DE GROS ET DE DETAIL,1.0
28.0,180330.0,0.0,55.0,0.0,0.0,0.0,1,CENTRE DIV IMPOTS DE DOUALA 1,R,COMMERCE GENERAL,0.0
4.0,2118990.0,0.0,57.0,0.0,0.0,0.0,1,CENTRE DIV IMPOTS DE DOUALA 10,R,SERV. FOURN. AUX ENTREPRISES,1.0
20.0,0.0,0.0,21.0,0.0,0.0,0.0,1,CENTRE DIV IMPOTS DE DOUALA 1,R,COMMERCE DE GROS ET DE DETAIL,0.0
66.0,8918.0,0.0,67.0,0.0,0.0,0.0,9,CENTRE DIV IMPOTS DE DOUALA 1,R,nan,0.0
24.0,448789.0,0.0,42.0,0.0,0.0,0.0,1,CENTRE DIV IMPOTS DE DOUALA 1,R,COMMERCE GENERAL,1.0
9.0,378206.0,0.0,45.0,0.0,0.0,0.0,1,CENTRE PRINCIPAL DES IMPOTS DU CENTRE 1,R,SERV. FOURN. AUX ENTREPRISES,1.0
0.0,80176.0,0.0,2.0,0.0,0.0,0.0,1,CENTRE DIV IMPOTS DE DOUALA 3,R,"ENTREPRISES ET AGENCES DE PRESSE, STUDIOS PHOTOGRAPHIQUES",0.0
22.0,19295.0,0.0,86.0,0.0,0.0,0.0,1,CENTRE DIV IMPOTS DE DOUALA 1,R,COMMUNICATIONS,0.0
0.0,80176.0,0.0,3.0,0.0,0.0,0.0,1,CENTRE DIV IMPOTS DE DOUALA 2,R,ACTIVITES FINANCIERES ET D'ASSURANCE,0.0
0.0,80176.0,0.0,5.0,0.0,0.0,0.0,1,CENTRE DIV IMPOTS DE DOUALA 1,R,COMMERCE DE GROS ET DE DETAIL,1.0
3.0,288518.0,0.0,303.0,0.0,0.0,0.0,9,CENTRE DIV IMPOTS DE DOUALA 1,R,SERVICES DOMESTIQUES,0.0
5.0,10290.0,0.0,9.0,0.0,0.0,0.0,1,CENTRE DIV IMPOTS DE DOUALA 2,R,ACTIVITES FOURNIES PRINCIPALEMENT AUX ENTREPRISES,0.0
25.0,51748.0,0.0,29.0,0.0,0.0,0.0,1,CENTRE DIV IMPOTS DE DOUALA 1,R,COMMERCE DE GROS ET DE DETAIL,1.0
22.0,46099.0,0.0,23.0,0.0,0.0,0.0,1,CENTRE DIV IMPOTS DE DOUALA 1,R,ACTIVITES FOURNIES PRINCIPALEMENT AUX ENTREPRISES,0.0
3.0,2192870.0,0.0,39.0,0.0,0.0,0.0,1,CENTRE DIV IMPOTS DE DOUALA 2,R,TRANSPORTS MARITIME LONG COURS,1.0
41.0,-2715.0,0.0,50.0,0.0,0.0,0.0,1,CENTRE DIV IMPOTS DE DOUALA 1,R,SERV. FOURN. AUX ENTREPRISES,1.0
0.0,0.0,2.0,50.0,0.0,0.0,0.0,1,CENTRE DIV IMPOTS DE DOUALA 1,R,COMMERCE DE GROS ET DE DETAIL,1.0
123.0,0.0,0.0,134.0,0.0,0.0,0.0,1,CENTRE DIV IMPOTS DE DOUALA 1,R,ACTIVITES FOURNIES PRINCIPALEMENT AUX ENTREPRISES,0.0
0.0,80176.0,0.0,8.0,0.0,0.0,0.0,2,CENTRE DIV IMPOTS DE DOUALA 3,R,"AGRICULTURE ET ENTREPRISES AGRO-PASTORALES, HORTICULTURE, SYLVICULTURE",0.0
4.0,172836.0,0.0,36.0,0.0,0.0,0.0,1,CENTRE DIV IMPOTS DE DOUALA 1,R,SERV. FOURN. AUX ENTREPRISES,0.0
5.0,512711.0,0.0,29.0,0.0,0.0,0.0,1,CENTRE DIV IMPOTS DE DOUALA 1,R,ACTIVITES FOURNIES PRINCIPALEMENT AUX ENTREPRISES,0.0
33.0,89383.0,0.0,39.0,0.0,0.0,0.0,1,CENTRE DIV IMPOTS DE DOUALA 1,R,ELEVAGE N.C.A,0.0
3.0,133191.0,0.0,81.0,0.0,0.0,0.0,1,CENTRE DIV IMPOTS DE DOUALA 3,R,COMMERCE DE GROS ET DE DETAIL,1.0
0.0,80176.0,2.0,0.0,0.0,0.0,0.0,1,CENTRE DIV IMPOTS DE DOUALA 2,R,AGENCES DE VOYAGE,0.0
4.0,-10.0,0.0,5.0,0.0,0.0,0.0,1,CENTRE DIV IMPOTS DE DOUALA 1,R,ACTIVITES D'INFORMATION ET DE TELECOMMUNICATIONS,0.0
46.0,877934.0,0.0,55.0,0.0,0.0,0.0,1,CENTRE PRINCIPAL DES IMPOTS DU LITTORAL 1,R,TRANSITAIRE ET AUXILIAIRES DES TRANSPORTS,0.0
10.0,132133.0,0.0,28.0,0.0,0.0,0.0,9,CENTRE DIV IMPOTS DE DOUALA 1,R,nan,0.0
3.0,5570.0,0.0,325.0,0.0,0.0,0.0,1,CENTRE DIV IMPOTS DE DOUALA 1,R,VENTE/PRODUCTEUR PRODUIT INDETERMINE,0.0
14.0,286528.0,0.0,21.0,0.0,0.0,0.0,1,CENTRE DIV IMPOTS DE DOUALA 3,R,ACTIVITES FOURNIES PRINCIPALEMENT AUX ENTREPRISES,0.0
14.0,1897591.0,0.0,18.0,0.0,0.0,0.0,1,CENTRE DIV IMPOTS DE DOUALA 4,R,ACTIVITES FOURNIES PRINCIPALEMENT AUX ENTREPRISES,0.0
7.0,296.0,0.0,10.0,0.0,0.0,0.0,1,CENTRE DIV IMPOTS DE DOUALA 2,R,"SALONS DE COIFFURE, INSTITUTS DE BEAUTE, ETABLISSEMENTS DE MASSAGE",0.0
0.0,80176.0,2.0,50.0,0.0,0.0,0.0,1,CENTRE DIV IMPOTS DE DOUALA 2,R,MAIRIES ET COMMUNES,0.0
7.0,357484.0,0.0,32.0,0.0,0.0,0.0,1,CENTRE DIV IMPOTS DE DOUALA 1,R,RESTAURANTS ET DEBITS DE BOISSONS,0.0
3.0,21070.0,0.0,7.0,0.0,0.0,0.0,1,CENTRE DIV IMPOTS DE DOUALA 3,R,INDUSTRIE DU TEXTILE ET DE LA CONFECTION,1.0
39.0,3871.0,0.0,51.0,0.0,0.0,0.0,1,CENTRE DIV IMPOTS DE DOUALA 1,R,COMMERCE GENERAL,0.0
37.0,155856.0,0.0,43.0,0.0,0.0,0.0,1,CENTRE DES IMPOTS DES MOYENNES ENTREPRISES DOUALA AKWA 1,R,TRANSPORTS PAR CAMIONS,1.0
53.0,-140.0,0.0,54.0,0.0,0.0,0.0,1,CENTRE PRINCIPAL DES IMPOTS DU CENTRE 1,R,COMMERCE GENERAL,0.0
8.0,459979.0,0.0,42.0,0.0,0.0,0.0,1,CENTRE DES IMPOTS DES MOYENNES ENTREPRISES DOUALA AKWA 1,R,TRANSPORTS PAR CAMIONS,1.0
15.0,392396.0,0.0,125.0,0.0,0.0,0.0,1,CENTRE DIV IMPOTS DE DOUALA 10,R,COMMERCE DE GROS ET DE DETAIL,0.0
6.0,71249.0,0.0,87.0,0.0,0.0,0.0,1,CENTRE DIVISIONNAIRE DES IMPOTS DE BONABERI 1,R,AUTRES S. SOC. c FOURN A LA COLLEC,0.0
18.0,87397.0,0.0,26.0,0.0,0.0,0.0,1,CENTRE DIV IMPOTS DE DOUALA 2,R,ACTIVITES FOURNIES PRINCIPALEMENT AUX ENTREPRISES,0.0
3.0,35139.0,0.0,20.0,0.0,0.0,0.0,1,CENTRE DES IMPOTS DES MOYENNES ENTREPRISES DOUALA AKWA 1,R,ACTIVITES D'INFORMATION ET DE TELECOMMUNICATIONS,0.0
15.0,2943937.0,0.0,129.0,0.0,0.0,0.0,1,CIME CENTRE DIVISIONAIRE DES IMPÔTS DOUALA 1,R,COMMUNICATIONS,0.0
0.0,80176.0,0.0,8.0,0.0,0.0,0.0,1,CENTRE DIV IMPOTS DE DOUALA 2,R,ACTIVITES FOURNIES PRINCIPALEMENT AUX ENTREPRISES,0.0
3.0,81241.0,0.0,27.0,0.0,0.0,0.0,1,CENTRE DIV IMPOTS DE DOUALA 1,R,SERV. INGENIEURS a s TECH.,0.0
0.0,80176.0,0.0,15.0,0.0,0.0,0.0,1,CENTRE DIV IMPOTS DE DOUALA 3,R,TRANSPORTS ROUTIERS DE MARCHANDISES OU DE VOYAGEURS,1.0
38.0,189813.0,0.0,82.0,0.0,0.0,0.0,1,CENTRE DIV IMPOTS DE DOUALA 1,R,CONSEILS JURIDIQUES,0.0
23.0,-272.0,0.0,24.0,0.0,0.0,0.0,1,CENTRE DIV IMPOTS DE DOUALA 1,R,"COMPTABILITE, VERIF. COMPTES t LIV",0.0
3.0,-10.0,0.0,8.0,0.0,0.0,0.0,1,CENTRE DIV IMPOTS DE DOUALA 1,R,ACTIVITES FOURNIES PRINCIPALEMENT AUX ENTREPRISES,0.0
62.0,73033.0,0.0,184.0,0.0,0.0,0.0,1,CENTRE DIV IMPOTS DE DOUALA 1,R,"FABRICATION PEINTURES, VERNIS l",1.0
3.0,250939.0,0.0,81.0,0.0,0.0,0.0,1,CENTRE DIV DES IMPOTS DE YAOUNDE 1 BIS,R,FAB. HUILE A USAGE INDUSTRIEL,1.0
27.0,35165.0,0.0,72.0,0.0,0.0,0.0,1,CENTRE DIV IMPOTS DE DOUALA 1,R,COMMERCE GENERAL,0.0
0.0,0.0,0.0,31.0,0.0,0.0,0.0,1,CENTRE DIV IMPOTS DE DOUALA 2,R,COMMUNICATIONS,0.0
40.0,978112.0,0.0,217.0,0.0,0.0,0.0,1,CIME CENTRE DIVISIONAIRE DES IMPÔTS DOUALA 1,R,SERV. FOURN. AUX ENTREPRISES,0.0
19.0,2920195.0,0.0,45.0,0.0,0.0,0.0,1,CENTRE DIV IMPOTS DE DOUALA 1,R,EBENISTERIES,0.0
16.0,-15807.0,0.0,17.0,0.0,0.0,0.0,1,CENTRE DIV IMPOTS DE DOUALA 1,R,ACTIVITES FOURNIES PRINCIPALEMENT AUX ENTREPRISES,0.0
3.0,-210.0,0.0,4.0,0.0,0.0,0.0,1,CENTRE DIV IMPOTS DE DOUALA 1,R,ASSISTANCE TECHNOLOGIQUE AUX ENTREPRISES,0.0
11.0,8705387.0,0.0,25.0,0.0,0.0,0.0,1,CENTRE DIV IMPOTS DE DOUALA 1,R,COMMERCE DE GROS ET DE DETAIL,1.0
0.0,0.0,0.0,50.0,0.0,0.0,0.0,1,CENTRE DIV IMPOTS DE DOUALA 13,R,SERV. FOURN. AUX PARTICULIERS m,0.0
40.0,17291.0,0.0,198.0,0.0,0.0,0.0,1,CENTRE DIV IMPOTS DE DOUALA 10,R,IND. DU BOIS f OUV. EN BOIS l,1.0
4.0,-2204.0,0.0,6.0,0.0,0.0,0.0,1,CENTRE DIV IMPOTS DE DOUALA 2,R,ACTIVITES FOURNIES PRINCIPALEMENT AUX ENTREPRISES,0.0
52.0,-12.0,0.0,230.0,0.0,0.0,0.0,1,CENTRE DIV IMPOTS DE DOUALA 3,R,SERV. FOURN. AUX ENTREPRISES,1.0
10.0,74667.0,0.0,27.0,0.0,0.0,0.0,1,CENTRE DIV IMPOTS DE DOUALA 1,R,ACTIVITES D'INFORMATION ET DE TELECOMMUNICATIONS,0.0
6.0,758501.0,0.0,36.0,0.0,0.0,0.0,1,CENTRE DIV IMPOTS DE DOUALA 2,R,SERV. FOURN. AUX ENTREPRISES,1.0
48.0,356112.0,0.0,170.0,0.0,0.0,0.0,1,CENTRE DIV IMPOTS DE DOUALA 10,R,AFF. IMMOB. s FOURN. AUX ENTREP.,0.0
14.0,688797.0,0.0,170.0,0.0,0.0,0.0,1,CENTRE DIV IMPOTS DE DOUALA 2,R,COMMERCE GENERAL,0.0
5.0,11319.0,0.0,9.0,0.0,0.0,0.0,1,CENTRE DIV IMPOTS DE DOUALA 2,R,ACTIVITES FOURNIES PRINCIPALEMENT AUX ENTREPRISES,0.0
4.0,0.0,0.0,5.0,0.0,0.0,0.0,1,CENTRE DIV IMPOTS DE DOUALA 1,R,ACTIVITES FOURNIES PRINCIPALEMENT AUX ENTREPRISES,0.0
3.0,7356.0,0.0,28.0,0.0,0.0,0.0,1,CENTRE DIV IMPOTS DE DOUALA 1,R,"SALONS DE COIFFURE, INSTITUTS DE BEAUTE, ETABLISSEMENTS DE MASSAGE",0.0
20.0,179914.0,0.0,71.0,0.0,0.0,0.0,1,CENTRE PRINCIPAL DES IMPOTS DU LITTORAL 1,R,COMMERCE GENERAL,0.0
0.0,80176.0,0.0,10.0,0.0,0.0,0.0,1,CENTRE DIV IMPOTS DE DOUALA 2,R,ACTIVITES FINANCIERES ET D'ASSURANCE,0.0
21.0,0.0,0.0,22.0,0.0,0.0,0.0,1,CENTRE PRINCIPAL DES IMPOTS DU CENTRE 1,R,ACTIVITES D'INFORMATION ET DE TELECOMMUNICATIONS,0.0
108.0,60153.0,0.0,231.0,0.0,0.0,0.0,1,CSPLI CENTRE DIVISIONAIRE DES IMPÔTS DOUALA 1,R,ACTIVITES FOURNIES PRINCIPALEMENT AUX ENTREPRISES,0.0
21.0,14039.0,0.0,33.0,0.0,0.0,0.0,1,CENTRE DIV IMPOTS DE DOUALA 1,R,SERV. FOURN. AUX ENTREPRISES,1.0
3.0,-10.0,0.0,13.0,0.0,0.0,0.0,1,CENTRE DIV IMPOTS DE DOUALA 2,R,ACTIVITES FOURNIES PRINCIPALEMENT AUX ENTREPRISES,0.0
18.0,136343.0,0.0,32.0,0.0,0.0,0.0,9,CENTRE DIV IMPOTS DE DOUALA 1,R,nan,0.0
15.0,40419.0,0.0,38.0,0.0,0.0,0.0,1,CENTRE DIV IMPOTS DE DOUALA 1,R,SERVICES DE PUBLICITE,0.0
0.0,80176.0,0.0,3.0,0.0,0.0,0.0,1,CENTRE DIV IMPOTS DE DOUALA 2,R,ACTIVITES FOURNIES PRINCIPALEMENT AUX ENTREPRISES,0.0
3.0,6924.0,0.0,63.0,0.0,0.0,0.0,1,CENTRE DIV IMPOTS DE DOUALA 2,R,"VENTE/PRODUCTEUR VETEMENT, TISSUS,...",0.0
3.0,173900.0,0.0,22.0,0.0,0.0,0.0,1,CENTRE DIV IMPOTS DE DOUALA 2,R,"PROFESSIONS LIBERALES, CABINETS COMPTABLES ET FISCAUX, CONSEILS JURIDIQUES, OFFICIERS MINISTERIELS",0.0
43.0,532.0,0.0,48.0,0.0,0.0,0.0,1,CENTRE DIV IMPOTS DE DOUALA 2,R,BATIMENT ET TRAVAUX PUBLICS,1.0
23.0,195515.0,0.0,99.0,0.0,0.0,0.0,1,CENTRE DIV IMPOTS DE DOUALA 1,R,COMMERCE GENERAL,0.0
0.0,80176.0,0.0,74.0,0.0,0.0,0.0,1,CENTRE DIV IMPOTS DE DOUALA 1,R,"HOTELS, RESTAURANTS, CAFES, BARS ET DANCING",0.0
28.0,22276122.0,0.0,231.0,0.0,0.0,0.0,1,CIME CENTRE DIVISIONAIRE DES IMPÔTS DOUALA 1,R,COMMERCE GENERAL,0.0
25.0,1611164.0,0.0,64.0,0.0,0.0,0.0,1,CENTRE DIV IMPOTS DE DOUALA 1,R,VENTE/PRODUCTEUR PRODUIT INDETERMINE,0.0
19.0,140253.0,0.0,27.0,0.0,0.0,0.0,1,CENTRE DIV IMPOTS DE DOUALA 1,R,ACTIVITES FOURNIES PRINCIPALEMENT AUX ENTREPRISES,0.0
0.0,80176.0,0.0,3.0,0.0,0.0,0.0,1,CENTRE DIV IMPOTS DE DOUALA 1,R,ACTIVITES FOURNIES PRINCIPALEMENT AUX ENTREPRISES,0.0
88.0,835147.0,0.0,222.0,0.0,0.0,0.0,1,CENTRE DIV IMPOTS DE DOUALA 2,R,TRANSITAIRE ET AUXILIAIRES DES TRANSPORTS,1.0
62.0,28640.0,0.0,65.0,0.0,0.0,0.0,1,CENTRE DIV IMPOTS DE DOUALA 1,R,SERV. FOURN. AUX ENTREPRISES,1.0
3.0,-354.0,0.0,10.0,0.0,0.0,0.0,1,CENTRE DIV IMPOTS DE DOUALA 1,R,ACTIVITES FOURNIES PRINCIPALEMENT AUX ENTREPRISES,0.0
54.0,-18.0,0.0,145.0,0.0,0.0,0.0,1,CSPLI CENTRE DIVISIONAIRE DES IMPÔTS DOUALA 1,R,SERV. FOURN. AUX ENTREPRISES,0.0
17.0,-109804.0,0.0,42.0,0.0,0.0,0.0,1,CENTRE DIV IMPOTS DE DOUALA 1,R,SERV. FOURN. AUX ENTREPRISES,1.0
0.0,80176.0,0.0,1.0,0.0,0.0,0.0,1,CENTRE DIV IMPOTS DE DOUALA 1,R,ACTIVITES FOURNIES PRINCIPALEMENT AUX ENTREPRISES,0.0
0.0,80176.0,0.0,2.0,0.0,0.0,0.0,1,CSI WOURI 1,R,AGENCES DE VOYAGE,0.0
32.0,25865.0,0.0,37.0,0.0,0.0,0.0,1,CSPLI CENTRE DIVISIONAIRE DES IMPÔTS DOUALA 1,R,SERV. FOURN. AUX ENTREPRISES,0.0
12.0,659927.0,0.0,195.0,0.0,0.0,0.0,9,CENTRE DIV IMPOTS DE DOUALA 2,R,SERV. FOURN. AUX ENTREPRISES,0.0
95.0,57721.0,0.0,207.0,0.0,0.0,0.0,1,CENTRE DIV IMPOTS DE DOUALA 8,R,COMMERCE GENERAL,0.0
0.0,80176.0,0.0,8.0,0.0,0.0,0.0,1,CENTRE DIV IMPOTS DE DOUALA 3,R,ACTIVITES FOURNIES PRINCIPALEMENT AUX ENTREPRISES,0.0
14.0,-10.0,0.0,15.0,0.0,0.0,0.0,1,CIME CENTRE DIVISIONAIRE DES IMPÔTS DOUALA 1,R,COMMERCE DE GROS ET DE DETAIL,1.0
28.0,-4.0,0.0,30.0,0.0,0.0,0.0,1,CENTRE DIV IMPOTS DE DOUALA 1,R,ACTIVITES FOURNIES PRINCIPALEMENT AUX ENTREPRISES,0.0
60.0,0.0,0.0,311.0,0.0,0.0,0.0,1,CENTRE SPECIALISE DES IMPOTS,R,CONSEIL JURIDIQUE,0.0
13.0,115282.0,0.0,32.0,0.0,0.0,0.0,1,CENTRE DIV IMPOTS DE DOUALA 1,R,SERV. FOURN. AUX ENTREPRISES,1.0
54.0,293630.0,0.0,74.0,0.0,0.0,0.0,1,CENTRE DIV IMPOTS DE DOUALA 1,R,COMMERCE GENERAL,0.0
14.0,75369.0,0.0,34.0,0.0,0.0,0.0,1,CENTRE DIV IMPOTS DE DOUALA 1,R,ACTIVITES FOURNIES PRINCIPALEMENT AUX ENTREPRISES,1.0
21.0,10166.0,0.0,39.0,0.0,0.0,0.0,1,CENTRE DIV IMPOTS DE DOUALA 4,R,SERV. FOURN. AUX ENTREPRISES,0.0
4.0,-996.0,0.0,33.0,0.0,0.0,0.0,1,CENTRE DIV IMPOTS DE DOUALA 1,R,SERV. FOURN. AUX ENTREPRISES,1.0
37.0,142665.0,0.0,43.0,0.0,0.0,0.0,1,CENTRE DIV IMPOTS DE DOUALA 1,R,TRANSPORTS PAR CAMIONS,1.0
0.0,80176.0,0.0,4.0,0.0,0.0,0.0,1,CENTRE DIV IMPOTS DE DOUALA 1,R,TRANSPORT ET ENTREPOSAGE,1.0
0.0,11814.0,0.0,3.0,0.0,0.0,0.0,1,CENTRE DIV IMPOTS DE DOUALA 1,R,TRANSITAIRES ET AGREES EN DOUANE,1.0
6.0,122400.0,0.0,15.0,0.0,0.0,0.0,1,CENTRE DES IMPOTS DES MOYENNES ENTREPRISES DOUALA AKWA 1,R,TRANSPORTS ROUTIERS DE MARCHANDISES OU DE VOYAGEURS,1.0
55.0,544950.0,0.0,74.0,0.0,0.0,0.0,1,CENTRE DIV IMPOTS DE DOUALA 1,R,CONSEILS JURIDIQUES,1.0
63.0,62779.0,0.0,71.0,0.0,0.0,0.0,1,CENTRE DIV IMPOTS DE DOUALA 1,R,COMMERCE GENERAL,0.0
0.0,80176.0,0.0,3.0,0.0,0.0,0.0,1,CENTRE DIV IMPOTS DE DOUALA 3,R,ASSISTANCE TECHNOLOGIQUE AUX ENTREPRISES,0.0
7.0,192987.0,0.0,11.0,0.0,0.0,0.0,3,CENTRE DIV IMPOTS DE DOUALA 3,R,ACTIVITES EDUCATIVES,0.0
43.0,825989.0,0.0,95.0,0.0,0.0,0.0,1,CENTRE DIV IMPOTS DE DOUALA 1,R,COMMERCE GENERAL,0.0
0.0,80176.0,0.0,39.0,0.0,0.0,0.0,1,CENTRE DIV IMPOTS DE DOUALA 3,R,COMMERCE DE GROS ET DE DETAIL,1.0
47.0,277038.0,0.0,168.0,0.0,0.0,0.0,1,CENTRE DIV IMPOTS DE DOUALA 1,R,TRANSITAIRE ET AUXILIAIRES DES TRANSPORTS,1.0
21.0,43218.0,0.0,26.0,0.0,0.0,0.0,1,CENTRE DIV IMPOTS DE DOUALA 1,R,"OPERATIONS DE TRANSIT, CONSIGNATION DE NAVIRES",0.0
40.0,209402.0,0.0,51.0,0.0,0.0,0.0,1,CENTRE DIV IMPOTS DE DOUALA 1,R,COMMERCE GENERAL,0.0
0.0,80176.0,0.0,119.0,0.0,0.0,0.0,3,CENTRE DEPARTEMENTAL DE LA MIFI,R,ACTIVITES EDUCATIVES,0.0
116.0,24491448.0,0.0,196.0,0.0,0.0,0.0,1,CENTRE DIV IMPOTS DE DOUALA 3,R,COMMUNICATIONS,0.0
0.0,80176.0,0.0,2.0,0.0,0.0,0.0,1,CENTRE DIV IMPOTS DE DOUALA 1,R,COMMERCE DE GROS ET DE DETAIL,1.0
14.0,439933.0,0.0,22.0,0.0,0.0,0.0,1,CENTRE DIV IMPOTS DE DOUALA 4,R,ACTIVITES FOURNIES PRINCIPALEMENT AUX ENTREPRISES,0.0
3.0,850.0,0.0,79.0,0.0,0.0,0.0,1,CENTRE DIV IMPOTS DE DOUALA 1,R,COMMERCE GENERAL,0.0
0.0,80176.0,0.0,86.0,0.0,0.0,0.0,1,CENTRE DIV IMPOTS DE DOUALA 3,R,ACTIVITES FOURNIES PRINCIPALEMENT AUX ENTREPRISES,0.0
51.0,-66.0,0.0,70.0,0.0,0.0,0.0,1,CENTRE DIVISIONNAIRE DES IMPÔTS DOUALA 14,R,COMMERCE GENERAL,0.0
33.0,108032.0,0.0,38.0,0.0,0.0,0.0,1,CENTRE DIV IMPOTS DE DOUALA 1,R,TRANSITAIRE ET AUXILIAIRES DES TRANSPORTS,1.0
83.0,25571668.0,0.0,379.0,0.0,0.0,0.0,1,CIME CENTRE DIVISIONNAIRE DES IMPÔTS DOUALA 6 BIS,R,DETAILLANT COMMERCE GENERAL,0.0
0.0,80176.0,0.0,5.0,0.0,0.0,0.0,1,CENTRE DIV IMPOTS DE DOUALA 1,R,ASSISTANCE TECHNOLOGIQUE AUX ENTREPRISES,0.0
0.0,80176.0,2.0,0.0,0.0,0.0,0.0,1,CENTRE DIV IMPOTS DE DOUALA 1,R,"BATIMENTS ET TRAVAUX PUBLICS : ENTREPRISES GENERALES DE BATIMENT, ENTREPRISES DE PEINTURE, D?INSTALLATIONS SANITAIRES, D?INSTALLATIONS ELECTRIQUES, DE ZINGUERIE, DE PLOMBERIE, DE VITRERIE ; CONSTRUCTION ET ENTRETIEN DES ROUTES, VOIES FERREES, CANALISATION D?EAU (OUVRAGES D?ART EXCLUS)",1.0
3.0,0.0,0.0,14.0,0.0,0.0,0.0,1,CENTRE DIV IMPOTS DE DOUALA 2,R,COMMERCE DE GROS ET DE DETAIL,1.0
15.0,41886.0,0.0,18.0,0.0,0.0,0.0,1,CENTRE DES IMPOTS DES MOYENNES ENTREPRISES DOUALA AKWA 2,R,COMMERCE DE GROS ET DE DETAIL,1.0
93.0,34189257.0,0.0,283.0,0.0,0.0,0.0,1,CIME CENTRE DIVISIONAIRE DES IMPÔTS DOUALA 1,R,TRANSPORTS PAR CAMIONS,1.0
5.0,131350.0,0.0,134.0,0.0,0.0,0.0,1,CENTRE DIV IMPOTS DE DOUALA 1,R,SERV. FOURN. AUX ENTREPRISES,1.0
5.0,518056.0,0.0,331.0,0.0,0.0,0.0,1,CSPLI CENTRE DIVISIONAIRE DES IMPÔTS DOUALA 1,R,VENTE/PRODUCTEUR PHARMACEUTIQUE,0.0
31.0,5090871.0,0.0,58.0,0.0,0.0,0.0,1,CENTRE DIV DES IMPOTS DE YAOUNDE 5,R,METALLURGIE DE L'ALUMINIUM,1.0
15.0,36976.0,0.0,54.0,0.0,0.0,0.0,1,CSPLI CENTRE DIV DES IMPOTS DE YAOUNDE 2,R,SERVICES RECREATIFS s CULTURELS,0.0
3.0,20958.0,0.0,10.0,0.0,0.0,0.0,1,CENTRE DIV IMPOTS DE DOUALA 2,R,COMMERCE DE GROS ET DE DETAIL,1.0
57.0,196124.0,0.0,118.0,0.0,0.0,0.0,1,CENTRE DIV IMPOTS DE DOUALA 1,R,SERV. FOURN. AUX ENTREPRISES,0.0
27.0,2397595.0,0.0,61.0,0.0,0.0,0.0,1,CENTRE DIV IMPOTS DE DOUALA 1,R,SERV. FOURN. AUX ENTREPRISES,1.0
17.0,117950.0,0.0,28.0,0.0,0.0,0.0,9,CENTRE DIV IMPOTS DE DOUALA 1,R,nan,0.0
71.0,14069.0,0.0,73.0,0.0,0.0,0.0,1,CENTRE DIV IMPOTS DE DOUALA 1,R,SERV. FOURN. AUX ENTREPRISES,1.0
13.0,347058.0,0.0,85.0,0.0,0.0,0.0,1,CENTRE DIV IMPOTS DE DOUALA 1,R,AUTRES S. SOC. c FOURN A LA COLLEC,0.0
3.0,12160.0,0.0,71.0,0.0,0.0,0.0,1,CENTRE DIV IMPOTS DE DOUALA 1,R,RESTAURANTS ET DEBITS DE BOISSONS,0.0
15.0,519459.0,0.0,99.0,0.0,0.0,0.0,1,CENTRE DIV IMPOTS DE DOUALA 1,R,SERV. FOURN. AUX ENTREPRISES,0.0
0.0,80176.0,0.0,18.0,0.0,0.0,0.0,1,CENTRE DES IMPOTS DES MOYENNES ENTREPRISES DOUALA BONANJO,R,ACTIVITES D'INFORMATION ET DE TELECOMMUNICATIONS,0.0
45.0,215870.0,0.0,119.0,0.0,0.0,0.0,1,CENTRE DIV IMPOTS DE DOUALA 2,R,SERV. FOURN. AUX ENTREPRISES,0.0
63.0,-107.0,0.0,365.0,0.0,0.0,0.0,1,CENTRE DIV IMPOTS DE DOUALA 3,R,DETAILLANT COMMERCE GENERAL,0.0
34.0,1536995.0,0.0,75.0,0.0,0.0,0.0,1,CIME CENTRE DIVISIONAIRE DES IMPÔTS DOUALA 1,R,COMMERCE GENERAL,0.0
9.0,93080.0,0.0,42.0,0.0,0.0,0.0,1,CENTRE DIV IMPOTS DE DOUALA 2,R,COMMERCE DE DETAIL,0.0
3.0,432049.0,0.0,54.0,0.0,0.0,0.0,1,CENTRE DIV IMPOTS DE DOUALA 1,R,COMMERCE GENERAL,0.0
13.0,83908.0,0.0,38.0,0.0,0.0,0.0,1,CIME CENTRE DIVISIONAIRE DES IMPÔTS DOUALA 2,R,COMMERCE GENERAL,0.0
14.0,31899.0,0.0,17.0,0.0,0.0,0.0,1,CENTRE DIV IMPOTS DE DOUALA 1,R,ACTIVITES FOURNIES PRINCIPALEMENT AUX ENTREPRISES,0.0
39.0,371770.0,0.0,87.0,0.0,0.0,0.0,1,CENTRE PRINCIPAL DES IMPOTS DU LITTORAL 1,R,COMMERCE GENERAL,0.0
88.0,4506840.0,0.0,145.0,0.0,0.0,0.0,1,CENTRE DIV IMPOTS DE DOUALA 1,R,ACTIVITES FOURNIES PRINCIPALEMENT AUX ENTREPRISES,0.0
3.0,281199.0,0.0,49.0,0.0,0.0,0.0,1,CENTRE DIV IMPOTS DE DOUALA 1,R,COMMERCE GENERAL,0.0
17.0,0.0,0.0,18.0,0.0,0.0,0.0,1,CENTRE DIV IMPOTS DE DOUALA 3,R,COMMERCE DE GROS ET DE DETAIL,1.0
0.0,80176.0,0.0,65.0,0.0,0.0,0.0,1,CENTRE DIV IMPOTS DE DOUALA 3,R,ACTIVITES D'INFORMATION ET DE TELECOMMUNICATIONS,0.0
20.0,0.0,0.0,21.0,0.0,0.0,0.0,1,CENTRE DIV DES IMPOTS DE YAOUNDE 6,R,COMMERCE DE GROS ET DE DETAIL,1.0
0.0,80176.0,0.0,6.0,0.0,0.0,0.0,2,CENTRE DIV IMPOTS DE DOUALA 1,R,"AGRICULTURE ET ENTREPRISES AGRO-PASTORALES, HORTICULTURE, SYLVICULTURE",0.0
0.0,80176.0,0.0,22.0,0.0,0.0,0.0,1,CENTRE DIV IMPOTS DE DOUALA 2,R,COMMERCE DE GROS ET DE DETAIL,0.0
22.0,9638.0,0.0,24.0,0.0,0.0,0.0,1,CENTRE DIV IMPOTS DE DOUALA 2,R,"SALONS DE COIFFURE, INSTITUTS DE BEAUTE, ETABLISSEMENTS DE MASSAGE",0.0
3.0,224774.0,0.0,54.0,0.0,0.0,0.0,1,CENTRE DIV IMPOTS DE DOUALA 1,R,COMMERCE DE GROS ET DE DETAIL,0.0
0.0,80176.0,2.0,0.0,0.0,0.0,0.0,1,CENTRE DIV IMPOTS DE DOUALA 2,R,"BATIMENTS ET TRAVAUX PUBLICS : ENTREPRISES GENERALES DE BATIMENT, ENTREPRISES DE PEINTURE, D?INSTALLATIONS SANITAIRES, D?INSTALLATIONS ELECTRIQUES, DE ZINGUERIE, DE PLOMBERIE, DE VITRERIE ; CONSTRUCTION ET ENTRETIEN DES ROUTES, VOIES FERREES, CANALISATION D?EAU (OUVRAGES D?ART EXCLUS)",1.0
15.0,-60.0,0.0,18.0,0.0,0.0,0.0,9,CENTRE DIV IMPOTS DE DOUALA 1,R,nan,0.0
3.0,-1650.0,0.0,14.0,0.0,0.0,0.0,1,CENTRE DIV IMPOTS DE DOUALA 1,R,"TRANSPORTS MARITIMES, TRANSPORTS FLUVIAUX, BACS",1.0
0.0,80176.0,0.0,4.0,0.0,0.0,0.0,1,CENTRE DIV IMPOTS DE DOUALA 1,R,TRANSITAIRES ET AGREES EN DOUANE,1.0
3.0,-38.0,0.0,28.0,0.0,0.0,0.0,9,CENTRE DIV IMPOTS DE DOUALA 1,R,nan,0.0
27.0,37629.0,0.0,334.0,0.0,0.0,0.0,9,CENTRE DIV IMPOTS DE DOUALA 1,R,SERV. FOURN. AUX PARTICULIERS m,0.0
0.0,80176.0,0.0,11.0,0.0,0.0,0.0,1,CENTRE DIV IMPOTS DE DOUALA 1,R,ACTIVITES FOURNIES PRINCIPALEMENT AUX ENTREPRISES,0.0
52.0,-624.0,0.0,77.0,0.0,0.0,0.0,1,CENTRE DIV IMPOTS DE DOUALA 13,R,COMMERCE GENERAL,1.0
9.0,14466.0,0.0,100.0,0.0,0.0,0.0,9,CENTRE DIV IMPOTS DE DOUALA 1,R,nan,0.0
10.0,949853.0,0.0,75.0,0.0,0.0,0.0,1,CENTRE DIV IMPOTS DE DOUALA 2,R,AUTRES S. SOC. c FOURN A LA COLLEC,0.0
0.0,80176.0,2.0,50.0,0.0,0.0,0.0,1,CENTRE SPECIALISE DES IMPOTS,R,COMMERCE DE GROS ET DE DETAIL,1.0
35.0,116620.0,0.0,42.0,0.0,0.0,0.0,1,CENTRE DIV IMPOTS DE DOUALA 1,R,CONSEIL JURIDIQUE,0.0
4.0,196405.0,0.0,24.0,0.0,0.0,0.0,1,CENTRE DIV IMPOTS DE DOUALA 1,R,TRANSITAIRES ET AGREES EN DOUANE,1.0
57.0,2914662.0,0.0,71.0,0.0,0.0,0.0,2,CENTRE DIV IMPOTS DE DOUALA 2,R,"AGRICULTURE ET ENTREPRISES AGRO-PASTORALES, HORTICULTURE, SYLVICULTURE",0.0
0.0,80176.0,0.0,3.0,0.0,0.0,0.0,1,CENTRE DIV IMPOTS DE DOUALA 4,R,TRANSPORTS ROUTIERS DE MARCHANDISES OU DE VOYAGEURS,1.0
0.0,0.0,0.0,32.0,0.0,0.0,0.0,1,CENTRE DIV IMPOTS DE DOUALA 1,R,"TRANSPORTS, ENTREPOTS c",1.0
70.0,1220397.0,0.0,225.0,0.0,0.0,0.0,1,CENTRE DIV IMPOTS DE DOUALA 3,R,"COM. GROS d,RESTAURATION h",0.0
0.0,80176.0,2.0,50.0,0.0,0.0,0.0,1,CENTRE DIV IMPOTS DE DOUALA 2,R,COMMERCE DE GROS ET DE DETAIL,1.0
13.0,0.0,0.0,16.0,0.0,0.0,0.0,1,CENTRE DIV IMPOTS DE DOUALA 1,R,ACTIVITES FOURNIES PRINCIPALEMENT AUX ENTREPRISES,0.0
9.0,21991.0,0.0,23.0,0.0,0.0,0.0,1,CENTRE DIV IMPOTS DE DOUALA 3,R,"HOTELS, RESTAURANTS, CAFES, BARS ET DANCING",0.0
38.0,257116.0,0.0,81.0,0.0,0.0,0.0,1,CENTRE DIV IMPOTS DE DOUALA 1,R,EXPLOITATION FORESTIERE,1.0
18.0,167498.0,0.0,42.0,0.0,0.0,0.0,1,CENTRE DIV IMPOTS DE DOUALA 1,R,BOULANGERIE ET PATISSERIE,0.0
18.0,99829.0,0.0,32.0,0.0,0.0,0.0,1,CENTRE DIV IMPOTS DE DOUALA 1,R,RESTAURANTS ET DEBITS DE BOISSONS,0.0
21.0,53421.0,0.0,42.0,0.0,0.0,0.0,1,CENTRE DIV IMPOTS DE DOUALA 6,R,COMMERCE GENERAL,0.0
27.0,650844.0,0.0,52.0,0.0,0.0,0.0,1,CENTRE DIV IMPOTS DE DOUALA 10,R,COMMERCE GENERAL,0.0
39.0,0.0,0.0,47.0,0.0,0.0,0.0,1,CENTRE DIV IMPOTS DE DOUALA 2,R,SERV. FOURN. AUX ENTREPRISES,1.0
3.0,5290.0,0.0,15.0,0.0,0.0,0.0,1,CENTRE DIV IMPOTS DE DOUALA 1,R,TRANSPORTS ROUTIERS DE MARCHANDISES OU DE VOYAGEURS,1.0
0.0,80176.0,2.0,1.0,0.0,0.0,0.0,1,CENTRE DIV IMPOTS DE DOUALA 3,R,"ENTREPRISES DE PRODUCTION, DE TRANSPORT ET DE DISTRIBUTION D?ELECTRICITE",1.0
18.0,1280858.0,0.0,68.0,0.0,0.0,0.0,1,CENTRE DIV IMPOTS DE DOUALA 1,R,TRANSPORT N.C.A,1.0
3.0,-471.0,0.0,23.0,0.0,0.0,0.0,1,CENTRE DIV IMPOTS DE DOUALA 1,R,COMMERCE DE GROS ET DE DETAIL,0.0
49.0,0.0,0.0,50.0,0.0,0.0,0.0,1,CENTRE DIV IMPOTS DE DOUALA 1,R,ASSURANCES,0.0
3.0,-3702.0,0.0,10.0,0.0,0.0,0.0,1,CENTRE DIV IMPOTS DE DOUALA 2,R,ACTIVITES FOURNIES PRINCIPALEMENT AUX ENTREPRISES,0.0
0.0,80176.0,0.0,14.0,0.0,0.0,0.0,9,CENTRE DIV IMPOTS DE DOUALA 3,R,nan,0.0
11.0,306208.0,0.0,128.0,0.0,0.0,0.0,1,CSPLI CENTRE DIVISIONAIRE DES IMPÔTS DOUALA 1,R,SOINS MEDICAUX d a SERVICES,0.0
10.0,23538.0,0.0,86.0,0.0,0.0,0.0,1,CENTRE DIV IMPOTS DE DOUALA 2,R,COMMERCE DE GROS ET DE DETAIL,0.0
4.0,312958.0,0.0,75.0,0.0,0.0,0.0,1,CENTRE PRINCIPAL DES IMPOTS DU LITTORAL 1,R,"FABRICATION DE PAPIER, CARTON ET D'ARTICLES EN PAPIER OU EN CARTON, IMPRIMERIE ET REPRODUCTION",0.0
37.0,643.0,0.0,80.0,0.0,0.0,0.0,1,CENTRE DIV IMPOTS DE DOUALA 10,R,COMMERCE GENERAL,1.0
26.0,78758.0,0.0,46.0,0.0,0.0,0.0,1,CENTRE DIV IMPOTS DE DOUALA 2,R,COMMERCE DE DETAIL,0.0
0.0,80176.0,0.0,4.0,0.0,0.0,0.0,1,CENTRE DIV IMPOTS DE DOUALA 1,R,ACTIVITES FOURNIES PRINCIPALEMENT AUX ENTREPRISES,0.0
8.0,330906.0,0.0,36.0,0.0,0.0,0.0,1,CENTRE DIV IMPOTS DE DOUALA 3,R,"IMPORTATEUR COMMERCE GENERAL,PRODUITS INDETERMINES",0.0
5.0,-3682.0,0.0,23.0,0.0,0.0,0.0,1,CENTRE DIV IMPOTS DE DOUALA 3,R,EXTRACTION DES PRODUITS DES HYDROCARBURES ET D'AUTRES PRODUITS ENERGETIQUES,1.0
58.0,33377.0,0.0,109.0,0.0,0.0,0.0,1,CENTRE DIV IMPOTS DE DOUALA 1,R,"HOTELS, RESTAURANTS, CAFES, BARS ET DANCING",0.0
74.0,11190.0,0.0,135.0,0.0,0.0,0.0,1,CENTRE DIV IMPOTS DE DOUALA 3,R,COMMERCE GENERAL,0.0
0.0,80176.0,0.0,3.0,0.0,0.0,0.0,1,CENTRE DIV IMPOTS DE DOUALA 1,R,"SALONS DE COIFFURE, INSTITUTS DE BEAUTE, ETABLISSEMENTS DE MASSAGE",0.0
60.0,50009.0,0.0,138.0,0.0,0.0,0.0,9,CENTRE DIV IMPOTS DE DOUALA 3,R,nan,0.0
53.0,0.0,0.0,54.0,0.0,0.0,0.0,1,CENTRE DIV IMPOTS DE DOUALA 1,R,COMMERCE GENERAL,0.0
6.0,293829.0,0.0,32.0,0.0,0.0,0.0,1,CENTRE DES IMPOTS DES MOYENNES ENTREPRISES DOUALA AKWA 1,R,SERV. FOURN. AUX ENTREPRISES,1.0
0.0,80176.0,0.0,28.0,0.0,0.0,0.0,1,CENTRE DIV IMPOTS DE DOUALA 1,R,"OPERATIONS DE TRANSIT, CONSIGNATION DE NAVIRES",1.0
0.0,80176.0,0.0,1.0,0.0,0.0,0.0,1,CENTRE DIV IMPOTS DE DOUALA 2,R,COMMERCE DE GROS ET DE DETAIL,1.0
6.0,0.0,0.0,7.0,0.0,0.0,0.0,1,CENTRE DIV IMPOTS DE DOUALA 2,R,COMMERCE DE GROS ET DE DETAIL,1.0
45.0,152141.0,0.0,219.0,0.0,0.0,0.0,1,CSPLI CENTRE DIVISIONAIRE DES IMPÔTS DOUALA 1,R,AFF. IMMOB. s FOURN. AUX ENTREP.,0.0
57.0,9298678.0,0.0,191.0,0.0,0.0,0.0,1,CENTRE DIV IMPOTS DE DOUALA 3,R,BATIMENT ET TRAVAUX PUBLICS,1.0
3.0,0.0,0.0,12.0,0.0,0.0,0.0,9,CENTRE DIV IMPOTS DE DOUALA 1,R,nan,0.0
32.0,12068612.0,0.0,294.0,0.0,0.0,0.0,1,CENTRE PRINCIPAL DES IMPOTS DU LITTORAL 1,R,"HOTELS, HOTELS MEUBLES e ANALOGUES",0.0
5.0,43853.0,0.0,10.0,0.0,0.0,0.0,1,CENTRE DIV IMPOTS DE DOUALA 2,R,COMMERCE DE GROS ET DE DETAIL,1.0
5.0,680094.0,0.0,16.0,0.0,0.0,0.0,1,CENTRE DIV IMPOTS DE DOUALA 1,R,ASSISTANCE TECHNOLOGIQUE AUX ENTREPRISES,0.0
12.0,1665.0,0.0,22.0,0.0,0.0,0.0,1,CENTRE DIV IMPOTS DE DOUALA 1,R,COMMERCE DE GROS ET DE DETAIL,0.0
20.0,26651.0,0.0,23.0,0.0,0.0,0.0,1,CENTRE DIV DES IMPOTS DE YAOUNDE 5,R,ACTIVITES FOURNIES PRINCIPALEMENT AUX ENTREPRISES,0.0
22.0,133552.0,0.0,87.0,0.0,0.0,0.0,1,CENTRE PRINCIPAL DES IMPOTS DU LITTORAL 1,R,AUTRES S. SOC. c FOURN A LA COLLEC,0.0
4.0,0.0,0.0,11.0,0.0,0.0,0.0,1,CENTRE DIV IMPOTS DE DOUALA 1,R,ACTIVITES FOURNIES PRINCIPALEMENT AUX ENTREPRISES,0.0
134.0,30869.0,0.0,206.0,0.0,0.0,0.0,1,CENTRE DIVISIONNAIRE DES IMPOTS DE BONABERI 1,R,VENTE/PRODUCTEUR PRODUIT INDETERMINE,0.0
28.0,218552.0,0.0,49.0,0.0,0.0,0.0,1,CENTRE DIV IMPOTS DE DOUALA 1,R,TRANSITAIRE ET AUXILIAIRES DES TRANSPORTS,1.0
0.0,80176.0,2.0,50.0,0.0,0.0,0.0,1,CENTRE DIV IMPOTS DE DOUALA 2,R,COMMERCE DE GROS ET DE DETAIL,1.0
0.0,80176.0,0.0,3.0,0.0,0.0,0.0,1,CENTRE DIV IMPOTS DE DOUALA 2,R,COMMERCE DE GROS ET DE DETAIL,1.0
50.0,220800.0,0.0,73.0,0.0,0.0,0.0,1,CENTRE DES IMPOTS DES MOYENNES ENTREPRISES DOUALA BONANJO,R,COMMERCE GENERAL,0.0
4.0,-3772.0,0.0,14.0,0.0,0.0,0.0,1,CENTRE DIV IMPOTS DE DOUALA 1,R,"SALONS DE COIFFURE, INSTITUTS DE BEAUTE, ETABLISSEMENTS DE MASSAGE",0.0
8.0,68549.0,0.0,40.0,0.0,0.0,0.0,1,CENTRE DIV IMPOTS DE DOUALA 1,R,SERV. FOURN. AUX ENTREPRISES,1.0
0.0,80176.0,2.0,50.0,0.0,0.0,0.0,1,CENTRE DIV IMPOTS DE DOUALA 1,R,"PROFESSIONS LIBERALES, CABINETS COMPTABLES ET FISCAUX, CONSEILS JURIDIQUES, OFFICIERS MINISTERIELS",0.0
14.0,955.0,0.0,21.0,0.0,0.0,0.0,1,CENTRE DES IMPOTS DES MOYENNES ENTREPRISES DOUALA BONANJO,R,ACTIVITES FOURNIES PRINCIPALEMENT AUX ENTREPRISES,0.0
0.0,80176.0,0.0,5.0,0.0,0.0,0.0,1,CIME CENTRE DIVISIONAIRE DES IMPÔTS DOUALA 1,R,COMMERCE DE GROS ET DE DETAIL,1.0
72.0,43900.0,0.0,75.0,0.0,0.0,0.0,1,CENTRE DIV IMPOTS DE DOUALA 10,R,SERV. FOURN. AUX ENTREPRISES,1.0
4.0,0.0,0.0,5.0,0.0,0.0,0.0,1,CENTRE DIV IMPOTS DE DOUALA 1,R,ACTIVITES FOURNIES PRINCIPALEMENT AUX ENTREPRISES,0.0
0.0,80176.0,0.0,3.0,0.0,0.0,0.0,1,CENTRE DIV IMPOTS DE DOUALA 1,R,ACTIVITES FOURNIES PRINCIPALEMENT AUX ENTREPRISES,0.0
16.0,224464.0,0.0,34.0,0.0,0.0,0.0,1,CENTRE DIVI DES IMPOTS DE DOUALA 5,R,SERV. FOURN. AUX ENTREPRISES,1.0
53.0,46377.0,0.0,74.0,0.0,0.0,0.0,1,CENTRE DIV IMPOTS DE DOUALA 1,R,SERV. FOURN. AUX ENTREPRISES,0.0
15.0,49021.0,0.0,54.0,0.0,0.0,0.0,1,CENTRE DIV IMPOTS DE DOUALA 1,R,AFF. IMMOB. s FOURN. AUX ENTREP.,0.0
6.0,2376.0,0.0,37.0,0.0,0.0,0.0,1,CENTRE DIV IMPOTS DE DOUALA 1,R,SERV. FOURN. AUX ENTREPRISES,1.0
15.0,88519.0,0.0,231.0,0.0,0.0,0.0,1,CENTRE DIV IMPOTS DE DOUALA 2,R,SALONS DE COIFFURE i DE BEAUTE,0.0
0.0,80176.0,0.0,3.0,0.0,0.0,0.0,1,CENTRE DIV IMPOTS DE DOUALA 1,R,REPARATION DE VEHICULES,1.0
4.0,120854.0,0.0,50.0,0.0,0.0,0.0,1,CENTRE DIV IMPOTS DE DOUALA 1,R,"COMPTABILITE, VERIF. COMPTES t LIV",0.0
47.0,26083.0,0.0,66.0,0.0,0.0,0.0,1,CENTRE DIV IMPOTS DE DOUALA 1,R,COMMERCE GENERAL,0.0
24.0,619286.0,0.0,43.0,0.0,0.0,0.0,1,CENTRE DIV IMPOTS DE DOUALA 1,R,ACTIVITES FOURNIES PRINCIPALEMENT AUX ENTREPRISES,1.0
9.0,-10.0,0.0,15.0,0.0,0.0,0.0,1,CENTRE DIV IMPOTS DE DOUALA 1,R,COMMERCE DE GROS ET DE DETAIL,1.0
7.0,41907.0,0.0,24.0,0.0,0.0,0.0,1,CENTRE DIV IMPOTS DE DOUALA 1,R,COMMERCE DE GROS ET DE DETAIL,0.0
15.0,12943.0,0.0,31.0,0.0,0.0,0.0,1,CENTRE DIV IMPOTS DE DOUALA 2,R,ACTIVITES ANNEXES DE L'AGRICULTURE,1.0
0.0,80176.0,0.0,3.0,0.0,0.0,0.0,1,CENTRE DIV IMPOTS DE DOUALA 1,R,ACTIVITES FOURNIES PRINCIPALEMENT AUX ENTREPRISES,0.0
3.0,8351.0,0.0,13.0,0.0,0.0,0.0,1,CENTRE DIV IMPOTS DE DOUALA 2,R,COMMERCE DE GROS ET DE DETAIL,1.0
0.0,80176.0,0.0,4.0,0.0,0.0,0.0,1,CENTRE DIV IMPOTS DE DOUALA 1,R,ACTIVITES D'INFORMATION ET DE TELECOMMUNICATIONS,0.0
0.0,80176.0,0.0,283.0,0.0,0.0,0.0,3,CENTRE DIVISIONNAIRE DES IMPÔTS DOUALA 12,R,ACTIVITES EDUCATIVES,0.0
3.0,-420.0,0.0,4.0,0.0,0.0,0.0,1,CENTRE DIV IMPOTS DE DOUALA 1,R,ACTIVITES FOURNIES PRINCIPALEMENT AUX ENTREPRISES,0.0
57.0,25597.0,0.0,59.0,0.0,0.0,0.0,1,CENTRE DIV IMPOTS DE DOUALA 3,R,COMMERCE DE GROS ET DE DETAIL,1.0
26.0,1439929.0,0.0,36.0,0.0,0.0,0.0,1,CENTRE DIV IMPOTS DE DOUALA 1,R,SERV. FOURN. AUX ENTREPRISES,0.0
5.0,1226501.0,0.0,38.0,0.0,0.0,0.0,1,CENTRE DIV IMPOTS DE DOUALA 1,R,LOCATION MATERIEL ET IMMEUBLE COMMERCIAL,0.0
3.0,400908.0,0.0,24.0,0.0,0.0,0.0,1,CENTRE DIV IMPOTS DE DOUALA 3,R,COMMERCE DE GROS ET DE DETAIL,0.0
28.0,-3544.0,0.0,48.0,0.0,0.0,0.0,1,CENTRE DIV IMPOTS DE DOUALA 1,R,SERV. INGENIEURS a s TECH.,0.0
3.0,-8045.0,0.0,32.0,0.0,0.0,0.0,1,CENTRE DIV IMPOTS DE DOUALA 1,R,SERV. FOURN. AUX ENTREPRISES,1.0
23.0,0.0,0.0,24.0,0.0,0.0,0.0,1,CENTRE DIV IMPOTS DE DOUALA 2,R,"AUTRES ACTIVITES FOURNIES A LA COLLECTIVITE, ACTIVITES SOCIALES ET PERSONNELLES",1.0
6.0,39712.0,0.0,33.0,0.0,0.0,0.0,1,CENTRE DIV IMPOTS DE DOUALA 1,R,"COMPTABILITE, VERIF. COMPTES t LIV",1.0
0.0,80176.0,0.0,3.0,0.0,0.0,0.0,1,CENTRE DIV IMPOTS DE DOUALA 2,R,ACTIVITES FINANCIERES ET D'ASSURANCE,0.0
19.0,-43.0,0.0,28.0,0.0,0.0,0.0,1,CENTRE DIV IMPOTS DE DOUALA 4,R,ACTIVITES FOURNIES PRINCIPALEMENT AUX ENTREPRISES,0.0
6.0,49392.0,0.0,10.0,0.0,0.0,0.0,1,CENTRE DIV IMPOTS DE DOUALA 1,R,ACTIVITES FOURNIES PRINCIPALEMENT AUX ENTREPRISES,0.0
28.0,473393.0,0.0,86.0,0.0,0.0,0.0,3,CENTRE DES IMPOTS DES MOYENNES ENTREPRISES DOUALA BONANJO,R,ACTIVITES EDUCATIVES,0.0
37.0,63661.0,0.0,52.0,0.0,0.0,0.0,1,CENTRE DIV IMPOTS DE DOUALA 1,R,BATIMENT ET TRAVAUX PUBLICS,1.0
3.0,3539.0,0.0,9.0,0.0,0.0,0.0,1,CENTRE DIV IMPOTS DE DOUALA 1,R,ACTIVITES FOURNIES PRINCIPALEMENT AUX ENTREPRISES,0.0
3.0,6108.0,0.0,39.0,0.0,0.0,0.0,1,CENTRE DIV IMPOTS DE DOUALA 6,R,COMMERCE GENERAL,0.0
20.0,0.0,0.0,21.0,0.0,0.0,0.0,1,CENTRE DIV IMPOTS DE DOUALA 1,R,"BATIMENTS ET TRAVAUX PUBLICS : ENTREPRISES GENERALES DE BATIMENT, ENTREPRISES DE PEINTURE, D?INSTALLATIONS SANITAIRES, D?INSTALLATIONS ELECTRIQUES, DE ZINGUERIE, DE PLOMBERIE, DE VITRERIE ; CONSTRUCTION ET ENTRETIEN DES ROUTES, VOIES FERREES, CANALISATION D?EAU (OUVRAGES D?ART EXCLUS)",1.0
22.0,38072.0,0.0,57.0,0.0,0.0,0.0,1,CENTRE DIV IMPOTS DE DOUALA 2,R,COMMERCE GENERAL,0.0
3.0,0.0,0.0,6.0,0.0,0.0,0.0,1,CENTRE DIV IMPOTS DE DOUALA 4,R,ACTIVITES FOURNIES PRINCIPALEMENT AUX ENTREPRISES,0.0
0.0,80176.0,2.0,-1.0,0.0,0.0,0.0,1,CENTRE DIV IMPOTS DE DOUALA 3,R,COMMERCE DE GROS ET DE DETAIL,1.0
37.0,2810.0,0.0,40.0,0.0,0.0,0.0,1,CENTRE DIV IMPOTS DE DOUALA 1,R,COMMERCE GENERAL,0.0
15.0,12780.0,0.0,18.0,0.0,0.0,0.0,1,CENTRE DIV IMPOTS DE DOUALA 1,R,"BATIMENTS ET TRAVAUX PUBLICS : ENTREPRISES GENERALES DE BATIMENT, ENTREPRISES DE PEINTURE, D?INSTALLATIONS SANITAIRES, D?INSTALLATIONS ELECTRIQUES, DE ZINGUERIE, DE PLOMBERIE, DE VITRERIE ; CONSTRUCTION ET ENTRETIEN DES ROUTES, VOIES FERREES, CANALISATION D?EAU (OUVRAGES D?ART EXCLUS)",1.0
12.0,353759.0,0.0,28.0,0.0,0.0,0.0,3,CENTRE DIV IMPOTS DE DOUALA 3,R,ENSEIGNEMENT,0.0
3.0,1871346.0,0.0,147.0,0.0,0.0,0.0,9,CENTRE DES IMPOTS DES MOYENNES ENTREPRISES DOUALA BONANJO,R,nan,0.0
11.0,13628.0,0.0,43.0,0.0,0.0,0.0,1,CENTRE DIV IMPOTS DE DOUALA 2,R,COMMERCE GENERAL,0.0
23.0,0.0,0.0,24.0,0.0,0.0,0.0,1,CENTRE DIV IMPOTS DE DOUALA 1,R,COMMERCE DE GROS ET DE DETAIL,0.0
0.0,80176.0,2.0,50.0,0.0,0.0,0.0,1,CENTRE DIV IMPOTS DE DOUALA 2,R,AGENCES DE VOYAGE,0.0
0.0,80176.0,2.0,0.0,0.0,0.0,0.0,1,CENTRE DIV IMPOTS DE DOUALA 1,R,COMMERCE DE GROS ET DE DETAIL,1.0
60.0,59758.0,0.0,169.0,0.0,0.0,0.0,1,CENTRE DIV IMPOTS DE DOUALA 3,R,"HOTELS, HOTELS MEUBLES e ANALOGUES",0.0
46.0,889609.0,0.0,83.0,0.0,0.0,0.0,9,CENTRE DIV IMPOTS DE DOUALA 1,R,HEBERGEMENT ET RESTAURATION,0.0
27.0,-4691.0,0.0,171.0,0.0,0.0,0.0,1,CENTRE DIV IMPOTS DE DOUALA 10,R,"HOTELS, HOTELS MEUBLES e ANALOGUES",0.0
5.0,17102486.0,0.0,254.0,0.0,0.0,0.0,1,CENTRE DIV IMPOTS DE DOUALA 1,R,SERVICES PERSONNELS NON CLASSES AILLEURS,0.0
0.0,80176.0,0.0,6.0,0.0,0.0,0.0,1,CENTRE DIV IMPOTS DE DOUALA 1,R,AGENCES DE VOYAGE,0.0
26.0,120908.0,0.0,43.0,0.0,0.0,0.0,1,CENTRE DIV IMPOTS DE DOUALA 1,R,SERV. FOURN. AUX ENTREPRISES,0.0
0.0,80176.0,0.0,3.0,0.0,0.0,0.0,9,CENTRE DIV IMPOTS DE DOUALA 1,R,HEBERGEMENT ET RESTAURATION,0.0
6.0,11319.0,0.0,7.0,0.0,0.0,0.0,1,CENTRE DIV IMPOTS DE DOUALA 1,R,ACTIVITES FOURNIES PRINCIPALEMENT AUX ENTREPRISES,0.0
3.0,20943.0,0.0,10.0,0.0,0.0,0.0,1,CENTRE DIV IMPOTS DE DOUALA 2,R,COMMERCE DE GROS ET DE DETAIL,1.0
41.0,454654.0,0.0,183.0,0.0,0.0,0.0,1,CSPLI CENTRE DIVISIONAIRE DES IMPÔTS DOUALA 1,R,PUBLICITE,1.0
0.0,80176.0,2.0,50.0,0.0,0.0,0.0,1,CENTRE DIV IMPOTS DE DOUALA 1,R,ACTIVITES D'INFORMATION ET DE TELECOMMUNICATIONS,0.0
3.0,-50.0,0.0,6.0,0.0,0.0,0.0,1,CENTRE DIVI DES IMPOTS DE DOUALA 5,R,ACTIVITES D'INFORMATION ET DE TELECOMMUNICATIONS,0.0
0.0,80176.0,0.0,3.0,0.0,0.0,0.0,1,CENTRE DIV IMPOTS DE DOUALA 2,R,ACTIVITES FOURNIES PRINCIPALEMENT AUX ENTREPRISES,0.0
4.0,408353.0,0.0,241.0,0.0,0.0,0.0,1,CENTRE PRINCIPAL DES IMPOTS DU LITTORAL 1,R,"VENTE/PRODUCTEUR VETEMENT, TISSUS,...",0.0
0.0,80176.0,0.0,5.0,0.0,0.0,0.0,1,CENTRE DIV IMPOTS DE DOUALA 2,R,ACTIVITES FOURNIES PRINCIPALEMENT AUX ENTREPRISES,0.0
12.0,1395916.0,0.0,43.0,0.0,0.0,0.0,3,CENTRE DIVI DES IMPOTS DE DOUALA 5,R,ENSEIGNEMENT,0.0
22.0,3436717.0,0.0,140.0,0.0,0.0,0.0,1,CSPLI CENTRE DIVISIONAIRE DES IMPÔTS DOUALA 1,R,INDUSTRIE DES OLEAGINEUX ET D'ALIMENTS POUR ANIMAUX,0.0
7.0,361822.0,0.0,43.0,0.0,0.0,0.0,1,CENTRE DIV IMPOTS DE DOUALA 2,R,SERV. FOURN. AUX ENTREPRISES,1.0
10.0,2083130.0,0.0,163.0,0.0,0.0,0.0,3,CENTRE DIV IMPOTS DE DOUALA 10,R,ENSEIGNEMENT,0.0
0.0,80176.0,0.0,163.0,0.0,0.0,0.0,3,CENTRE DES IMPOTS DES MOYENNES ENTREPRISES DOUALA BONANJO,R,ACTIVITES EDUCATIVES,0.0
0.0,80176.0,0.0,127.0,0.0,0.0,0.0,3,CENTRE DIV IMPOTS DE DOUALA 1,R,ACTIVITES EDUCATIVES,0.0
14.0,9646.0,0.0,19.0,0.0,0.0,0.0,3,CENTRE DIV IMPOTS DE DOUALA 3,R,ENSEIGNEMENT,0.0
0.0,80176.0,0.0,75.0,0.0,0.0,0.0,3,CENTRE DIVI DES IMPOTS DE DOUALA 5,R,ENSEIGNEMENT,0.0
4.0,289268.0,0.0,19.0,0.0,0.0,0.0,3,CENTRE DES IMPOTS DES MOYENNES ENTREPRISES DOUALA BONANJO,R,ENSEIGNEMENT,0.0
31.0,8165.0,0.0,32.0,0.0,0.0,0.0,3,CENTRE DIV IMPOTS DE DOUALA 3,R,ENSEIGNEMENT,0.0
0.0,80176.0,0.0,19.0,0.0,0.0,0.0,3,CENTRE DIVI DES IMPOTS DE DOUALA 5,R,ENSEIGNEMENT,0.0
0.0,80176.0,0.0,163.0,0.0,0.0,0.0,3,CENTRE DIV IMPOTS DE DOUALA 1,R,ENSEIGNEMENT,0.0
19.0,-2.0,0.0,31.0,0.0,0.0,0.0,3,CENTRE DIV IMPOTS DE DOUALA 1,R,ENSEIGNEMENT,0.0
32.0,1366499.0,0.0,607.0,0.0,0.0,0.0,3,CENTRE DIV IMPOTS DE DOUALA 2,R,ENSEIGNEMENT,0.0
10.0,1566099.0,0.0,284.0,0.0,0.0,0.0,1,CENTRE DIV IMPOTS DE DOUALA 3,R,SERV. FOURN. AUX ENTREPRISES,0.0
10.0,41342.0,0.0,18.0,0.0,0.0,0.0,1,CENTRE DIV IMPOTS DE DOUALA 1,R,ACTIVITES FOURNIES PRINCIPALEMENT AUX ENTREPRISES,0.0
47.0,834383.0,0.0,103.0,0.0,0.0,0.0,1,CIME CENTRE DIVISIONAIRE DES IMPÔTS DOUALA 1,R,COMMERCE GENERAL,0.0
5.0,-987.0,0.0,17.0,0.0,0.0,0.0,1,CENTRE DIV IMPOTS DE DOUALA 1,R,ACTIVITES D'INFORMATION ET DE TELECOMMUNICATIONS,0.0
8.0,163444.0,0.0,22.0,0.0,0.0,0.0,9,CENTRE DIV IMPOTS DE DOUALA 1,R,ENTREPRISES D?ENTRETIEN ET DE NETTOYAGE D?IMMEUBLES,0.0
41.0,1048917.0,0.0,620.0,0.0,0.0,0.0,1,CSPLI CENTRE DIVISIONAIRE DES IMPÔTS DOUALA 2,R,COMPTABILITE,0.0
40.0,103819.0,0.0,47.0,0.0,0.0,0.0,1,CENTRE DIV IMPOTS DE DOUALA 1,R,COMMERCE GENERAL,0.0
14.0,25811.0,0.0,26.0,0.0,0.0,0.0,1,CENTRE DIV IMPOTS DE DOUALA 1,R,"BATIMENTS ET TRAVAUX PUBLICS : ENTREPRISES GENERALES DE BATIMENT, ENTREPRISES DE PEINTURE, D?INSTALLATIONS SANITAIRES, D?INSTALLATIONS ELECTRIQUES, DE ZINGUERIE, DE PLOMBERIE, DE VITRERIE ; CONSTRUCTION ET ENTRETIEN DES ROUTES, VOIES FERREES, CANALISATION D?EAU (OUVRAGES D?ART EXCLUS)",1.0
39.0,518860.0,0.0,475.0,0.0,0.0,0.0,1,CSPLI CENTRE DIVISIONAIRE DES IMPÔTS DOUALA 2,R,CONSEIL JURIDIQUE,0.0
8.0,0.0,0.0,9.0,0.0,0.0,0.0,1,CENTRE DIVI DES IMPOTS DE DOUALA 5,R,ACTIVITES FOURNIES PRINCIPALEMENT AUX ENTREPRISES,0.0
0.0,80176.0,0.0,6.0,0.0,0.0,0.0,1,CENTRE DES IMPOTS DES MOYENNES ENTREPRISES DOUALA AKWA 1,R,EXTRACTION DE MINERAIS,1.0
7.0,1572227.0,0.0,27.0,0.0,0.0,0.0,1,CENTRE DES IMPOTS DES MOYENNES ENTREPRISES DOUALA AKWA 1,R,COMMERCE DE GROS ET DE DETAIL,1.0
0.0,80176.0,2.0,1.0,0.0,0.0,0.0,2,CENTRE DIV IMPOTS DE DOUALA 3,R,HYDRAULIQUE AGRICOLE OU PASTORALE,1.0
63.0,13358.0,0.0,86.0,0.0,0.0,0.0,1,CENTRE PRINCIPAL DES IMPOTS DU LITTORAL 1,R,COMMERCE GENERAL,0.0
0.0,80176.0,0.0,6.0,0.0,0.0,0.0,1,CENTRE DIV IMPOTS DE DOUALA 2,R,"AUTRES ACTIVITES FOURNIES A LA COLLECTIVITE, ACTIVITES SOCIALES ET PERSONNELLES",0.0
0.0,80176.0,0.0,7.0,0.0,0.0,0.0,3,CENTRE DIV IMPOTS DE DOUALA 1,R,ENSEIGNEMENT,0.0
7.0,-239.0,0.0,15.0,0.0,0.0,0.0,1,CENTRE DIV IMPOTS DE DOUALA 1,R,TRANSITAIRES ET AGREES EN DOUANE,1.0
0.0,80176.0,2.0,0.0,0.0,0.0,0.0,1,CENTRE DIV IMPOTS DE DOUALA 1,R,ACTIVITES FOURNIES PRINCIPALEMENT AUX ENTREPRISES,0.0
75.0,3860847.0,0.0,127.0,0.0,0.0,0.0,1,CENTRE DIV IMPOTS DE DOUALA 4,R,ACTIVITES FOURNIES PRINCIPALEMENT AUX ENTREPRISES,0.0
24.0,32705.0,0.0,27.0,0.0,0.0,0.0,1,CENTRE DIV IMPOTS DE DOUALA 1,R,TRANSITAIRES ET AGREES EN DOUANE,1.0
54.0,83419.0,0.0,59.0,0.0,0.0,0.0,1,CENTRE DIV IMPOTS DE DOUALA 1,R,COMMERCE GENERAL,0.0
3.0,-46.0,0.0,25.0,0.0,0.0,0.0,1,CENTRE DIV IMPOTS DE DOUALA 3,R,"TRAVAUX PUBLICS, GENIE CIVIL : CARRIERE A CIEL OUVERT, TRAVAUX SOUTERRAINS DANS LA CONSTRUCTION ET L?ENTRETIEN DES EGOUTS ET CANALISATIONS D?EAU, CONSTRUCTION ET ENTRETIEN D?OUVRAGES D?ART (PONTS, AQUEDUCS, QUAIS, JETEES, DIGUES ET BARRAGES), ENTREPRISES DE CONSTRUCTION ET D?ENTRETIEN DE LIGNES EXTERIEURES DE TRANSPORT D?ENERGIE, ENTREPRISES DE DEMOLITION, CONSTRUCTION DE TUNNELS",1.0
3.0,-10.0,0.0,4.0,0.0,0.0,0.0,1,CENTRE DIV IMPOTS DE DOUALA 1,R,ACTIVITES FOURNIES PRINCIPALEMENT AUX ENTREPRISES,0.0
58.0,60502.0,0.0,63.0,0.0,0.0,0.0,1,CENTRE DIV IMPOTS DE DOUALA 2,R,CONSTRUCTION,1.0
9.0,29067.0,0.0,44.0,0.0,0.0,0.0,1,CENTRE DIV IMPOTS DE DOUALA 6,R,BATIMENT ET TRAVAUX PUBLICS,1.0
31.0,26850.0,0.0,34.0,0.0,0.0,0.0,1,CSPLI CENTRE DIVISIONAIRE DES IMPÔTS DOUALA 1,R,CONSTRUCTION DE BATIMENTS,1.0
0.0,80176.0,0.0,60.0,0.0,0.0,0.0,1,CENTRE DIV IMPOTS DE DOUALA 1,R,ACTIVITES FOURNIES PRINCIPALEMENT AUX ENTREPRISES,0.0
4.0,75840.0,0.0,12.0,0.0,0.0,0.0,2,CENTRE DIV IMPOTS DE DOUALA 2,R,"AGRICULTURE ET ENTREPRISES AGRO-PASTORALES, HORTICULTURE, SYLVICULTURE",0.0
25.0,-22.0,0.0,81.0,0.0,0.0,0.0,1,CENTRE PRINCIPAL DES IMPOTS DU LITTORAL 2,R,AUTRES S. SOC. c FOURN A LA COLLEC,0.0
21.0,13479.0,0.0,22.0,0.0,0.0,0.0,1,CENTRE DIV IMPOTS DE DOUALA 1,R,ACTIVITES FOURNIES PRINCIPALEMENT AUX ENTREPRISES,0.0
20.0,216590.0,0.0,40.0,0.0,0.0,0.0,1,CENTRE DIV IMPOTS DE DOUALA 2,R,"AGRICULTURE,CHASSE, SYLVICULTURE p",1.0
19.0,195237.0,0.0,63.0,0.0,0.0,0.0,1,CENTRE DIV IMPOTS DE DOUALA 1,R,BATIMENT ET TRAVAUX PUBLICS,1.0
82.0,0.0,0.0,83.0,0.0,0.0,0.0,1,CENTRE DIV IMPOTS DE DOUALA 1,R,ACTIVITES FOURNIES PRINCIPALEMENT AUX ENTREPRISES,0.0
8.0,60065.0,0.0,21.0,0.0,0.0,0.0,1,CENTRE DIV IMPOTS DE DOUALA 1,R,TRANSITAIRES ET AGREES EN DOUANE,0.0
0.0,80176.0,0.0,180.0,0.0,0.0,0.0,1,CENTRE DIV IMPOTS DE DOUALA 2,R,"ENTREPRISES DE PRODUCTION, DE TRANSPORT ET DE DISTRIBUTION D?ELECTRICITE",1.0
0.0,0.0,2.0,50.0,0.0,0.0,0.0,1,CENTRE PRINCIPAL DES IMPOTS DU CENTRE 1,R,"HOTELS, RESTAURANTS, CAFES, BARS ET DANCING",0.0
67.0,19784726.0,0.0,331.0,0.0,0.0,0.0,1,CIME CENTRE DIVISIONAIRE DES IMPÔTS DOUALA 1,R,BANQUE ET ETABLISSEMENTS FINANCIERS,0.0
3.0,10727.0,0.0,9.0,0.0,0.0,0.0,1,CENTRE DIV IMPOTS DE DOUALA 1,R,COMMERCE DE GROS ET DE DETAIL,1.0
0.0,80176.0,0.0,68.0,0.0,0.0,0.0,1,CENTRE DIV IMPOTS DE DOUALA 3,R,SERV. FOURN. AUX PARTICULIERS m,0.0
3.0,21262.0,0.0,24.0,0.0,0.0,0.0,1,CENTRE DIV IMPOTS DE DOUALA 2,R,REPARATION DE VEHICULES,1.0
6.0,46572.0,0.0,267.0,0.0,0.0,0.0,1,CIME CENTRE DIVISIONAIRE DES IMPÔTS DOUALA 1,R,REPARATION APPAREIL FRIGORIFIQUE,1.0
0.0,80176.0,0.0,92.0,0.0,0.0,0.0,1,CENTRE DIV IMPOTS DE DOUALA 1,R,ACTIVITES FOURNIES PRINCIPALEMENT AUX ENTREPRISES,0.0
7.0,2393051.0,0.0,19.0,0.0,0.0,0.0,1,CENTRE DES IMPOTS DES MOYENNES ENTREPRISES DOUALA AKWA 1,R,"BATIMENTS ET TRAVAUX PUBLICS : ENTREPRISES GENERALES DE BATIMENT, ENTREPRISES DE PEINTURE, D?INSTALLATIONS SANITAIRES, D?INSTALLATIONS ELECTRIQUES, DE ZINGUERIE, DE PLOMBERIE, DE VITRERIE ; CONSTRUCTION ET ENTRETIEN DES ROUTES, VOIES FERREES, CANALISATION D?EAU (OUVRAGES D?ART EXCLUS)",1.0
4.0,35741.0,0.0,11.0,0.0,0.0,0.0,9,CENTRE DIV IMPOTS DE DOUALA 4,R,HEBERGEMENT ET RESTAURATION,0.0
5.0,14262.0,0.0,15.0,0.0,0.0,0.0,1,CENTRE DIV IMPOTS DE DOUALA 4,R,"ORGANISMES DE SANTE, MAISONS DE RETRAITE, MAISONS DE REPOS",0.0
7.0,32301.0,0.0,13.0,0.0,0.0,0.0,1,CENTRE DIV IMPOTS DE DOUALA 1,R,ACTIVITES FOURNIES PRINCIPALEMENT AUX ENTREPRISES,0.0
3.0,-942.0,0.0,16.0,0.0,0.0,0.0,1,CENTRE DIV IMPOTS DE DOUALA 2,R,ACTIVITES FOURNIES PRINCIPALEMENT AUX ENTREPRISES,0.0
4.0,11319.0,0.0,5.0,0.0,0.0,0.0,1,CENTRE DIV IMPOTS DE DOUALA 1,R,ACTIVITES FOURNIES PRINCIPALEMENT AUX ENTREPRISES,0.0
8.0,118325.0,0.0,20.0,0.0,0.0,0.0,1,CSPLI CENTRE DIVISIONAIRE DES IMPÔTS DOUALA 1,R,ACTIVITES FOURNIES PRINCIPALEMENT AUX ENTREPRISES,0.0
8.0,4077644.0,0.0,341.0,0.0,0.0,0.0,1,CENTRE DIV IMPOTS DE DOUALA 1,R,"COM. GROS d,RESTAURATION h",0.0
3.0,362110.0,0.0,28.0,0.0,0.0,0.0,1,CENTRE DIV IMPOTS DE DOUALA 1,R,TRANSPORTS ROUTIERS DE MARCHANDISES OU DE VOYAGEURS,1.0
0.0,80176.0,2.0,3.0,0.0,0.0,0.0,1,CENTRE DIV IMPOTS DE DOUALA 3,R,"MEDECINS, PHARMACIENS, DENTISTES",0.0
5.0,-614.0,0.0,35.0,0.0,0.0,0.0,1,CENTRE DIV IMPOTS DE DOUALA 1,R,COMMERCE GENERAL,0.0
17.0,216509.0,0.0,55.0,0.0,0.0,0.0,1,CENTRE DIV IMPOTS DE DOUALA 1,R,COMMERCE GENERAL,0.0
8.0,15435.0,0.0,34.0,0.0,0.0,0.0,1,CENTRE DIV IMPOTS DE DOUALA 2,R,SERV. FOURN. AUX ENTREPRISES,0.0
5.0,11627.0,0.0,6.0,0.0,0.0,0.0,1,CENTRE DIV IMPOTS DE DOUALA 2,R,ACTIVITES FOURNIES PRINCIPALEMENT AUX ENTREPRISES,0.0
4.0,14739.0,0.0,43.0,0.0,0.0,0.0,1,CENTRE DIV IMPOTS DE DOUALA 13,R,COMMERCE GENERAL,0.0
5.0,107639.0,0.0,107.0,0.0,0.0,0.0,1,CENTRE DIV IMPOTS DE DOUALA 1,R,COMMERCE DE GROS ET DE DETAIL,0.0
3.0,11915.0,0.0,32.0,0.0,0.0,0.0,9,CENTRE DIV IMPOTS DE DOUALA 1,R,nan,0.0
40.0,2046616.0,0.0,115.0,0.0,0.0,0.0,1,CENTRE DIV IMPOTS DE DOUALA 2,R,SERV. FOURN. AUX ENTREPRISES,0.0
58.0,1379733.0,0.0,119.0,0.0,0.0,0.0,1,CENTRE DIV IMPOTS DE DOUALA 1,R,EXPLOITATION FORESTIERE,1.0
3.0,118938.0,0.0,60.0,0.0,0.0,0.0,1,CENTRE DIVISIONNAIRE DES IMPÔTS DOUALA 12,R,SERV. FOURN. AUX ENTREPRISES,0.0
52.0,548642.0,0.0,84.0,0.0,0.0,0.0,1,CENTRE PRINCIPAL DES IMPOTS DU LITTORAL 1,R,AUTRES S. SOC. c FOURN A LA COLLEC,0.0
17.0,2248342.0,0.0,39.0,0.0,0.0,0.0,1,CENTRE DIV IMPOTS DE DOUALA 1,R,SERV. FOURN. AUX ENTREPRISES,0.0
17.0,923.0,0.0,18.0,0.0,0.0,0.0,1,CENTRE DIV IMPOTS DE DOUALA 3,R,ACTIVITES FOURNIES PRINCIPALEMENT AUX ENTREPRISES,0.0
6.0,180882.0,0.0,76.0,0.0,0.0,0.0,1,CENTRE DIV IMPOTS DE DOUALA 1,R,SERV. FOURN. AUX ENTREPRISES,1.0
5.0,1083554.0,0.0,218.0,0.0,0.0,0.0,1,CSPLI CENTRE DIVISIONAIRE DES IMPÔTS DOUALA 2,R,"PROFESSIONS LIBERALES, CABINETS COMPTABLES ET FISCAUX, CONSEILS JURIDIQUES, OFFICIERS MINISTERIELS",0.0
109.0,0.0,0.0,110.0,0.0,0.0,0.0,1,CENTRE DIV IMPOTS DE DOUALA 2,R,COMMERCE DE GROS ET DE DETAIL,1.0
3.0,13276.0,0.0,99.0,0.0,0.0,0.0,1,CENTRE DIV IMPOTS DE DOUALA 1,R,COMMERCE GENERAL,0.0
5.0,223216.0,0.0,50.0,0.0,0.0,0.0,1,CENTRE DIV IMPOTS DE DOUALA 1,R,TRANSPORTS PAR CAMIONS,1.0
0.0,80176.0,0.0,4.0,0.0,0.0,0.0,1,CENTRE DIV IMPOTS DE DOUALA 1,R,TRANSITAIRES ET AGREES EN DOUANE,1.0
0.0,80176.0,0.0,109.0,0.0,0.0,0.0,1,CENTRE DIV IMPOTS DE DOUALA 1,R,ACTIVITES IMMOBILIERES,0.0
0.0,80176.0,0.0,79.0,0.0,0.0,0.0,1,CENTRE DIV IMPOTS DE DOUALA 1,R,ACTIVITES FOURNIES PRINCIPALEMENT AUX ENTREPRISES,0.0
4.0,-352.0,0.0,5.0,0.0,0.0,0.0,1,CENTRE DIV IMPOTS DE DOUALA 1,R,ACTIVITES FOURNIES PRINCIPALEMENT AUX ENTREPRISES,0.0
122.0,8575.0,0.0,200.0,0.0,0.0,0.0,1,CENTRE DIV IMPOTS DE DOUALA 8,R,VENTE/PRODUCTEUR PRODUIT INDETERMINE,0.0
3.0,10200.0,0.0,8.0,0.0,0.0,0.0,1,CENTRE DIV IMPOTS DE DOUALA 3,R,ACTIVITES FOURNIES PRINCIPALEMENT AUX ENTREPRISES,0.0
15.0,16790.0,0.0,36.0,0.0,0.0,0.0,1,CENTRE DIV IMPOTS DE DOUALA 2,R,SERV. FOURN. AUX PARTICULIERS m,0.0
0.0,80176.0,0.0,4.0,0.0,0.0,0.0,1,CENTRE DIV IMPOTS DE DOUALA 2,R,COMMERCE DE GROS ET DE DETAIL,1.0
3.0,-10.0,0.0,8.0,0.0,0.0,0.0,1,CENTRE DIV IMPOTS DE DOUALA 1,R,ACTIVITES FOURNIES PRINCIPALEMENT AUX ENTREPRISES,0.0
3.0,-18845.0,0.0,147.0,0.0,0.0,0.0,1,CENTRE DIV IMPOTS DE DOUALA 8,R,COMMERCE GENERAL,0.0
26.0,60650.0,0.0,39.0,0.0,0.0,0.0,1,CENTRE DIV IMPOTS DE DOUALA 2,R,REPARATION APPAREIL FRIGORIFIQUE,0.0
0.0,80176.0,2.0,50.0,0.0,0.0,0.0,1,CENTRE DIV IMPOTS DE DOUALA 2,R,TRANSITAIRES ET AGREES EN DOUANE,1.0
4.0,125347.0,0.0,31.0,0.0,0.0,0.0,1,CENTRE DIV IMPOTS DE DOUALA 6,R,ACTIVITES FOURNIES PRINCIPALEMENT AUX ENTREPRISES,1.0
4.0,0.0,0.0,5.0,0.0,0.0,0.0,1,CENTRE DIV IMPOTS DE DOUALA 1,R,COMMERCE DE GROS ET DE DETAIL,1.0
70.0,423953.0,0.0,201.0,0.0,0.0,0.0,1,DGE CENTRE DIVISIONAIRE DES IMPÔTS DOUALA 5,R,SERV. FOURN. AUX ENTREPRISES,0.0
89.0,2538461.0,0.0,284.0,0.0,0.0,0.0,1,CENTRE DIV IMPOTS DE DOUALA 1,R,SERV. FOURN. AUX ENTREPRISES,0.0
0.0,80176.0,2.0,50.0,0.0,0.0,0.0,1,CENTRE DIV IMPOTS DE DOUALA 3,R,COMMERCE DE GROS ET DE DETAIL,1.0
0.0,80176.0,2.0,38.0,0.0,0.0,0.0,1,CENTRE DIV IMPOTS DE DOUALA 2,R,COMMERCE DE GROS ET DE DETAIL,1.0
57.0,100669.0,0.0,72.0,0.0,0.0,0.0,1,CENTRE PRINCIPAL DES IMPOTS DU LITTORAL 1,R,SERV. FOURN. AUX ENTREPRISES,1.0
3.0,-107086.0,0.0,307.0,0.0,0.0,0.0,1,CENTRE DIV IMPOTS DE DOUALA 3,R,AUTRES S. SOC. c FOURN A LA COLLEC,0.0
11.0,920816.0,0.0,161.0,0.0,0.0,0.0,1,CSPLI CENTRE DIVISIONAIRE DES IMPÔTS DOUALA 1,R,COMMERCE DE DETAIL,0.0
0.0,80176.0,2.0,0.0,0.0,0.0,0.0,1,CENTRE DIV IMPOTS DE DOUALA 3,R,CONSTRUCTION,1.0
8.0,722138.0,0.0,146.0,0.0,0.0,0.0,1,CENTRE DIV IMPOTS DE DOUALA 10,R,SERV. FOURN. AUX ENTREPRISES,0.0
20.0,1184585.0,0.0,68.0,0.0,0.0,0.0,1,CENTRE DIV IMPOTS DE DOUALA 1,R,SERV. FOURN. AUX ENTREPRISES,1.0
0.0,80176.0,2.0,1.0,0.0,0.0,0.0,1,CENTRE DIV IMPOTS DE DOUALA 2,R,TRANSITAIRES ET AGREES EN DOUANE,1.0
28.0,0.0,0.0,29.0,0.0,0.0,0.0,1,CENTRE DIV IMPOTS DE DOUALA 1,R,ACTIVITES FOURNIES PRINCIPALEMENT AUX ENTREPRISES,0.0
5.0,0.0,0.0,6.0,0.0,0.0,0.0,1,CSPLI CENTRE DIVISIONAIRE DES IMPÔTS DOUALA 1,R,"AUTRES ACTIVITES FOURNIES A LA COLLECTIVITE, ACTIVITES SOCIALES ET PERSONNELLES",0.0
0.0,80176.0,2.0,50.0,0.0,0.0,0.0,1,CENTRE DIV IMPOTS DE DOUALA 2,R,ACTIVITES D'INFORMATION ET DE TELECOMMUNICATIONS,0.0
9.0,0.0,0.0,10.0,0.0,0.0,0.0,1,CENTRE DIV IMPOTS DE DOUALA 1,R,ACTIVITES FOURNIES PRINCIPALEMENT AUX ENTREPRISES,0.0
18.0,162587.0,0.0,40.0,0.0,0.0,0.0,1,CENTRE DIV IMPOTS DE DOUALA 1,R,SERV. FOURN. AUX ENTREPRISES,1.0
0.0,80176.0,0.0,3.0,0.0,0.0,0.0,1,CENTRE DIV IMPOTS DE DOUALA 1,R,ACTIVITES FOURNIES PRINCIPALEMENT AUX ENTREPRISES,0.0
5.0,-1106.0,0.0,168.0,0.0,0.0,0.0,1,CENTRE DIV IMPOTS DE DOUALA 1,R,AUTRES INDUSTRIE CONFECTION,1.0
26.0,678924.0,0.0,118.0,0.0,0.0,0.0,1,CENTRE DIV IMPOTS DE DOUALA 3,R,SERV. FOURN. AUX ENTREPRISES,1.0
16.0,0.0,0.0,17.0,0.0,0.0,0.0,1,CENTRE DIV IMPOTS DE DOUALA 1,R,TRANSITAIRES ET AGREES EN DOUANE,1.0
40.0,17823.0,0.0,114.0,0.0,0.0,0.0,1,CENTRE DIV IMPOTS DE DOUALA 1,R,SERV. FOURN. AUX ENTREPRISES,0.0
172.0,194824.0,0.0,207.0,0.0,0.0,0.0,1,CENTRE DIVISIONNAIRE DES IMPÔTS DOUALA 9,R,SERV. FOURN. AUX ENTREPRISES,0.0
0.0,80176.0,0.0,4.0,0.0,0.0,0.0,1,CENTRE DIV IMPOTS DE DOUALA 2,R,"HOTELS, RESTAURANTS, CAFES, BARS ET DANCING",0.0
3.0,0.0,0.0,6.0,0.0,0.0,0.0,1,CENTRE DIV IMPOTS DE DOUALA 1,R,"PROFESSIONS LIBERALES, CABINETS COMPTABLES ET FISCAUX, CONSEILS JURIDIQUES, OFFICIERS MINISTERIELS",0.0
45.0,16038.0,0.0,72.0,0.0,0.0,0.0,1,CENTRE DIV IMPOTS DE DOUALA 1,R,CONSEIL JURIDIQUE,0.0
0.0,80176.0,0.0,6.0,0.0,0.0,0.0,1,CENTRE DIV IMPOTS DE DOUALA 3,R,ACTIVITES FOURNIES PRINCIPALEMENT AUX ENTREPRISES,0.0
0.0,80176.0,0.0,3.0,0.0,0.0,0.0,1,CENTRE DIV IMPOTS DE DOUALA 2,R,ACTIVITES FOURNIES PRINCIPALEMENT AUX ENTREPRISES,0.0
15.0,-376.0,0.0,28.0,0.0,0.0,0.0,1,CENTRE DIV IMPOTS DE DOUALA 1,R,ACTIVITES FOURNIES PRINCIPALEMENT AUX ENTREPRISES,1.0
12.0,52518.0,0.0,19.0,0.0,0.0,0.0,1,CENTRE DIVI DES IMPOTS DE DOUALA 5,R,"BATIMENTS ET TRAVAUX PUBLICS : ENTREPRISES GENERALES DE BATIMENT, ENTREPRISES DE PEINTURE, D?INSTALLATIONS SANITAIRES, D?INSTALLATIONS ELECTRIQUES, DE ZINGUERIE, DE PLOMBERIE, DE VITRERIE ; CONSTRUCTION ET ENTRETIEN DES ROUTES, VOIES FERREES, CANALISATION D?EAU (OUVRAGES D?ART EXCLUS)",1.0
3.0,0.0,0.0,12.0,0.0,0.0,0.0,1,CENTRE DIV IMPOTS DE DOUALA 3,R,COMMERCE DE GROS ET DE DETAIL,1.0
26.0,392206.0,0.0,63.0,0.0,0.0,0.0,1,CENTRE DIV IMPOTS DE DOUALA 1,R,SERV. FOURN. AUX ENTREPRISES,0.0
5.0,109744.0,0.0,34.0,0.0,0.0,0.0,1,CENTRE DIV IMPOTS DE DOUALA 1,R,TRANSPORT ET ENTREPOSAGE,1.0
0.0,80176.0,0.0,27.0,0.0,0.0,0.0,1,CENTRE DIV IMPOTS DE DOUALA 1,R,TRANSITAIRE ET AUXILIAIRES DES TRANSPORTS,1.0
0.0,80176.0,2.0,1.0,0.0,0.0,0.0,1,CENTRE DIV IMPOTS DE DOUALA 2,R,"BATIMENTS ET TRAVAUX PUBLICS : ENTREPRISES GENERALES DE BATIMENT, ENTREPRISES DE PEINTURE, D?INSTALLATIONS SANITAIRES, D?INSTALLATIONS ELECTRIQUES, DE ZINGUERIE, DE PLOMBERIE, DE VITRERIE ; CONSTRUCTION ET ENTRETIEN DES ROUTES, VOIES FERREES, CANALISATION D?EAU (OUVRAGES D?ART EXCLUS)",1.0
75.0,61756.0,0.0,97.0,0.0,0.0,0.0,1,CENTRE DIV IMPOTS DE DOUALA 2,R,SERV. FOURN. AUX ENTREPRISES,0.0
3.0,-652.0,0.0,4.0,0.0,0.0,0.0,1,CENTRE DIV IMPOTS DE DOUALA 1,R,ACTIVITES FOURNIES PRINCIPALEMENT AUX ENTREPRISES,0.0
0.0,80176.0,2.0,0.0,0.0,0.0,0.0,2,CENTRE DIV IMPOTS DE DOUALA 1,R,"AGRICULTURE ET ENTREPRISES AGRO-PASTORALES, HORTICULTURE, SYLVICULTURE",0.0
0.0,80176.0,2.0,0.0,0.0,0.0,0.0,3,CENTRE DIV IMPOTS DE DOUALA 3,R,ENSEIGNEMENT,0.0
0.0,80176.0,0.0,9.0,0.0,0.0,0.0,1,CENTRE DIV IMPOTS DE DOUALA 2,R,"BATIMENTS ET TRAVAUX PUBLICS : ENTREPRISES GENERALES DE BATIMENT, ENTREPRISES DE PEINTURE, D?INSTALLATIONS SANITAIRES, D?INSTALLATIONS ELECTRIQUES, DE ZINGUERIE, DE PLOMBERIE, DE VITRERIE ; CONSTRUCTION ET ENTRETIEN DES ROUTES, VOIES FERREES, CANALISATION D?EAU (OUVRAGES D?ART EXCLUS)",1.0
8.0,22943.0,0.0,18.0,0.0,0.0,0.0,1,CENTRE DIV IMPOTS DE DOUALA 2,R,ASSISTANCE TECHNOLOGIQUE AUX ENTREPRISES,0.0
0.0,80176.0,2.0,50.0,0.0,0.0,0.0,1,CENTRE DIV IMPOTS DE DOUALA 1,R,ACTIVITES D'INFORMATION ET DE TELECOMMUNICATIONS,0.0
72.0,0.0,0.0,282.0,0.0,0.0,0.0,1,CENTRE DIV IMPOTS DE DOUALA 3,R,SERV. FOURN. AUX ENTREPRISES,1.0
3.0,250942.0,0.0,28.0,0.0,0.0,0.0,9,CENTRE DIV IMPOTS DE DOUALA 3,R,nan,0.0
9.0,0.0,0.0,16.0,0.0,0.0,0.0,9,CENTRE DIV IMPOTS DE DOUALA 3,R,nan,0.0
3.0,-1000.0,0.0,8.0,0.0,0.0,0.0,1,CENTRE DIV IMPOTS DE DOUALA 4,R,ACTIVITES FOURNIES PRINCIPALEMENT AUX ENTREPRISES,0.0
50.0,51945.0,0.0,187.0,0.0,0.0,0.0,1,CENTRE DIV IMPOTS DE DOUALA 3,R,SERVICES PERSONNELS NON CLASSES AILLEURS,0.0
11.0,0.0,0.0,21.0,0.0,0.0,0.0,1,CENTRE DIV IMPOTS DE DOUALA 3,R,COMMERCE DE GROS ET DE DETAIL,1.0
17.0,1100506.0,0.0,36.0,0.0,0.0,0.0,1,CENTRE DIV IMPOTS DE DOUALA 1,R,SERV. FOURN. AUX ENTREPRISES,1.0
0.0,80176.0,2.0,0.0,0.0,0.0,0.0,1,CENTRE DIV IMPOTS DE DOUALA 1,R,COMMERCE DE GROS ET DE DETAIL,1.0
3.0,161568.0,0.0,20.0,0.0,0.0,0.0,1,CENTRE DIV IMPOTS DE DOUALA 2,R,EXTRACTION DES PRODUITS DES HYDROCARBURES ET D'AUTRES PRODUITS ENERGETIQUES,1.0
3.0,0.0,0.0,10.0,0.0,0.0,0.0,1,CENTRE DIV IMPOTS DE DOUALA 3,R,ACTIVITES FOURNIES PRINCIPALEMENT AUX ENTREPRISES,0.0
3.0,45685.0,0.0,135.0,0.0,0.0,0.0,1,CENTRE DIV IMPOTS DE DOUALA 1,R,SERV. FOURN. AUX ENTREPRISES,0.0
27.0,104262.0,0.0,56.0,0.0,0.0,0.0,1,CENTRE DIV IMPOTS DE DOUALA 2,R,COMMERCE GENERAL,0.0
3.0,-283.0,0.0,32.0,0.0,0.0,0.0,1,CENTRE DIV IMPOTS DE DOUALA 1,R,SERV. FOURN. AUX ENTREPRISES,1.0
42.0,82871.0,0.0,58.0,0.0,0.0,0.0,9,CENTRE DIV IMPOTS DE DOUALA 13,R,nan,0.0
0.0,80176.0,2.0,50.0,0.0,0.0,0.0,1,CENTRE DIV IMPOTS DE DOUALA 3,R,INDUSTRIE DU BOIS SAUF FABRICATION MEUBLES,1.0
29.0,0.0,0.0,31.0,0.0,0.0,0.0,9,CENTRE DIV IMPOTS DE DOUALA 1,R,nan,0.0
49.0,769581.0,0.0,206.0,0.0,0.0,0.0,1,CENTRE DIV IMPOTS DE DOUALA 3,R,COMMERCE DE GROS,0.0
0.0,80176.0,2.0,1.0,0.0,0.0,0.0,1,CENTRE DIV IMPOTS DE DOUALA 1,R,ACTIVITES FOURNIES PRINCIPALEMENT AUX ENTREPRISES,0.0
0.0,80176.0,2.0,-1.0,0.0,0.0,0.0,1,CENTRE DIV IMPOTS DE DOUALA 2,R,ACTIVITES FOURNIES PRINCIPALEMENT AUX ENTREPRISES,0.0
0.0,80176.0,0.0,1.0,0.0,0.0,0.0,1,CENTRE DIV IMPOTS DE DOUALA 3,R,"ENTREPRISES DE PRODUCTION, DE TRANSPORT ET DE DISTRIBUTION D?ELECTRICITE",1.0
47.0,4119436.0,0.0,186.0,0.0,0.0,0.0,1,CENTRE DIV IMPOTS DE DOUALA 1,R,TRAVAUX ELECTRICITE BATIMENT,1.0
0.0,80176.0,2.0,0.0,0.0,0.0,0.0,1,CENTRE DIV IMPOTS DE DOUALA 2,R,ACTIVITES FOURNIES PRINCIPALEMENT AUX ENTREPRISES,0.0
23.0,-1.0,0.0,27.0,0.0,0.0,0.0,1,CENTRE DIV IMPOTS DE DOUALA 1,R,TRANSITAIRES ET AGREES EN DOUANE,1.0
3.0,20994.0,0.0,60.0,0.0,0.0,0.0,1,CENTRE DIV IMPOTS DE DOUALA 1,R,SERV. FOURN. AUX ENTREPRISES,1.0
3.0,-40.0,0.0,11.0,0.0,0.0,0.0,1,CENTRE DIV IMPOTS DE DOUALA 1,R,ACTIVITES FOURNIES PRINCIPALEMENT AUX ENTREPRISES,0.0
5.0,85867.0,0.0,18.0,0.0,0.0,0.0,1,CENTRE DIV IMPOTS DE DOUALA 1,R,COMMERCE DE GROS ET DE DETAIL,1.0
0.0,80176.0,2.0,75.0,0.0,0.0,0.0,1,CENTRE DIV IMPOTS DE DOUALA 1,R,ACTIVITES FOURNIES PRINCIPALEMENT AUX ENTREPRISES,0.0
0.0,80176.0,0.0,2.0,0.0,0.0,0.0,1,CENTRE DIV IMPOTS DE DOUALA 3,R,ACTIVITES FOURNIES PRINCIPALEMENT AUX ENTREPRISES,0.0
33.0,3672005.0,0.0,55.0,0.0,0.0,0.0,1,CENTRE DIV IMPOTS DE DOUALA 1,R,AUTRES S. SOC. c FOURN A LA COLLEC,0.0
118.0,518554.0,0.0,246.0,0.0,0.0,0.0,3,CENTRE DIVISIONNAIRE DES IMPÔTS DOUALA 14,R,ENSEIGNEMENT,0.0
151.0,24752.0,0.0,414.0,0.0,0.0,0.0,3,CENTRE DIV IMPOTS DE DOUALA 1,R,ENSEIGNEMENT,0.0
11.0,343424.0,0.0,608.0,0.0,0.0,0.0,3,CENTRE DIV IMPOTS DE DOUALA 3,R,ENSEIGNEMENT,0.0
0.0,80176.0,0.0,115.0,0.0,0.0,0.0,3,CENTRE DIV IMPOTS DE DOUALA 1,R,ACTIVITES EDUCATIVES,0.0
9.0,208596.0,0.0,40.0,0.0,0.0,0.0,1,CENTRE DIV IMPOTS DE DOUALA 1,R,SERV. FOURN. AUX ENTREPRISES,1.0
70.0,14527.0,0.0,75.0,0.0,0.0,0.0,1,CENTRE DIV IMPOTS DE DOUALA 2,R,AUTRES S. SOC. c FOURN A LA COLLEC,0.0
0.0,80176.0,0.0,14.0,0.0,0.0,0.0,1,CENTRE DIV IMPOTS DE DOUALA 3,R,ACTIVITES FOURNIES PRINCIPALEMENT AUX ENTREPRISES,0.0
6.0,253224.0,0.0,18.0,0.0,0.0,0.0,1,CENTRE DIV IMPOTS DE DOUALA 1,R,ACTIVITES FOURNIES PRINCIPALEMENT AUX ENTREPRISES,0.0
14.0,106474.0,0.0,44.0,0.0,0.0,0.0,1,CENTRE DIV IMPOTS DE DOUALA 1,R,COMMERCE DE GROS ET DE DETAIL,1.0
10.0,457809.0,0.0,207.0,0.0,0.0,0.0,1,CENTRE DIV IMPOTS DE DOUALA 3,R,"HOTELS, HOTELS MEUBLES e ANALOGUES",0.0
49.0,8200.0,0.0,93.0,0.0,0.0,0.0,1,CENTRE PRINCIPAL DES IMPOTS DU LITTORAL 1,R,COMMERCE GENERAL,0.0
58.0,37571320.0,0.0,243.0,0.0,0.0,0.0,1,DIRECTION DES GRANDES ENTREPRISES,R,TRANSPORTS ET ENTREPOTS,1.0
7.0,0.0,0.0,8.0,0.0,0.0,0.0,1,CENTRE DIV DES IMPOTS DE YAOUNDE 2,R,"INDUSTRIE DU CACAO, DU CAFE, DU THE, ET DU SUCRE",1.0
10.0,15441.0,0.0,49.0,0.0,0.0,0.0,1,DIRECTION DES GRANDES ENTREPRISES,R,COMMERCE GENERAL,0.0
4.0,20848.0,0.0,9.0,0.0,0.0,0.0,1,CENTRE DES IMPOTS DES MOYENNES ENTREPRISES DOUALA AKWA 1,R,"BATIMENTS ET TRAVAUX PUBLICS : ENTREPRISES GENERALES DE BATIMENT, ENTREPRISES DE PEINTURE, D?INSTALLATIONS SANITAIRES, D?INSTALLATIONS ELECTRIQUES, DE ZINGUERIE, DE PLOMBERIE, DE VITRERIE ; CONSTRUCTION ET ENTRETIEN DES ROUTES, VOIES FERREES, CANALISATION D?EAU (OUVRAGES D?ART EXCLUS)",1.0
21.0,-2176.0,0.0,50.0,0.0,0.0,0.0,1,CENTRE DIV IMPOTS DE DOUALA 2,R,COMMERCE GENERAL,0.0
71.0,151115.0,0.0,93.0,0.0,0.0,0.0,1,CENTRE PRINCIPAL DES IMPOTS DU LITTORAL 1,R,BATIMENT ET TRAVAUX PUBLICS,1.0
0.0,80176.0,0.0,6.0,0.0,0.0,0.0,1,CENTRE DES IMPOTS DES MOYENNES ENTREPRISES DOUALA AKWA 1,R,ACTIVITES D'INFORMATION ET DE TELECOMMUNICATIONS,0.0
3.0,0.0,0.0,6.0,0.0,0.0,0.0,1,CENTRE DIV IMPOTS DE DOUALA 1,R,ASSISTANCE TECHNOLOGIQUE AUX ENTREPRISES,0.0
6.0,25057.0,0.0,24.0,0.0,0.0,0.0,1,CENTRE DIV IMPOTS DE DOUALA 2,R,COMMERCE DE GROS ET DE DETAIL,1.0
15.0,26464.0,0.0,81.0,0.0,0.0,0.0,1,CENTRE DIV IMPOTS DE DOUALA 1,R,COMMERCE GENERAL,0.0
5.0,-2882.0,0.0,182.0,0.0,0.0,0.0,1,CENTRE DIV IMPOTS DE DOUALA 8,R,SERV. FOURN. AUX ENTREPRISES,0.0
48.0,73180.0,0.0,56.0,0.0,0.0,0.0,1,CENTRE DIV IMPOTS DE DOUALA 2,R,BATIMENT ET TRAVAUX PUBLICS,1.0
15.0,0.0,0.0,24.0,0.0,0.0,0.0,1,CENTRE DIV IMPOTS DE DOUALA 1,R,ACTIVITES FOURNIES PRINCIPALEMENT AUX ENTREPRISES,0.0
23.0,1287278.0,0.0,91.0,0.0,0.0,0.0,9,CENTRE DIV IMPOTS DE DOUALA 1,R,nan,0.0
4.0,3139749.0,0.0,107.0,0.0,0.0,0.0,1,CENTRE DIV IMPOTS DE DOUALA 1,R,COMMERCE GENERAL,0.0
0.0,80176.0,0.0,3.0,0.0,0.0,0.0,1,CENTRE DIV IMPOTS DE DOUALA 1,R,ACTIVITES FOURNIES PRINCIPALEMENT AUX ENTREPRISES,0.0
6.0,142488.0,0.0,15.0,0.0,0.0,0.0,1,CENTRE DIV IMPOTS DE DOUALA 1,R,ACTIVITES FOURNIES PRINCIPALEMENT AUX ENTREPRISES,0.0
5.0,0.0,0.0,8.0,0.0,0.0,0.0,1,CENTRE DIV IMPOTS DE DOUALA 4,R,ACTIVITES FOURNIES PRINCIPALEMENT AUX ENTREPRISES,0.0
0.0,80176.0,0.0,2.0,0.0,0.0,0.0,1,CENTRE DIV IMPOTS DE DOUALA 2,R,COMMERCE DE GROS ET DE DETAIL,1.0
0.0,80176.0,0.0,6.0,0.0,0.0,0.0,1,CENTRE DIV IMPOTS DE DOUALA 3,R,COMMERCE DE GROS ET DE DETAIL,1.0
0.0,80176.0,0.0,11.0,0.0,0.0,0.0,1,CENTRE DIVI DES IMPOTS DE DOUALA 5,R,COMMERCE DE GROS ET DE DETAIL,1.0
24.0,717123.0,0.0,170.0,0.0,0.0,0.0,1,CSPLI CENTRE DIVISIONAIRE DES IMPÔTS DOUALA 1,R,"PROFESSIONS LIBERALES, CABINETS COMPTABLES ET FISCAUX, CONSEILS JURIDIQUES, OFFICIERS MINISTERIELS",0.0
41.0,21405.0,0.0,221.0,0.0,0.0,0.0,1,CIME CENTRE DIVISIONAIRE DES IMPÔTS DOUALA 1,R,SERV. FOURN. AUX ENTREPRISES,0.0
11.0,10392.0,0.0,20.0,0.0,0.0,0.0,1,CENTRE DIV IMPOTS DE DOUALA 1,R,COMMERCE DE GROS ET DE DETAIL,1.0
0.0,80176.0,0.0,19.0,0.0,0.0,0.0,9,CENTRE DIV IMPOTS DE DOUALA 1,R,nan,0.0
15.0,49085.0,0.0,30.0,0.0,0.0,0.0,1,CENTRE DIV IMPOTS DE DOUALA 3,R,"BATIMENTS ET TRAVAUX PUBLICS : ENTREPRISES GENERALES DE BATIMENT, ENTREPRISES DE PEINTURE, D?INSTALLATIONS SANITAIRES, D?INSTALLATIONS ELECTRIQUES, DE ZINGUERIE, DE PLOMBERIE, DE VITRERIE ; CONSTRUCTION ET ENTRETIEN DES ROUTES, VOIES FERREES, CANALISATION D?EAU (OUVRAGES D?ART EXCLUS)",1.0
254.0,262659.0,0.0,285.0,0.0,0.0,0.0,1,CENTRE DIV IMPOTS DE DOUALA 3,R,SERV. FOURN. AUX ENTREPRISES,0.0
0.0,80176.0,2.0,0.0,0.0,0.0,0.0,1,CENTRE DIV IMPOTS DE DOUALA 4,R,COMMERCE DE GROS ET DE DETAIL,1.0
0.0,80176.0,0.0,3.0,0.0,0.0,0.0,1,CENTRE DIV IMPOTS DE DOUALA 4,R,COMMERCE DE GROS ET DE DETAIL,1.0
15.0,519459.0,0.0,99.0,0.0,0.0,0.0,1,CENTRE DIV IMPOTS DE DOUALA 1,R,SERV. FOURN. AUX ENTREPRISES,0.0
4.0,237864.0,0.0,18.0,0.0,0.0,0.0,1,CENTRE DIV IMPOTS DE DOUALA 1,R,"BATIMENTS ET TRAVAUX PUBLICS : ENTREPRISES GENERALES DE BATIMENT, ENTREPRISES DE PEINTURE, D?INSTALLATIONS SANITAIRES, D?INSTALLATIONS ELECTRIQUES, DE ZINGUERIE, DE PLOMBERIE, DE VITRERIE ; CONSTRUCTION ET ENTRETIEN DES ROUTES, VOIES FERREES, CANALISATION D?EAU (OUVRAGES D?ART EXCLUS)",1.0
38.0,0.0,0.0,39.0,0.0,0.0,0.0,1,CENTRE DIV IMPOTS DE DOUALA 3,R,TRANSPORTS PAR CAMIONS,1.0
27.0,176046.0,0.0,226.0,0.0,0.0,0.0,1,CIME CENTRE DIVISIONAIRE DES IMPÔTS DOUALA 1,R,COMMERCE DE GROS,0.0
15.0,-14.0,0.0,33.0,0.0,0.0,0.0,1,CENTRE DIVI DES IMPOTS DE DOUALA 5,R,TRANSPORT PAR CAR,1.0
65.0,-263.0,0.0,69.0,0.0,0.0,0.0,1,CENTRE DIV IMPOTS DE DOUALA 1,R,SERV. FOURN. AUX ENTREPRISES,1.0
15.0,-36.0,0.0,72.0,0.0,0.0,0.0,1,CENTRE DIV IMPOTS DE DOUALA 2,R,SERV. FOURN. AUX ENTREPRISES,0.0
38.0,1665543.0,0.0,286.0,0.0,0.0,0.0,1,CENTRE DIV IMPOTS DE DOUALA 1,R,AFF. IMMOB. s FOURN. AUX ENTREP.,1.0
121.0,1004990.0,0.0,144.0,0.0,0.0,0.0,1,CENTRE DIV IMPOTS DE DOUALA 1,R,ACTIVITES FOURNIES PRINCIPALEMENT AUX ENTREPRISES,0.0
0.0,80176.0,0.0,15.0,0.0,0.0,0.0,1,CENTRE DIV IMPOTS DE DOUALA 1,R,ACTIVITES FOURNIES PRINCIPALEMENT AUX ENTREPRISES,0.0
6.0,482500.0,0.0,12.0,0.0,0.0,0.0,1,CENTRE DIV IMPOTS DE DOUALA 1,R,MAIRIES ET COMMUNES,0.0
109.0,4055329.0,0.0,297.0,0.0,0.0,0.0,1,CSPLI CENTRE DIVISIONAIRE DES IMPÔTS DOUALA 2,R,CONSEIL JURIDIQUE,0.0
22.0,16276.0,0.0,24.0,0.0,0.0,0.0,1,CENTRE DIV IMPOTS DE DOUALA 4,R,"AUTRES ACTIVITES FOURNIES A LA COLLECTIVITE, ACTIVITES SOCIALES ET PERSONNELLES",0.0
0.0,80176.0,0.0,298.0,0.0,0.0,0.0,1,CENTRE DIV IMPOTS DE DOUALA 1,R,FABRICATION DE PRODUITS MINERAUX NON METALLIQUES,1.0
3.0,1385.0,0.0,6.0,0.0,0.0,0.0,1,CENTRE DIV IMPOTS DE DOUALA 2,R,"BATIMENTS ET TRAVAUX PUBLICS : ENTREPRISES GENERALES DE BATIMENT, ENTREPRISES DE PEINTURE, D?INSTALLATIONS SANITAIRES, D?INSTALLATIONS ELECTRIQUES, DE ZINGUERIE, DE PLOMBERIE, DE VITRERIE ; CONSTRUCTION ET ENTRETIEN DES ROUTES, VOIES FERREES, CANALISATION D?EAU (OUVRAGES D?ART EXCLUS)",1.0
3.0,-1136.0,0.0,40.0,0.0,0.0,0.0,1,CIME CENTRE DIVISIONAIRE DES IMPÔTS DOUALA 1,R,SERV. FOURN. AUX ENTREPRISES,0.0
22.0,1388459.0,0.0,233.0,0.0,0.0,0.0,1,CENTRE DIV IMPOTS DE DOUALA 10,R,SOINS MEDICAUX d a SERVICES,0.0
27.0,1087361.0,0.0,263.0,0.0,0.0,0.0,1,CIME CENTRE DIVISIONAIRE DES IMPÔTS DOUALA 1,R,METALLURGIE DES METAUX N.C.A,1.0
6.0,113483.0,0.0,15.0,0.0,0.0,0.0,1,CENTRE DIV IMPOTS DE DOUALA 3,R,ACTIVITES D'INFORMATION ET DE TELECOMMUNICATIONS,0.0
33.0,386415.0,0.0,55.0,0.0,0.0,0.0,3,CENTRE DIV IMPOTS DE DOUALA 3,R,ENSEIGNEMENT,0.0
4.0,-106.0,0.0,33.0,0.0,0.0,0.0,1,CENTRE DEPARTEMENTAL DES IMPOTS DE DSCHANG,R,ENSEIGNEMENT,0.0
0.0,80176.0,0.0,95.0,0.0,0.0,0.0,3,CENTRE DIV IMPOTS DE DOUALA 3,R,ACTIVITES EDUCATIVES,0.0
36.0,8609091.0,0.0,294.0,0.0,0.0,0.0,3,CENTRE DIV IMPOTS DE DOUALA 1,R,ENSEIGNEMENT,0.0
0.0,80176.0,0.0,79.0,0.0,0.0,0.0,3,CENTRE DIVISIONNAIRE DES IMPÔTS DOUALA 14,R,ACTIVITES EDUCATIVES,0.0
4.0,1829319.0,0.0,44.0,0.0,0.0,0.0,1,CENTRE DES IMPOTS DES MOYENNES ENTREPRISES YAOUNDE EST,R,COMMERCE GENERAL,0.0
29.0,0.0,0.0,30.0,0.0,0.0,0.0,1,CENTRE DIV IMPOTS DE DOUALA 1,R,ACTIVITES FOURNIES PRINCIPALEMENT AUX ENTREPRISES,0.0
0.0,80176.0,0.0,61.0,0.0,0.0,0.0,1,CENTRE DIV IMPOTS DE DOUALA 3,R,ACTIVITE POUR LA SANTE HUMAINE ET ACTION SOCIALE,0.0
11.0,1511187.0,0.0,57.0,0.0,0.0,0.0,1,CENTRE SPECIALISE DES IMPOTS,R,SOINS MEDICAUX d a SERVICES,0.0
14.0,36114.0,0.0,37.0,0.0,0.0,0.0,1,CENTRE DIV IMPOTS DE DOUALA 1,R,COMMERCE GENERAL,0.0
3.0,2984.0,0.0,17.0,0.0,0.0,0.0,1,CENTRE DIV IMPOTS DE DOUALA 2,R,ACTIVITES D'INFORMATION ET DE TELECOMMUNICATIONS,0.0
62.0,624334.0,0.0,180.0,0.0,0.0,0.0,1,CENTRE DIV IMPOTS DE DOUALA 1,R,SERV. FOURN. AUX ENT. SAUF LOCATION M-M,0.0
0.0,80176.0,0.0,3.0,0.0,0.0,0.0,9,CSPLI CENTRE DIVISIONAIRE DES IMPÔTS DOUALA 3,R,HEBERGEMENT ET RESTAURATION,0.0
9.0,76697.0,0.0,34.0,0.0,0.0,0.0,1,CENTRE DIV IMPOTS DE DOUALA 1,R,SERV. FOURN. AUX ENTREPRISES,1.0
0.0,80176.0,2.0,50.0,0.0,0.0,0.0,1,CENTRE DIV IMPOTS DE DOUALA 2,R,TRANSITAIRES ET AGREES EN DOUANE,1.0
0.0,80176.0,0.0,10.0,0.0,0.0,0.0,1,CENTRE DIV IMPOTS DE DOUALA 2,R,COMMERCE DE GROS ET DE DETAIL,1.0
0.0,80176.0,0.0,4.0,0.0,0.0,0.0,1,CENTRE DIV IMPOTS DE DOUALA 1,R,TRANSITAIRES ET AGREES EN DOUANE,1.0
11.0,986398.0,0.0,71.0,0.0,0.0,0.0,1,CENTRE DIV IMPOTS DE DOUALA 1,R,SERV. INGENIEURS a s TECH.,0.0
5.0,403192.0,0.0,186.0,0.0,0.0,0.0,1,CENTRE DIV IMPOTS DE DOUALA 1,R,BATIMENT ET TRAVAUX PUBLICS,1.0
0.0,80176.0,0.0,40.0,0.0,0.0,0.0,1,CENTRE DIV IMPOTS DE DOUALA 1,R,ACTIVITES FOURNIES PRINCIPALEMENT AUX ENTREPRISES,0.0
71.0,17453057.0,0.0,93.0,0.0,0.0,0.0,1,CENTRE DIV IMPOTS DE DOUALA 1,R,"AGRICULTURE ET ENTREPRISES AGRO-PASTORALES, HORTICULTURE, SYLVICULTURE",0.0
6.0,1547700.0,0.0,181.0,0.0,0.0,0.0,1,CENTRE SPECIALISE DES IMPOTS,R,SOINS MEDICAUX d a SERVICES,0.0
32.0,33960.0,0.0,35.0,0.0,0.0,0.0,1,CENTRE DES IMPOTS DES PROFESSIONS LIBERALES DOUALA,R,"MEDECINS, PHARMACIENS, DENTISTES",0.0
0.0,80176.0,0.0,28.0,0.0,0.0,0.0,1,CENTRE DIV IMPOTS DE DOUALA 1,R,"MEDECINS, PHARMACIENS, DENTISTES",0.0
0.0,80176.0,0.0,9.0,0.0,0.0,0.0,1,CENTRE DIV IMPOTS DE DOUALA 3,R,ACTIVITE POUR LA SANTE HUMAINE ET ACTION SOCIALE,0.0
30.0,53851.0,0.0,49.0,0.0,0.0,0.0,1,CENTRE DIV IMPOTS DE DOUALA 3,R,"ORGANISMES DE SANTE, MAISONS DE RETRAITE, MAISONS DE REPOS",0.0
0.0,80176.0,0.0,107.0,0.0,0.0,0.0,1,CENTRE DIV DES IMPOTS DE YAOUNDE 3,R,ACTIVITE POUR LA SANTE HUMAINE ET ACTION SOCIALE,0.0
7.0,34986.0,0.0,8.0,0.0,0.0,0.0,1,CENTRE DIV IMPOTS DE DOUALA 2,R,ACTIVITE POUR LA SANTE HUMAINE ET ACTION SOCIALE,0.0
0.0,80176.0,0.0,6.0,0.0,0.0,0.0,1,CENTRE DIV IMPOTS DE DOUALA 3,R,"ORGANISMES DE SANTE, MAISONS DE RETRAITE, MAISONS DE REPOS",0.0
0.0,80176.0,0.0,91.0,0.0,0.0,0.0,1,CENTRE DES IMPOTS DES PROFESSIONS LIBERALES DOUALA,R,ACTIVITE POUR LA SANTE HUMAINE ET ACTION SOCIALE,0.0
11.0,198998.0,0.0,47.0,0.0,0.0,0.0,1,CENTRE DIV IMPOTS DE DOUALA 3,R,ACTIVITE POUR LA SANTE HUMAINE ET ACTION SOCIALE,0.0
0.0,80176.0,0.0,8.0,0.0,0.0,0.0,3,CENTRE DIV IMPOTS DE DOUALA 3,R,ENSEIGNEMENT,0.0
15.0,28254.0,0.0,16.0,0.0,0.0,0.0,3,CENTRE DES IMPOTS DES MOYENNES ENTREPRISES DOUALA BONANJO,R,ENSEIGNEMENT,0.0
0.0,80176.0,0.0,3.0,0.0,0.0,0.0,1,CENTRE DIV IMPOTS DE DOUALA 1,R,ACTIVITE POUR LA SANTE HUMAINE ET ACTION SOCIALE,0.0
21.0,12512.0,0.0,176.0,0.0,0.0,0.0,1,CENTRE DIV IMPOTS DE DOUALA 10,R,SERV. FOURN. AUX ENTREPRISES,0.0
4.0,47265.0,0.0,193.0,0.0,0.0,0.0,1,CENTRE DIV IMPOTS DE DOUALA 8,R,COMMERCE DE GROS,0.0
22.0,17287.0,0.0,23.0,0.0,0.0,0.0,1,CENTRE DIV IMPOTS DE DOUALA 3,R,ACTIVITES FOURNIES PRINCIPALEMENT AUX ENTREPRISES,0.0
6.0,721887.0,0.0,79.0,0.0,0.0,0.0,1,CENTRE DIV IMPOTS DE DOUALA 1,R,HEBERGEMENT ET RESTAURATION,1.0
3.0,367018507.0,0.0,482.0,0.0,0.0,0.0,1,nan,R,TRANSPORTS PAR CAMIONS,1.0
8.0,26304.0,0.0,11.0,0.0,0.0,0.0,1,CENTRE DIV IMPOTS DE DOUALA 3,R,FABRICATION DE PRODUITS METALLURGIQUES DE BASE ET D'OUVRAGES EN METAUX,1.0
9.0,10690.0,0.0,20.0,0.0,0.0,0.0,1,CENTRE DIV IMPOTS DE DOUALA 2,R,COMMERCE DE GROS ET DE DETAIL,1.0
4.0,765597.0,0.0,11.0,0.0,0.0,0.0,1,CENTRE DIV IMPOTS DE DOUALA 1,R,PROSPECTION MINIERE,1.0
42.0,1251.0,0.0,49.0,0.0,0.0,0.0,1,CENTRE DIV IMPOTS DE DOUALA 2,R,COMMERCE GENERAL,0.0
3.0,-3292.0,0.0,76.0,0.0,0.0,0.0,1,CENTRE DIV IMPOTS DE DOUALA 1,R,AUTRES S. SOC. c FOURN A LA COLLEC,0.0
4.0,48119.0,0.0,94.0,0.0,0.0,0.0,1,CENTRE DIV IMPOTS DE DOUALA 1,R,SERV. FOURN. AUX ENTREPRISES,0.0
44.0,671161.0,0.0,327.0,0.0,0.0,0.0,1,CSPLI CENTRE DIVISIONAIRE DES IMPÔTS DOUALA 1,R,CONSEIL JURIDIQUE,0.0
3.0,247321.0,0.0,39.0,0.0,0.0,0.0,1,CENTRE DIV IMPOTS DE DOUALA 1,R,ACTIVITES FOURNIES PRINCIPALEMENT AUX ENTREPRISES,0.0
0.0,80176.0,0.0,19.0,0.0,0.0,0.0,1,CENTRE DIV IMPOTS DE DOUALA 1,R,"AUTRES ACTIVITES FOURNIES A LA COLLECTIVITE, ACTIVITES SOCIALES ET PERSONNELLES",0.0
43.0,155055.0,0.0,232.0,0.0,0.0,0.0,1,CENTRE DIV IMPOTS DE DOUALA 3,R,CONSEIL JURIDIQUE,0.0
5.0,10748.0,0.0,7.0,0.0,0.0,0.0,1,CENTRE DIV IMPOTS DE DOUALA 1,R,ACTIVITES FOURNIES PRINCIPALEMENT AUX ENTREPRISES,0.0
51.0,284850.0,0.0,546.0,0.0,0.0,0.0,1,CSPLI CENTRE DIVISIONAIRE DES IMPÔTS DOUALA 2,R,COMPTABILITE,0.0
9.0,88492.0,0.0,20.0,0.0,0.0,0.0,1,CSPLI CENTRE DIVISIONAIRE DES IMPÔTS DOUALA 2,R,"AUTRES ACTIVITES FOURNIES A LA COLLECTIVITE, ACTIVITES SOCIALES ET PERSONNELLES",0.0
0.0,80176.0,0.0,53.0,0.0,0.0,0.0,1,CENTRE DIV IMPOTS DE DOUALA 1,R,ACTIVITES FOURNIES PRINCIPALEMENT AUX ENTREPRISES,0.0
0.0,80176.0,0.0,87.0,0.0,0.0,0.0,1,CENTRE DIV IMPOTS DE DOUALA 3,R,"ORGANISMES DE SANTE, MAISONS DE RETRAITE, MAISONS DE REPOS",0.0
0.0,80176.0,0.0,53.0,0.0,0.0,0.0,1,CENTRE DIV IMPOTS DE DOUALA 2,R,ACTIVITES FOURNIES PRINCIPALEMENT AUX ENTREPRISES,0.0
0.0,80176.0,0.0,12.0,0.0,0.0,0.0,1,CENTRE DIV IMPOTS DE DOUALA 4,R,ACTIVITES FOURNIES PRINCIPALEMENT AUX ENTREPRISES,0.0
0.0,80176.0,2.0,1.0,0.0,0.0,0.0,1,CENTRE DIV IMPOTS DE DOUALA 10,R,TRANSITAIRES ET AGREES EN DOUANE,1.0
54.0,37638.0,0.0,109.0,0.0,0.0,0.0,1,CENTRE DIV IMPOTS DE DOUALA 4,R,TRANSPORT PAR CAR,1.0
0.0,80176.0,2.0,50.0,0.0,0.0,0.0,1,CENTRE DIV IMPOTS DE DOUALA 3,R,"BATIMENTS ET TRAVAUX PUBLICS : ENTREPRISES GENERALES DE BATIMENT, ENTREPRISES DE PEINTURE, D?INSTALLATIONS SANITAIRES, D?INSTALLATIONS ELECTRIQUES, DE ZINGUERIE, DE PLOMBERIE, DE VITRERIE ; CONSTRUCTION ET ENTRETIEN DES ROUTES, VOIES FERREES, CANALISATION D?EAU (OUVRAGES D?ART EXCLUS)",1.0
7.0,92342.0,0.0,47.0,0.0,0.0,0.0,1,CENTRE DIV IMPOTS DE DOUALA 1,R,CONSEILS JURIDIQUES,0.0
0.0,80176.0,0.0,31.0,0.0,0.0,0.0,9,CENTRE DIV IMPOTS DE DOUALA 1,R,nan,0.0
0.0,80176.0,2.0,0.0,0.0,0.0,0.0,1,CENTRE DIV IMPOTS DE DOUALA 2,R,TRANSITAIRES ET AGREES EN DOUANE,1.0
0.0,80176.0,0.0,3.0,0.0,0.0,0.0,1,CENTRE DIV IMPOTS DE DOUALA 2,R,"PROFESSIONS LIBERALES, CABINETS COMPTABLES ET FISCAUX, CONSEILS JURIDIQUES, OFFICIERS MINISTERIELS",0.0
3.0,2764.0,0.0,134.0,0.0,0.0,0.0,1,CSPLI CENTRE DIVISIONAIRE DES IMPÔTS DOUALA 1,R,SERV. FOURN. AUX ENTREPRISES,0.0
21.0,3589215.0,0.0,66.0,0.0,0.0,0.0,1,CSPLI CENTRE DIVISIONAIRE DES IMPÔTS DOUALA 1,R,COMMUNICATIONS,0.0
0.0,80176.0,0.0,3.0,0.0,0.0,0.0,1,CENTRE DIV IMPOTS DE DOUALA 2,R,ACTIVITES FOURNIES PRINCIPALEMENT AUX ENTREPRISES,0.0
4.0,36920.0,0.0,13.0,0.0,0.0,0.0,1,CENTRE DIV IMPOTS DE DOUALA 2,R,COMMERCE DE GROS ET DE DETAIL,1.0
16.0,1471327.0,0.0,115.0,0.0,0.0,0.0,9,CENTRE DIV IMPOTS DE DOUALA 1,R,nan,0.0
0.0,80176.0,2.0,0.0,0.0,0.0,0.0,1,CENTRE DIV IMPOTS DE DOUALA 1,R,COMMERCE DE GROS ET DE DETAIL,1.0
75.0,50418.0,0.0,203.0,0.0,0.0,0.0,1,CIME CENTRE DIVISIONAIRE DES IMPÔTS DOUALA 1,R,COMMERCE GENERAL,0.0
0.0,80176.0,0.0,4.0,0.0,0.0,0.0,1,CENTRE DIV IMPOTS DE DOUALA 1,R,ACTIVITES FOURNIES PRINCIPALEMENT AUX ENTREPRISES,0.0
13.0,-1953.0,0.0,48.0,0.0,0.0,0.0,1,CENTRE DIV IMPOTS DE DOUALA 1,R,VENTE/PRODUCTEUR BOISSONS,0.0
0.0,80176.0,0.0,2.0,0.0,0.0,0.0,1,CSPLI CENTRE DIVISIONAIRE DES IMPÔTS DOUALA 1,R,ACTIVITES FOURNIES PRINCIPALEMENT AUX ENTREPRISES,0.0
3.0,-323.0,0.0,7.0,0.0,0.0,0.0,1,CIME CENTRE DIVISIONAIRE DES IMPÔTS DOUALA 1,R,ACTIVITES FOURNIES PRINCIPALEMENT AUX ENTREPRISES,0.0
64.0,46332.0,0.0,65.0,0.0,0.0,0.0,1,CENTRE DIV IMPOTS DE DOUALA 1,R,ACTIVITES FOURNIES PRINCIPALEMENT AUX ENTREPRISES,0.0
0.0,80176.0,0.0,2.0,0.0,0.0,0.0,1,CENTRE DIV IMPOTS DE DOUALA 2,R,ACTIVITES FOURNIES PRINCIPALEMENT AUX ENTREPRISES,0.0
5.0,20580.0,0.0,9.0,0.0,0.0,0.0,1,CENTRE DIV IMPOTS DE DOUALA 2,R,ACTIVITES FOURNIES PRINCIPALEMENT AUX ENTREPRISES,0.0
0.0,80176.0,0.0,109.0,0.0,0.0,0.0,1,CENTRE DIV IMPOTS DE DOUALA 1,R,ACTIVITES FOURNIES PRINCIPALEMENT AUX ENTREPRISES,0.0
5.0,1649247.0,0.0,106.0,0.0,0.0,0.0,1,CENTRE DIV IMPOTS DE DOUALA 1,R,"GENIE CIVIL CONSTRUCTION ROUTE, PONTS",1.0
0.0,80176.0,0.0,7.0,0.0,0.0,0.0,3,CENTRE DIV IMPOTS DE DOUALA 2,R,ACTIVITES EDUCATIVES,0.0
39.0,54983.0,0.0,51.0,0.0,0.0,0.0,1,CENTRE PRINCIPAL DES IMPOTS DU LITTORAL 1,R,COMMERCE GENERAL,0.0
20.0,0.0,0.0,21.0,0.0,0.0,0.0,1,CENTRE DIV IMPOTS DE DOUALA 1,R,ACTIVITES FOURNIES PRINCIPALEMENT AUX ENTREPRISES,0.0
0.0,80176.0,0.0,25.0,0.0,0.0,0.0,1,CENTRE DIV IMPOTS DE DOUALA 3,R,"BATIMENTS ET TRAVAUX PUBLICS : ENTREPRISES GENERALES DE BATIMENT, ENTREPRISES DE PEINTURE, D?INSTALLATIONS SANITAIRES, D?INSTALLATIONS ELECTRIQUES, DE ZINGUERIE, DE PLOMBERIE, DE VITRERIE ; CONSTRUCTION ET ENTRETIEN DES ROUTES, VOIES FERREES, CANALISATION D?EAU (OUVRAGES D?ART EXCLUS)",1.0
0.0,80176.0,0.0,80.0,0.0,0.0,0.0,1,CENTRE DIV IMPOTS DE DOUALA 3,R,ACTIVITES D'INFORMATION ET DE TELECOMMUNICATIONS,0.0
0.0,80176.0,0.0,9.0,0.0,0.0,0.0,1,CENTRE DIV IMPOTS DE DOUALA 1,R,ACTIVITES FOURNIES PRINCIPALEMENT AUX ENTREPRISES,0.0
7.0,251862.0,0.0,18.0,0.0,0.0,0.0,1,CENTRE DIV IMPOTS DE DOUALA 2,R,"BATIMENTS ET TRAVAUX PUBLICS : ENTREPRISES GENERALES DE BATIMENT, ENTREPRISES DE PEINTURE, D?INSTALLATIONS SANITAIRES, D?INSTALLATIONS ELECTRIQUES, DE ZINGUERIE, DE PLOMBERIE, DE VITRERIE ; CONSTRUCTION ET ENTRETIEN DES ROUTES, VOIES FERREES, CANALISATION D?EAU (OUVRAGES D?ART EXCLUS)",1.0
5.0,727635.0,0.0,20.0,0.0,0.0,0.0,1,CIME CENTRE DIVISIONAIRE DES IMPÔTS DOUALA 2,R,ACTIVITES FOURNIES PRINCIPALEMENT AUX ENTREPRISES,0.0
3.0,-5.0,0.0,11.0,0.0,0.0,0.0,1,CENTRE DIV IMPOTS DE DOUALA 2,R,ACTIVITES FOURNIES PRINCIPALEMENT AUX ENTREPRISES,0.0
0.0,80176.0,0.0,3.0,0.0,0.0,0.0,1,CENTRE DIV IMPOTS DE DOUALA 1,R,COMMERCE DE GROS ET DE DETAIL,1.0
0.0,80176.0,0.0,61.0,0.0,0.0,0.0,1,CENTRE DIV IMPOTS DE DOUALA 1,R,ACTIVITES FOURNIES PRINCIPALEMENT AUX ENTREPRISES,0.0
25.0,754600.0,0.0,148.0,0.0,0.0,0.0,1,CENTRE DIV IMPOTS DE DOUALA 2,R,SERV. FOURN. AUX ENTREPRISES,0.0
0.0,80176.0,0.0,51.0,0.0,0.0,0.0,1,CENTRE DIV IMPOTS DE DOUALA 1,R,ACTIVITES FOURNIES PRINCIPALEMENT AUX ENTREPRISES,0.0
29.0,204284.0,0.0,81.0,0.0,0.0,0.0,1,CENTRE DIV IMPOTS DE DOUALA 2,R,SERV. FOURN. AUX ENTREPRISES,0.0
5.0,355606.0,0.0,71.0,0.0,0.0,0.0,1,CENTRE DIV IMPOTS DE DOUALA 1,R,SERV. FOURN. AUX ENTREPRISES,0.0
0.0,80176.0,0.0,2.0,0.0,0.0,0.0,1,CSPLI CENTRE DIVISIONAIRE DES IMPÔTS DOUALA 1,R,"PROFESSIONS LIBERALES, CABINETS COMPTABLES ET FISCAUX, CONSEILS JURIDIQUES, OFFICIERS MINISTERIELS",0.0
0.0,80176.0,0.0,7.0,0.0,0.0,0.0,1,CENTRE DIV IMPOTS DE DOUALA 1,R,"BATIMENTS ET TRAVAUX PUBLICS : ENTREPRISES GENERALES DE BATIMENT, ENTREPRISES DE PEINTURE, D?INSTALLATIONS SANITAIRES, D?INSTALLATIONS ELECTRIQUES, DE ZINGUERIE, DE PLOMBERIE, DE VITRERIE ; CONSTRUCTION ET ENTRETIEN DES ROUTES, VOIES FERREES, CANALISATION D?EAU (OUVRAGES D?ART EXCLUS)",1.0
5.0,51965.0,0.0,11.0,0.0,0.0,0.0,1,CENTRE DIV IMPOTS DE DOUALA 2,R,ACTIVITES FOURNIES PRINCIPALEMENT AUX ENTREPRISES,0.0
29.0,294325.0,0.0,48.0,0.0,0.0,0.0,1,CENTRE DIV IMPOTS DE DOUALA 1,R,GARAGE,1.0
11.0,7171111.0,0.0,289.0,0.0,0.0,0.0,1,CENTRE DES IMPOTS DES MOYENNES ENTREPRISES DOUALA BONANJO,R,REPARATION AUTOMOBILES,1.0
0.0,80176.0,0.0,10.0,0.0,0.0,0.0,3,CENTRE DIV IMPOTS DE DOUALA 1,R,ENSEIGNEMENT,0.0
0.0,80176.0,0.0,120.0,0.0,0.0,0.0,1,CENTRE DIV IMPOTS DE DOUALA 11,R,ACTIVITES IMMOBILIERES,0.0
11.0,654742.0,0.0,27.0,0.0,0.0,0.0,1,CENTRE DIV IMPOTS DE DOUALA 1,R,"BATIMENTS ET TRAVAUX PUBLICS : ENTREPRISES GENERALES DE BATIMENT, ENTREPRISES DE PEINTURE, D?INSTALLATIONS SANITAIRES, D?INSTALLATIONS ELECTRIQUES, DE ZINGUERIE, DE PLOMBERIE, DE VITRERIE ; CONSTRUCTION ET ENTRETIEN DES ROUTES, VOIES FERREES, CANALISATION D?EAU (OUVRAGES D?ART EXCLUS)",1.0
0.0,80176.0,0.0,98.0,0.0,0.0,0.0,1,CENTRE DIV IMPOTS DE DOUALA 2,R,ACTIVITES FINANCIERES ET D'ASSURANCE,0.0
4.0,952.0,0.0,71.0,0.0,0.0,0.0,9,nan,R,nan,0.0
38.0,39836.0,0.0,326.0,0.0,0.0,0.0,1,CIME CENTRE DIVISIONAIRE DES IMPÔTS DOUALA 1,R,TRANSITAIRE ET AUXILIAIRES DES TRANSPORTS,1.0
3.0,0.0,0.0,12.0,0.0,0.0,0.0,1,CENTRE DIV IMPOTS DE DOUALA 1,R,TRANSPORT ET ENTREPOSAGE,1.0
20.0,9609.0,0.0,22.0,0.0,0.0,0.0,1,CENTRE DIVI DES IMPOTS DE DOUALA 5,R,ACTIVITES FOURNIES PRINCIPALEMENT AUX ENTREPRISES,0.0
6.0,2058.0,0.0,99.0,0.0,0.0,0.0,1,CENTRE DIV IMPOTS DE DOUALA 1,R,AUTRES FABRICATIONS,0.0
4.0,-2.0,0.0,5.0,0.0,0.0,0.0,1,CENTRE DIV IMPOTS DE DOUALA 3,R,ASSISTANCE TECHNOLOGIQUE AUX ENTREPRISES,0.0
0.0,160026.0,2.0,50.0,0.0,0.0,0.0,1,CENTRE DIV IMPOTS DE DOUALA 2,R,CONSTRUCTION,1.0
26.0,180779.0,0.0,268.0,0.0,0.0,0.0,1,CENTRE DIV IMPOTS DE DOUALA 2,R,DETAILLANT COMMERCE GENERAL,0.0
3.0,1029.0,0.0,22.0,0.0,0.0,0.0,9,CENTRE DIV IMPOTS DE DOUALA 1,R,nan,0.0
11.0,2840262.0,0.0,61.0,0.0,0.0,0.0,1,CENTRE DIV IMPOTS DE DOUALA 3,R,AUTRES ENTREPOTS,1.0
3.0,-545.0,0.0,5.0,0.0,0.0,0.0,1,CENTRE DES IMPOTS DES MOYENNES ENTREPRISES DOUALA AKWA 1,R,ACTIVITES FOURNIES PRINCIPALEMENT AUX ENTREPRISES,0.0
0.0,80176.0,0.0,3.0,0.0,0.0,0.0,1,CIME CENTRE DIVISIONAIRE DES IMPÔTS DOUALA 2,R,TRANSPORT ET ENTREPOSAGE,1.0
0.0,80176.0,0.0,50.0,0.0,0.0,0.0,1,CENTRE DES IMPOTS DES MOYENNES ENTREPRISES DOUALA AKWA 2,R,ACTIVITES FOURNIES PRINCIPALEMENT AUX ENTREPRISES,0.0
3.0,-76.0,0.0,18.0,0.0,0.0,0.0,1,CENTRE DIV IMPOTS DE DOUALA 3,R,ACTIVITES IMMOBILIERES,1.0
13.0,260520.0,0.0,22.0,0.0,0.0,0.0,1,CENTRE DIV IMPOTS DE DOUALA 3,R,"AUTRES ACTIVITES FOURNIES A LA COLLECTIVITE, ACTIVITES SOCIALES ET PERSONNELLES",0.0
19.0,10645730.0,0.0,111.0,0.0,0.0,0.0,1,CSPLI CENTRE DIVISIONAIRE DES IMPÔTS DOUALA 1,R,SOINS MEDICAUX d a SERVICES,0.0
3.0,0.0,0.0,19.0,0.0,0.0,0.0,1,CENTRE DIV IMPOTS DE DOUALA 2,R,COMMERCE DE GROS ET DE DETAIL,0.0
3.0,790090.0,0.0,58.0,0.0,0.0,0.0,1,CENTRE DIV IMPOTS DE DOUALA 13,R,BATIMENT ET TRAVAUX PUBLICS,1.0
3.0,-275.0,0.0,8.0,0.0,0.0,0.0,1,CENTRE DIV IMPOTS DE DOUALA 1,R,ACTIVITES FOURNIES PRINCIPALEMENT AUX ENTREPRISES,0.0
8.0,25074262.0,0.0,615.0,0.0,0.0,0.0,1,CENTRE DIV DES IMPOTS DE YAOUNDE 1,R,ACTIVITES FINANCIERES ET D'ASSURANCE,0.0
30.0,71442.0,0.0,55.0,0.0,0.0,0.0,1,CENTRE PRINCIPAL DES IMPOTS DU LITTORAL 1,R,COMMERCE GENERAL,0.0
5.0,4707.0,0.0,14.0,0.0,0.0,0.0,1,CENTRE DIV IMPOTS DE DOUALA 1,R,PRODUCTION DE CAOUTCHOUC ET FABRICATION D'ARTICLES EN CAOUTCHOUC ET MATIERES PLASTIQUES,1.0
0.0,80176.0,0.0,2.0,0.0,0.0,0.0,1,CENTRE DIV IMPOTS DE DOUALA 2,R,ASSOCIATIONS SPORTIVES,0.0
0.0,80176.0,0.0,5.0,0.0,0.0,0.0,1,CENTRE DIV IMPOTS DE DOUALA 1,R,ACTIVITES FOURNIES PRINCIPALEMENT AUX ENTREPRISES,0.0
0.0,80176.0,0.0,45.0,0.0,0.0,0.0,1,CENTRE DIV IMPOTS DE DOUALA 1,R,TRANSITAIRES ET AGREES EN DOUANE,1.0
3.0,-1152.0,0.0,5.0,0.0,0.0,0.0,1,CENTRE DIV IMPOTS DE DOUALA 1,R,ACTIVITES FOURNIES PRINCIPALEMENT AUX ENTREPRISES,0.0
4.0,16530.0,0.0,48.0,0.0,0.0,0.0,1,CENTRE DIV IMPOTS DE DOUALA 1,R,COMMERCE GENERAL,0.0
0.0,80176.0,0.0,76.0,0.0,0.0,0.0,1,CENTRE DIV IMPOTS DE DOUALA 1,R,ACTIVITES FOURNIES PRINCIPALEMENT AUX ENTREPRISES,0.0
3.0,1682261.0,0.0,49.0,0.0,0.0,0.0,1,CENTRE DIV IMPOTS DE DOUALA 2,R,ASSURANCES,0.0
0.0,80176.0,0.0,13.0,0.0,0.0,0.0,1,CENTRE DIV IMPOTS DE DOUALA 1,R,"BATIMENTS ET TRAVAUX PUBLICS : ENTREPRISES GENERALES DE BATIMENT, ENTREPRISES DE PEINTURE, D?INSTALLATIONS SANITAIRES, D?INSTALLATIONS ELECTRIQUES, DE ZINGUERIE, DE PLOMBERIE, DE VITRERIE ; CONSTRUCTION ET ENTRETIEN DES ROUTES, VOIES FERREES, CANALISATION D?EAU (OUVRAGES D?ART EXCLUS)",1.0
3.0,14238.0,0.0,144.0,0.0,0.0,0.0,1,CENTRE DIV IMPOTS DE DOUALA 10,R,SERV. FOURN. AUX PARTICULIERS m,0.0
0.0,80176.0,0.0,8.0,0.0,0.0,0.0,1,CENTRE DIV IMPOTS DE DOUALA 1,R,ACTIVITES FOURNIES PRINCIPALEMENT AUX ENTREPRISES,0.0
0.0,80176.0,2.0,50.0,0.0,0.0,0.0,1,CENTRE DIV IMPOTS DE DOUALA 2,R,TRANSITAIRES ET AGREES EN DOUANE,1.0
15.0,0.0,0.0,18.0,0.0,0.0,0.0,1,CENTRE DIV IMPOTS DE DOUALA 2,R,TRANSPORTS ROUTIERS DE MARCHANDISES OU DE VOYAGEURS,1.0
0.0,80176.0,0.0,87.0,0.0,0.0,0.0,2,CENTRE DIV IMPOTS DE DOUALA 3,R,"AGRICULTURE ET ENTREPRISES AGRO-PASTORALES, HORTICULTURE, SYLVICULTURE",0.0
22.0,1819027.0,0.0,58.0,0.0,0.0,0.0,1,CENTRE DIV IMPOTS DE DOUALA 1,R,AUXILIAIRES DES TRANSPORTS AERIENS,0.0
3.0,10740.0,0.0,4.0,0.0,0.0,0.0,1,CENTRE DIV IMPOTS DE DOUALA 2,R,ENTREPRISES DE GARDIENNAGE ET DE SURVEILLANCE ;,1.0
0.0,80176.0,0.0,123.0,0.0,0.0,0.0,1,CENTRE DES IMPOTS DES MOYENNES ENTREPRISES DOUALA BONANJO,R,"HOTELS, RESTAURANTS, CAFES, BARS ET DANCING",0.0
16.0,401297.0,0.0,25.0,0.0,0.0,0.0,1,CENTRE DIV IMPOTS DE DOUALA 2,R,ACTIVITES FINANCIERES ET D'ASSURANCE,0.0
6.0,3252794.0,0.0,85.0,0.0,0.0,0.0,1,CENTRE DIV IMPOTS DE DOUALA 4,R,TRANSPORTS PAR CAMIONS,1.0
25.0,619161.0,0.0,144.0,0.0,0.0,0.0,1,CENTRE DIV IMPOTS DE DOUALA 1,R,"TRANSPORT AERIEN, SECURITE ET NAVIGATION AERIENNES",0.0
18.0,128824.0,0.0,68.0,0.0,0.0,0.0,1,CENTRE DES IMPOTS DES MOYENNES ENTREPRISES DOUALA AKWA 1,R,COMMUNICATIONS,1.0
0.0,80176.0,0.0,33.0,0.0,0.0,0.0,1,CENTRE DIV IMPOTS DE DOUALA 1,R,ACTIVITES FOURNIES PRINCIPALEMENT AUX ENTREPRISES,0.0
15.0,84175.0,0.0,90.0,0.0,0.0,0.0,1,CENTRE DIV IMPOTS DE DOUALA 2,R,FABRICATION INDUSTRIELLE OBJET PLASTIQUE,1.0
3.0,2709.0,0.0,29.0,0.0,0.0,0.0,1,CENTRE DIV IMPOTS DE DOUALA 1,R,ACTIVITES FOURNIES PRINCIPALEMENT AUX ENTREPRISES,0.0
10.0,22628.0,0.0,157.0,0.0,0.0,0.0,1,CENTRE DIV IMPOTS DE DOUALA 3,R,TRAVAUX ANNEXES DU BATIMENT,1.0
0.0,80176.0,0.0,3.0,0.0,0.0,0.0,1,CENTRE DIV IMPOTS DE DOUALA 1,R,ACTIVITES FOURNIES PRINCIPALEMENT AUX ENTREPRISES,0.0
7.0,1013774.0,0.0,26.0,0.0,0.0,0.0,1,CENTRE DIV IMPOTS DE DOUALA 1,R,EXTRACTION DE MINERAIS,0.0
3.0,-380.0,0.0,30.0,0.0,0.0,0.0,1,CENTRE DIV IMPOTS DE DOUALA 2,R,COMMERCE DE GROS ET DE DETAIL,1.0
5.0,0.0,0.0,6.0,0.0,0.0,0.0,1,CSPLI CENTRE DIVISIONAIRE DES IMPÔTS DOUALA 1,R,ACTIVITES FOURNIES PRINCIPALEMENT AUX ENTREPRISES,0.0
14.0,69580.0,0.0,61.0,0.0,0.0,0.0,1,CENTRE DIV IMPOTS DE DOUALA 10,R,SERV. FOURN. AUX ENTREPRISES,1.0
25.0,1980070.0,0.0,219.0,0.0,0.0,0.0,1,CENTRE DIV IMPOTS DE DOUALA 3,R,TRANSITAIRES ET AGREES EN DOUANE,1.0
105.0,773884.0,0.0,501.0,0.0,0.0,0.0,1,nan,R,CONSEIL JURIDIQUE,0.0
9.0,0.0,0.0,10.0,0.0,0.0,0.0,1,CENTRE DIV IMPOTS DE DOUALA 3,R,ACTIVITES FOURNIES PRINCIPALEMENT AUX ENTREPRISES,0.0
0.0,80176.0,2.0,0.0,0.0,0.0,0.0,1,CENTRE DES IMPOTS DES MOYENNES ENTREPRISES DOUALA AKWA 1,R,"BATIMENTS ET TRAVAUX PUBLICS : ENTREPRISES GENERALES DE BATIMENT, ENTREPRISES DE PEINTURE, D?INSTALLATIONS SANITAIRES, D?INSTALLATIONS ELECTRIQUES, DE ZINGUERIE, DE PLOMBERIE, DE VITRERIE ; CONSTRUCTION ET ENTRETIEN DES ROUTES, VOIES FERREES, CANALISATION D?EAU (OUVRAGES D?ART EXCLUS)",1.0
9.0,623316.0,0.0,20.0,0.0,0.0,0.0,1,CENTRE DIV IMPOTS DE DOUALA 1,R,ACTIVITES FOURNIES PRINCIPALEMENT AUX ENTREPRISES,0.0
11.0,33408.0,0.0,16.0,0.0,0.0,0.0,1,CENTRE DIVI DES IMPOTS DE DOUALA 5,R,TRANSPORTS ROUTIERS DE MARCHANDISES OU DE VOYAGEURS,1.0
25.0,112504.0,0.0,32.0,0.0,0.0,0.0,1,CENTRE DIV IMPOTS DE DOUALA 1,R,COMMERCE GENERAL,0.0
0.0,80176.0,2.0,0.0,0.0,0.0,0.0,1,CENTRE DIV IMPOTS DE DOUALA 2,R,TRANSITAIRES ET AGREES EN DOUANE,1.0
26.0,919809.0,0.0,74.0,0.0,0.0,0.0,1,CENTRE DIV IMPOTS DE DOUALA 1,R,BATIMENT ET TRAVAUX PUBLICS,1.0
3.0,183478.0,0.0,15.0,0.0,0.0,0.0,1,CENTRE DIV IMPOTS DE DOUALA 2,R,"PROFESSIONS LIBERALES, CABINETS COMPTABLES ET FISCAUX, CONSEILS JURIDIQUES, OFFICIERS MINISTERIELS",0.0
26.0,18646.0,0.0,44.0,0.0,0.0,0.0,1,CENTRE DIV IMPOTS DE DOUALA 1,R,TRANSPORTS URBAINS,1.0
5.0,386497.0,0.0,43.0,0.0,0.0,0.0,1,CENTRE DIV IMPOTS DE DOUALA 1,R,COMMERCE DE GROS ET DE DETAIL,0.0
14.0,125146.0,0.0,71.0,0.0,0.0,0.0,1,CENTRE DIV IMPOTS DE DOUALA 1,R,SERV. FOURN. AUX ENTREPRISES,1.0
0.0,80176.0,0.0,4.0,0.0,0.0,0.0,1,CENTRE DIV IMPOTS DE DOUALA 3,R,COMMERCE DE GROS ET DE DETAIL,1.0
7.0,3112679.0,0.0,119.0,0.0,0.0,0.0,1,CENTRE DIV IMPOTS DE DOUALA 3,R,TRANSPORT N.C.A,1.0
16.0,36524.0,0.0,24.0,0.0,0.0,0.0,1,CENTRE DIV IMPOTS DE DOUALA 1,R,AGENCES DE VOYAGE,0.0
3.0,-41.0,0.0,4.0,0.0,0.0,0.0,1,CENTRE DIV IMPOTS DE DOUALA 1,R,ACTIVITES FOURNIES PRINCIPALEMENT AUX ENTREPRISES,0.0
0.0,80176.0,2.0,50.0,0.0,0.0,0.0,1,CENTRE DIV IMPOTS DE DOUALA 1,R,"ASSOCIATIONS PROFESSIONNELLES, SYNDICATS PROFESSIONNELS, CHAMBRES CONSULAIRES, PARTIS POLITIQUES",0.0
